S.No,Project Code,Project Name,Agency,Ministry,Sector,State,Date of Approval,Start Date,Original/Target DoC,Revised DoC,Actual Date of Completion,Original Cost (Rs. Crore),Revised Cost (Rs. Crore),Cumulative Expenditure (Rs. Crore),Physical Progress (%),Date of Approval_dt,Start Date_dt,Original/Target DoC_dt,Revised DoC_dt,Actual Date of Completion_dt,Cost_Overrun_Ratio,Original_Duration_Months,Revised_Duration_Months,Delay_Months,Actual_Duration_Months,Actual_Delay_Months,Expenditure_Ratio,Approval_Year,Cost_Per_Progress,Is_Large_Project,Budget_Utilization,Risk_Level
1,108841,"Amended BharatNet Program - KTK, GOA, PY",Department of Telecommunications,Department of Telecommunications,Telecommunication,PAN India,08/2023,06/2025,06/2028,-,,3742.0,3742.0,435.31,8.15,2023-08-01,2025-06-01,2028-06-01,,,0.0,36.00525624178712,,0.0,,0.0,0.11633083912346338,2023,459.1411042944785,1,0.11633083912346338,LOW
2,120250,"Delhi-Amritsar-Katra Expressway Phase-I Pkg-IV from Junction with Jind-Karnal
road NH-709A near Alewa village to Junction with Ambala-Kaithal-Hissar road
NH-152 near Kharak Pandwa village Km 91400 to Km",Unknown,Ministry of Road Transport & Highways,Roads & Highways,Haryana,01/2021,12/2021,11/2025,,12/2023,1306.95,1578.66,1098.84,100.0,2021-01-01,2021-12-01,2025-11-01,,2023-12-01,0.20789624698726045,47.010512483574246,,0.0,23.98160315374507,-23.028909329829176,0.6960586826802477,2021,13.0695,1,0.8407666704923676,LOW
3,124199,Amended BharatNet Program - HR,Department of Telecommunications,Department of Telecommunications,Telecommunication,PAN India,08/2023,03/2026,03/2029,-,,837.0,837.0,83.68,0.0,2023-08-01,2026-03-01,2029-03-01,,,0.0,36.00525624178712,,0.0,,0.0,0.09997610513739547,2023,837.0,0,0.09997610513739547,LOW
4,162126,"Khammam-Devarapalle Pkg V [4L Access Controlled Greenfield from
Gurvaygudem village to Devarapalle village Design Chainage 132664 to",Unknown,Ministry of Road Transport & Highways,Roads & Highways,Andhra Pradesh,12/2020,09/2022,09/2024,05/2026,05/2026,711.94,926.48,591.01,100.0,2020-12-01,2022-09-01,2024-09-01,2026-05-01,2026-05-01,0.3013456190128381,24.014454664914584,43.95532194480946,19.940867279894878,43.95532194480946,19.940867279894878,0.6379090752093947,2020,7.119400000000001,0,0.8301401803522768,MEDIUM
5,171218,Amended BharatNet Program - PB,Department of Telecommunications,Department of Telecommunications,Telecommunication,PAN India,08/2023,02/2025,02/2028,-,,1245.0,1245.0,0.0,26.58,2023-08-01,2025-02-01,2028-02-01,,,0.0,35.972404730617605,,0.0,,0.0,0.0,2023,46.83972911963883,1,0.0,LOW
6,175860,"Amended BharatNet Program - MP, DD and DNH",Department of Telecommunications,Department of Telecommunications,Telecommunication,PAN India,06/2023,05/2025,05/2028,-,,4943.0,4943.0,562.13,8.4,2023-06-01,2025-05-01,2028-05-01,,,0.0,36.00525624178712,,0.0,,0.0,0.11372243576775237,2023,588.452380952381,1,0.11372243576775237,LOW
7,210914,Amended BharatNet Program - WB & ANI,Department of Telecommunications,Department of Telecommunications,Telecommunication,PAN India,08/2023,02/2025,02/2028,-,,1674.0,1674.0,223.41,15.13,2023-08-01,2025-02-01,2028-02-01,,,0.0,35.972404730617605,,0.0,,0.0,0.13345878136200717,2023,110.64111037673496,1,0.13345878136200717,LOW
8,222253,Amended BharatNet Program - UP (East),Department of Telecommunications,Department of Telecommunications,Telecommunication,Uttar Pradesh,08/2023,02/2025,02/2028,-,,5008.0,5008.0,502.0,7.65,2023-08-01,2025-02-01,2028-02-01,,,0.0,35.972404730617605,,0.0,,0.0,0.10023961661341853,2023,654.6405228758169,1,0.10023961661341853,LOW
9,225770,"Delhi-Amritsar-Katra Expressway Phase-I Pkg-VII from Junction with Patiala-
Bathinda road NH-7 near Bhawanigarh to Junction with Ludhiana-Malerhkotla
SH-11 near Bhogiwal village Km 188830 to km",Unknown,Ministry of Road Transport & Highways,Roads & Highways,Punjab,12/2020,07/2022,02/2026,,07/2024,1759.82,1774.32,1695.83,100.0,2020-12-01,2022-07-01,2026-02-01,,2024-07-01,0.008239479037628849,43.068331143232584,,0.0,24.014454664914584,-19.053876478318,0.9557633346859642,2020,17.5982,1,0.9636383266470434,LOW
10,234567,Rehabilitation and Up-gradation from Km 170700 Bhadrachalam to Km,Unknown,Ministry of Road Transport & Highways,Roads & Highways,Andhra Pradesh,12/2021,09/2022,04/2026,,09/2024,436.09,436.09,240.15,100.0,2021-12-01,2022-09-01,2026-04-01,,2024-09-01,0.0,42.96977660972404,,0.0,24.014454664914584,-18.95532194480946,0.5506890779426266,2021,4.3609,0,0.5506890779426266,LOW
11,240484,Amended BharatNet Program - AS,Department of Telecommunications,Department of Telecommunications,Telecommunication,Assam,08/2023,03/2026,03/2029,-,,832.0,832.0,83.16,0.0,2023-08-01,2026-03-01,2029-03-01,,,0.0,36.00525624178712,,0.0,,0.0,0.09995192307692308,2023,832.0,0,0.09995192307692308,LOW
12,245986,Jaipur Metro Rail Project Phase 2 (Prahladpura to Todi Mod),Jaipur Metro Rail Corporation,Ministry of Housing & Urban Affairs,Urban Public Transport,Rajasthan,04/2026,04/2026,10/2031,-,,13037.66,13037.66,1.79,1.79,2026-04-01,2026-04-01,2031-10-01,,,0.0,65.99868593955321,,0.0,,0.0,0.0001372945758671418,2026,7283.608938547486,1,0.0001372945758671418,LOW
13,298178,"Meja Thermal Power Project, Stage-II , (3x800 MW)",National Thermal Power Corporation [NTPC],Ministry of Power,Electricity Generation,Uttar Pradesh,06/2026,06/2026,12/2032,-,,38358.0,38358.0,1002.73,0.02,2026-06-01,2026-06-01,2032-12-01,,,0.0,78.02233902759527,,0.0,,0.0,0.026141352520986497,2026,1917900.0,1,0.026141352520986497,LOW
14,317725,Amended BharatNet Program - OD,Department of Telecommunications,Department of Telecommunications,Telecommunication,PAN India,08/2023,07/2026,07/2029,-,,1713.0,1713.0,0.0,0.0,2023-08-01,2026-07-01,2029-07-01,,,0.0,36.00525624178712,,0.0,,0.0,0.0,2023,1713.0,1,0.0,LOW
15,364934,"Stamp Charge Battery No.12 By-product Plant at IISCO Steel Plant
(Steel Authority of India Limited (SAIL))",Unknown,Ministry of Steel,Steel,West Bengal,01/2025,02/2025,07/2028,-,,999.46,999.46,70.37,18.72,2025-01-01,2025-02-01,2028-07-01,,,0.0,40.93298291721419,,0.0,,0.0,0.07040802033097873,2025,53.38995726495727,0,0.07040802033097873,LOW
16,400005,Transmission Network Expansion in Gujarat to increase its ATC from ISTS Part B,Power Grid Corporation of India Limited [POWERGRID],Ministry of Power,Transmission & Distribution,"Multi-States (Dadra &
Nagar Haveli and
Daman & Diu, Gujarat,
Maharashtra)",01/2022,07/2022,06/2023,05/2026,05/2026,4546.26,4546.26,4546.26,100.0,2022-01-01,2022-07-01,2023-06-01,2026-05-01,2026-05-01,0.0,11.005256241787121,45.992115637319316,34.98685939553219,45.992115637319316,34.98685939553219,1.0,2022,45.4626,1,1.0,MEDIUM
17,400006,"Jharsuguda-Barpali-Sardega Ph II Works- Rail Connectivity for Coal Loading Bulb at
Barpali",South Eastern Railway [SER] - I,Ministry of Railways,Railways,Odisha,10/2021,10/2021,10/2025,12/2026,,808.99,808.99,743.46,44.0,2021-10-01,2021-10-01,2025-10-01,2026-12-01,,0.0,47.99605781865966,61.990801576872535,13.994743758212877,,13.994743758212877,0.9189977626423071,2021,18.386136363636364,0,0.9189977626423071,LOW
18,400010,"Construction of Terminal Building & Associated works at Leh Airport, Ladakh",Airport Authority of India [AAI],Ministry of Civil Aviation,Aviation & Aviation Infrastructure,Ladakh,07/2018,09/2018,09/2021,07/2026,,480.0,640.0,512.55,88.0,2018-07-01,2018-09-01,2021-09-01,2026-07-01,,0.3333333333333333,36.00525624178712,93.95532194480946,57.95006570302233,,57.95006570302233,0.8008593749999999,2018,5.454545454545454,0,1.0678124999999998,MEDIUM-HIGH
19,400012,Kandla Gorakhpur LPG Pipeline,Indian Oil Corporation Limited [IOCL],Ministry of Petroleum & Natural Gas,Energy Storage,Uttar Pradesh,12/2018,12/2018,12/2021,10/2026,,10088.0,10088.0,8504.21,96.0,2018-12-01,2018-12-01,2021-12-01,2026-10-01,,0.0,36.00525624178712,93.98817345597897,57.98291721419184,,57.98291721419184,0.8430025773195875,2018,105.08333333333333,1,0.8430025773195875,MEDIUM
20,400013,Saturation 4G mobile coverage of Uncovered Villages through USOF,Department of Telecommunications [DoT],Department of Telecommunications,Telecommunication,"Multi-States (Arunachal
Pradesh, Meghalaya,
Sikkim, Mizoram,
Assam, Nagaland,
Manipur, Tripura)",07/2022,07/2022,06/2024,03/2027,,26316.0,15392.8,8722.82,87.7,2022-07-01,2022-07-01,2024-06-01,2027-03-01,,-0.415078279373765,23.028909329829172,55.97897503285151,32.95006570302233,,32.95006570302233,0.5666818252689569,2022,300.06841505131126,1,0.3314645082839337,MEDIUM
21,400018,HURA C OCP,Eastern Coal Fields Limited [ECL],Ministry of Coal,Coal,Jharkhand,08/2022,08/2022,03/2029,-,,859.41,859.41,455.95,63.3,2022-08-01,2022-08-01,2029-03-01,,,0.0,78.97503285151117,,0.0,,0.0,0.5305383926181916,2022,13.576777251184835,0,0.5305383926181916,LOW
22,400019,DHULE [BORVIHIR] - NARDANA NEW LINE [50.60 KMS],Central Railway,Ministry of Railways,Railways,Maharashtra,01/2019,04/2023,12/2026,09/2027,,492.76,1170.83,560.32,38.0,2019-01-01,2023-04-01,2026-12-01,2027-09-01,,1.3760654273885866,44.021024967148485,53.022339027595265,9.00131406044678,,9.00131406044678,0.4785664870220272,2019,12.967368421052631,0,1.1371052845198475,MEDIUM
23,400022,Taranga Hill-Abu Road via Ambaji 116.65 km,CAOC/NWR NWR mor,Ministry of Railways,Railways,"Multi-States
(Gujarat,
Rajasthan)",07/2022,05/2023,07/2030,07/2030,,2798.0,3198.16,1953.58,48.0,2022-07-01,2023-05-01,2030-07-01,2030-07-01,,0.1430164403145103,86.00525624178712,86.00525624178712,0.0,,0.0,0.6108449858668734,2022,58.291666666666664,1,0.6982058613295211,LOW
24,400023,Construction of New BG line between Hassan to Belur [27 Km],South Western Railway [SWR] - II,Ministry of Railways,Railways,Karnataka,03/2019,12/2025,04/2028,03/2030,,749.0,749.0,3.43,0.5,2019-03-01,2025-12-01,2028-04-01,2030-03-01,,0.0,27.989487516425754,50.9526938239159,22.963206307490147,,22.963206307490147,0.004579439252336449,2019,1498.0,0,0.004579439252336449,LOW
25,400033,BHATADI EXPANSION OC,WCL - CIL,Ministry of Coal,Coal,Maharashtra,02/2020,05/2022,03/2028,-,,580.61,580.61,112.17,34.25,2020-02-01,2022-05-01,2028-03-01,,,0.0,70.0065703022339,,0.0,,0.0,0.19319336559825012,2020,16.952116788321167,0,0.19319336559825012,LOW
26,400035,"Grass Root Rail-fed Depot at Sekerkote, Agartala as resitement of existing
Dharmanagar Depot",Indian Oil Corporation Limited [IOCL],Ministry of Petroleum & Natural Gas,Energy Storage,Tripura,06/2022,06/2022,06/2026,,09/2025,656.0,656.0,546.57,100.0,2022-06-01,2022-06-01,2026-06-01,,2025-09-01,0.0,47.99605781865966,,0.0,39.02759526938239,-8.96846254927727,0.8331859756097562,2022,6.56,0,0.8331859756097562,LOW
27,400043,"Laying of POL Pipelines in Common Corridor for proposed grass root terminal at
Vallur [Chennai]",MinistryofPetroleumNaturalGas,Ministry of Petroleum & Natural Gas,Energy Storage,Tamil Nadu,01/2022,01/2022,05/2026,03/2027,,829.0,829.0,382.47,81.0,2022-01-01,2022-01-01,2026-05-01,2027-03-01,,0.0,51.93823915900131,61.925098554533506,9.986859395532193,,9.986859395532193,0.4613630880579011,2022,10.234567901234568,0,0.4613630880579011,LOW
28,400045,"Proposed 6 nos Road Over Bridge [ROB] at different locations under MCL Talcher
Under Deposit Scheme",East Coast Railway [ECoR] - II,Ministry of Railways,Railways,Odisha,08/2022,07/2022,03/2025,01/2025,,168.32,168.32,69.85,82.0,2022-08-01,2022-07-01,2025-03-01,2025-01-01,,0.0,31.99737187910644,30.059132720105122,-1.9382391590013164,,-1.9382391590013164,0.4149833650190114,2022,2.0526829268292683,0,0.4149833650190114,LOW
29,400047,"Doubling of Lingaraj SILO connectivity of NTPC line and augmentation of NTPC
exchange yard and NTPC Block Cabin",East Coast Railway [ECoR] - II,Ministry of Railways,Railways,Odisha,08/2022,06/2022,12/2024,12/2026,,210.0,210.0,41.17,53.0,2022-08-01,2022-06-01,2024-12-01,2026-12-01,,0.0,30.02628120893561,54.007884362680684,23.981603153745073,,23.981603153745073,0.19604761904761905,2022,3.9622641509433962,0,0.19604761904761905,LOW
30,400048,Doubling of lines connecting the loading spurs in Talcher Yard,East Coast Railway [ECoR] - II,Ministry of Railways,Railways,Odisha,09/2022,06/2022,12/2024,06/2027,,186.21,186.21,105.07,88.0,2022-09-01,2022-06-01,2024-12-01,2027-06-01,,0.0,30.02628120893561,59.98685939553219,29.96057818659658,,29.96057818659658,0.5642554105579721,2022,2.1160227272727274,0,0.5642554105579721,MEDIUM
31,400062,"Raghunathpur Thermal Power Station Phase II [2X660 MW] at Raghunathpur, Purulia,
West Bengal",Damodar Valley Corporation,Ministry of Power,Electricity Generation,West Bengal,01/2023,02/2025,08/2029,-,,17673.0,17673.0,2268.62,13.0,2023-01-01,2025-02-01,2029-08-01,,,0.0,53.942181340341655,,0.0,,0.0,0.128366434674362,2023,1359.4615384615386,1,0.128366434674362,LOW
32,400065,"Installation of 4th Slab Caster along with its Auxiliaries and a New Ladle Furnace
in SMS-II at Rourkela Steel Plant",Steel Authority of India Limited [SAIL],Ministry of Steel,Steel,Odisha,01/2022,02/2022,09/2025,,05/2025,1105.23,1105.23,809.53,100.0,2022-01-01,2022-02-01,2025-09-01,,2025-05-01,0.0,42.96977660972404,,0.0,38.92904073587385,-4.0407358738501955,0.732453878378256,2022,11.0523,1,0.732453878378256,LOW
33,400073,KONAR EXPANSION OCP,CCL - CIL,Ministry of Coal,Coal,Jharkhand,01/2022,01/2022,03/2032,-,,674.65,674.65,175.59,50.78,2022-01-01,2022-01-01,2032-03-01,,,0.0,121.94480946123521,,0.0,,0.0,0.2602682872600608,2022,13.28574241827491,0,0.2602682872600608,LOW
34,400074,KARO EXPANSION OCP,CCL - CIL,Ministry of Coal,Coal,Jharkhand,01/2022,01/2022,03/2029,-,,849.31,849.31,237.61,23.28,2022-01-01,2022-01-01,2029-03-01,,,0.0,85.93955321944809,,0.0,,0.0,0.27976828248813745,2022,36.4823883161512,0,0.27976828248813745,LOW
35,400077,"Grass root POL Terminal at Vallur, Chennai",Indian Oil Corporation Limited [IOCL],Ministry of Petroleum & Natural Gas,Energy Storage,Tamil Nadu,01/2022,01/2022,12/2024,03/2026,03/2026,827.0,887.71,661.1,100.0,2022-01-01,2022-01-01,2024-12-01,2026-03-01,2026-03-01,0.07340991535671104,34.98685939553219,49.93429697766097,14.947437582128778,49.93429697766097,14.947437582128778,0.7447251917856057,2022,8.27,0,0.7993954050785974,LOW
36,400078,New Mundra Panipat Crude Oil Pipeline,Indian Oil Corporation Limited [IOCL],Ministry of Petroleum & Natural Gas,Energy Storage,Rajasthan,12/2021,12/2021,12/2024,07/2026,07/2026,9028.0,9028.0,7554.56,100.0,2021-12-01,2021-12-01,2024-12-01,2026-07-01,2026-07-01,0.0,36.00525624178712,54.96057818659658,18.955321944809455,54.96057818659658,18.955321944809455,0.8367922020381037,2021,90.28,1,0.8367922020381037,LOW
37,400081,"National Sports University [NSU], Imphal [Manipur]",Department of Sports & Youth Affairs,Department of Sports,Education,Manipur,06/2022,01/2022,08/2024,08/2026,,906.47,611.74,577.32,97.5,2022-06-01,2022-01-01,2024-08-01,2026-08-01,,-0.32514037971471754,30.97897503285151,54.96057818659658,23.98160315374507,,23.98160315374507,0.9437342661915193,2022,9.297128205128205,0,0.6368881485322184,LOW
38,400087,Redevelopment of Sobhasan Complex,Oil and Natural Gas Corporation Limited [ONGC],Ministry of Petroleum & Natural Gas,Oil & Gas,Gujarat,08/2021,08/2021,03/2027,-,,885.63,1347.61,1062.32,95.6,2021-08-01,2021-08-01,2027-03-01,,,0.5216399625125616,66.95137976346912,,0.0,,0.0,0.7882992854015628,2021,9.263912133891214,0,1.199507695087113,MEDIUM
39,400093,Saryu Nahar CADWM Project,Irrigation & Water Resources-UP,"Department of Water Resources, River Development & GR",Water Resources,Uttar Pradesh,04/2017,04/2017,12/2019,03/2026,,1672.7,1672.7,22.24,1.76,2017-04-01,2017-04-01,2019-12-01,2026-03-01,,0.0,31.99737187910644,106.96452036793693,74.96714848883049,,74.96714848883049,0.013295868954385125,2017,950.3977272727273,1,0.013295868954385125,MEDIUM
40,400094,J. ChokhaRao LIS CADWM Project,Irrigation and CAD-TG,Department of Telecommunications,Telecommunication,Telangana,04/2016,,12/2019,03/2023,,759.94,13445.4,0.0,0.0,2016-04-01,,2019-12-01,2023-03-01,,16.692712582572305,,,0.0,,0.0,0.0,2016,759.94,0,0.0,MEDIUM
41,400095,Gosikhurd CADWM Project,Department of water resources-MH - II,"Department of Water Resources, River Development & GR",Water Resources,Maharashtra,04/2017,04/2017,12/2019,06/2026,,743.73,743.73,459.06,53.93,2017-04-01,2017-04-01,2019-12-01,2026-06-01,,0.0,31.99737187910644,109.98685939553219,77.98948751642575,,77.98948751642575,0.6172401274656125,2017,13.790654552197294,0,0.6172401274656125,MEDIUM
42,400096,Omkareshwar CADWM Project,Water resource-mp,"Department of Water Resources, River Development & GR",Water Resources,Madhya Pradesh,04/2017,04/2017,12/2019,06/2027,,648.09,648.09,208.06,49.78,2017-04-01,2017-04-01,2019-12-01,2027-06-01,,0.0,31.99737187910644,121.97766097240472,89.98028909329828,,89.98028909329828,0.3210356586276597,2017,13.01908396946565,0,0.3210356586276597,MEDIUM
43,400097,Sardar Sarovar CADWM Project,"Narmada and Water Resources, Water Supply and Kalpsar Department-GJ","Department of Water Resources, River Development & GR",Water Resources,Gujarat,04/2017,04/2017,12/2019,03/2026,,5021.76,6670.31,4956.98,90.3,2017-04-01,2017-04-01,2019-12-01,2026-03-01,,0.32828131969668006,31.99737187910644,106.96452036793693,74.96714848883049,,74.96714848883049,0.7431408735126253,2017,55.61196013289037,1,0.9871001401898934,MEDIUM-HIGH
44,400100,Sardar Gouthu Latchanna Thotapalli Barrage Project,Water Resources-AP,"Department of Water Resources, River Development & GR",Water Resources,Andhra Pradesh,04/2005,01/2006,12/2019,06/2026,,353.05,1023.24,879.15,95.88,2005-04-01,2006-01-01,2019-12-01,2026-06-01,,1.898286361705141,166.9513797634691,244.94086727989486,77.98948751642575,,77.98948751642575,0.8591825964583089,2005,3.682206925323321,0,2.490157201529528,HIGH
45,400101,Gundlakamma project,Water Resources-AP,"Department of Water Resources, River Development & GR",Water Resources,Andhra Pradesh,04/2005,04/2005,12/2019,03/2027,,397.41,697.39,624.78,98.3,2005-04-01,2005-04-01,2019-12-01,2027-03-01,,0.7548375732870334,175.98554533508542,262.94349540078844,86.95795006570302,,86.95795006570302,0.8958832217267239,2005,4.042828077314344,0,1.5721295387634935,HIGH
46,400102,Sri Ram Sagar Project Stage - II,Irrigation and CAD-TG,"Department of Water Resources, River Development & GR",Water Resources,Telangana,04/1996,04/2005,12/2019,12/2025,,736.13,949.87,971.47,97.0,1996-04-01,2005-04-01,2019-12-01,2025-12-01,,0.2903563229320908,175.98554533508542,247.99605781865964,72.01051248357422,,72.01051248357422,1.0227399538884268,1996,7.588969072164948,0,1.3196989662152065,MEDIUM-HIGH
47,400103,Indiramma Flood Flow Canal Project,Irrigation and CAD-TG,"Department of Water Resources, River Development & GR",Water Resources,Telangana,04/1996,01/2006,12/2019,12/2026,,1331.3,5940.09,4491.08,92.0,1996-04-01,2006-01-01,2019-12-01,2026-12-01,,3.461871854578232,166.9513797634691,250.9526938239159,84.00131406044679,,84.00131406044679,0.7560626185798531,1996,14.470652173913043,1,3.373454518140164,HIGH
48,400104,Punpun Barrage Project,Water Resources-BR,"Department of Water Resources, River Development & GR",Water Resources,Bihar,04/2007,04/2007,12/2019,03/2026,,571.07,658.12,447.68,44.5,2007-04-01,2007-04-01,2019-12-01,2026-03-01,,0.15243315180275613,152.00394218134034,226.9710906701708,74.96714848883047,,74.96714848883047,0.6802406855892542,2007,12.83303370786517,0,0.783931917278092,MEDIUM
49,400105,Urmodi Irrigation Project,Department of water resources-MH - II,"Department of Water Resources, River Development & GR",Water Resources,Maharashtra,04/2017,04/2018,06/2022,12/2026,,580.79,895.81,713.46,76.22,2017-04-01,2018-04-01,2022-06-01,2026-12-01,,0.5423991459908056,50.0,104.00788436268068,54.007884362680684,,54.007884362680684,0.7964412096315068,2017,7.619916032537391,0,1.2284302415675203,HIGH
50,400107,Sulwade-Jamphal-Kanoli Lift Irrigation Scheme,Department of water resources-MH - II,"Department of Water Resources, River Development & GR",Water Resources,Maharashtra,04/2017,02/2019,06/2023,06/2027,,2407.67,2407.67,2779.38,80.54,2017-04-01,2019-02-01,2023-06-01,2027-06-01,,0.0,51.93823915900131,99.93429697766096,47.99605781865965,,47.99605781865965,1.1543857754592615,2017,29.89408989322076,1,1.1543857754592615,MEDIUM
51,400109,Purna Barrage-2 [Ner Dhamana] Medium Irrigation Project,Department of water resources-MH - II,"Department of Water Resources, River Development & GR",Water Resources,Maharashtra,04/2017,04/2018,06/2020,06/2026,,848.07,888.43,690.49,69.63,2017-04-01,2018-04-01,2020-06-01,2026-06-01,,0.04759041116888924,26.018396846254927,97.99605781865965,71.97766097240472,,71.97766097240472,0.7772024807807031,2017,12.179663937957779,0,0.8141898664025375,MEDIUM
52,400111,Kelo Irrigation Project,Water Resources-CT,"Department of Water Resources, River Development & GR",Water Resources,Chhattisgarh,04/2008,04/2008,12/2019,06/2026,,459.97,727.04,620.15,73.0,2008-04-01,2008-04-01,2019-12-01,2026-06-01,,0.5806248233580449,139.9802890932983,217.96977660972405,77.98948751642575,,77.98948751642575,0.8529792033450704,2008,6.3009589041095895,0,1.3482401026153878,HIGH
53,400112,Jigaon Irrigation Project,Department of water resources-MH - II,"Department of Water Resources, River Development & GR",Water Resources,Maharashtra,04/2017,04/2018,06/2028,-,,7222.95,7222.95,10516.63,92.0,2017-04-01,2018-04-01,2028-06-01,,,0.0,122.01051248357425,,0.0,,0.0,1.4560020490242906,2017,78.51032608695652,1,1.4560020490242906,LOW
54,400115,Bargi Diversion Project Phase - IV [km. 154 to km 197],Water Resources-MP,"Department of Water Resources, River Development & GR",Water Resources,Madhya Pradesh,04/2008,01/2009,12/2019,03/2026,,751.03,893.35,814.02,75.0,2008-04-01,2009-01-01,2019-12-01,2026-03-01,,0.1894997536716244,130.94612352168198,205.9132720105125,74.9671484888305,,74.9671484888305,0.9111994179213074,2008,10.013733333333333,0,1.0838714831631227,MEDIUM
55,400116,Bargi Diversion Project Phase - III [km. 104 to km 154],Water Resources-MP,"Department of Water Resources, River Development & GR",Water Resources,Madhya Pradesh,04/2007,04/2007,12/2019,12/2026,,1229.15,1399.7,2270.96,81.52,2007-04-01,2007-04-01,2019-12-01,2026-12-01,,0.1387544237887971,152.00394218134034,236.00525624178712,84.00131406044679,,84.00131406044679,1.6224619561334572,2007,15.07789499509323,1,1.8475857299759995,MEDIUM-HIGH
56,400117,Arjun Sahayak Project,Irrigation & Water Resources-UP,"Department of Water Resources, River Development & GR",Water Resources,Uttar Pradesh,04/2009,04/2009,12/2019,12/2019,10/2025,741.38,2465.68,3037.68,100.0,2009-04-01,2009-04-01,2019-12-01,2019-12-01,2025-10-01,2.3257978364671286,127.98948751642575,127.98948751642575,0.0,197.99605781865964,70.00657030223388,1.2319846857661985,2009,7.4138,0,4.097332002481858,HIGH
57,400119,Life Extension of 48 well platforms of Mumbai High & Heera Fields,Oil and Natural Gas Corporation Limited [ONGC],Ministry of Petroleum & Natural Gas,Oil & Gas,Offshore,12/2015,12/2015,04/2018,10/2026,,3190.69,3375.9,3123.2,90.0,2015-12-01,2015-12-01,2018-04-01,2026-10-01,,0.05804700550664591,27.989487516425754,129.9934296977661,102.00394218134034,,102.00394218134034,0.9251458870227198,2015,35.45211111111111,1,0.9788478354211784,MEDIUM
58,400120,KG-DWN-98/2 Cluster - II Development Project - NELP Block,Oil and Natural Gas Corporation Limited [ONGC],Ministry of Petroleum & Natural Gas,Oil & Gas,Andhra Pradesh,03/2016,03/2016,06/2020,09/2026,,34012.0,34012.0,33192.0,96.9,2016-03-01,2016-03-01,2020-06-01,2026-09-01,,0.0,51.01839684625492,126.01839684625492,75.0,,75.0,0.9758908620486887,2016,351.00103199174407,1,0.9758908620486887,MEDIUM
59,400121,"Construction of Screening Plant-II for Donimalai and Kumaraswamy Iron Ore Mining
Complex of NMDC Limited at Ballari Dt, Karnataka",National Mineral Development Corporation Limited [NMDC],Ministry of Steel,Steel,Karnataka,11/2014,06/2024,08/2026,-,,1043.63,1043.63,649.52,70.33,2014-11-01,2024-06-01,2026-08-01,,,0.0,25.985545335085412,,0.0,,0.0,0.6223661642536147,2014,14.839044504478887,1,0.6223661642536147,LOW
60,400136,SANGHMITRA OC,CCL - CIL,Ministry of Coal,Coal,Jharkhand,03/2024,03/2024,03/2032,-,,2660.0,2660.0,17.03,16.77,2024-03-01,2024-03-01,2032-03-01,,,0.0,95.99211563731932,,0.0,,0.0,0.006402255639097745,2024,158.6165772212284,1,0.006402255639097745,LOW
61,400138,CHANDRAGUPT OCP,CCL - CIL,Ministry of Coal,Coal,Jharkhand,08/2020,08/2020,03/2032,-,,973.5,973.5,772.12,25.11,2020-08-01,2020-08-01,2032-03-01,,,0.0,138.96189224704335,,0.0,,0.0,0.7931381612737545,2020,38.769414575866186,0,0.7931381612737545,MEDIUM
62,400139,KOTRE BASANTPUR PACHMO OCP,Ministry of Coal,Ministry of Coal,Coal,Jharkhand,08/2020,08/2020,03/2032,-,,625.4,625.4,456.48,45.78,2020-08-01,2020-08-01,2032-03-01,,,0.0,138.96189224704335,,0.0,,0.0,0.7299008634473937,2020,13.6609873307121,0,0.7299008634473937,LOW
63,400141,"Expansion of Alumina Refinery Plant with addition of 5th Stream having capacity
enhancement of 1.0 Million Tonee Per Annum",National Aluminium Company Limited [NALCO],Ministry of Mines,Metals & Mining,Odisha,04/2017,04/2017,12/2022,06/2026,,4103.0,5677.4,5023.49,95.64,2017-04-01,2017-04-01,2022-12-01,2026-06-01,,0.38371922983183027,68.00262812089356,109.98685939553219,41.98423127463863,,41.98423127463863,0.8848222778032198,2017,42.90046005855291,1,1.2243456007799172,MEDIUM-HIGH
64,400142,Pachwara South Coal Block,NLC India Limited,Ministry of Coal,Coal,Jharkhand,03/2016,11/2019,09/2028,-,,2242.9,2242.9,1432.45,87.0,2016-03-01,2019-11-01,2028-09-01,,,0.0,106.01182654402102,,0.0,,0.0,0.6386597708324044,2016,25.780459770114945,1,0.6386597708324044,LOW
65,400144,PORDA CHIMTAPANI OCP [10 MTY],SECL - CIL,Ministry of Coal,Coal,Chhattisgarh,12/2020,12/2020,03/2029,-,,2310.12,2310.12,118.97,11.81,2020-12-01,2020-12-01,2029-03-01,,,0.0,98.94875164257556,,0.0,,0.0,0.051499489204024036,2020,195.60711261642675,1,0.051499489204024036,LOW
66,400145,CHHAL OC SEAM III [6 MTY],South Eastern Coalfields Limited [SECL],Ministry of Coal,Coal,Chhattisgarh,12/2013,12/2013,03/2022,01/2026,12/2025,610.63,610.63,583.26,100.0,2013-12-01,2013-12-01,2022-03-01,2026-01-01,2025-12-01,0.0,98.94875164257556,145.0065703022339,46.05781865965835,143.98817345597897,45.03942181340341,0.9551774396934314,2013,6.1063,0,0.9551774396934314,MEDIUM
67,400147,KUSMUNDA OC EXPANSION [15 TO 50 MTY],South Eastern Coalfields Limited [SECL],Ministry of Coal,Coal,Chhattisgarh,08/2013,08/2013,03/2023,03/2030,,7612.33,7612.33,4697.95,81.0,2013-08-01,2013-08-01,2023-03-01,2030-03-01,,0.0,114.94743758212877,198.94875164257556,84.00131406044679,,84.00131406044679,0.6171500710032276,2013,93.97938271604939,1,0.6171500710032276,MEDIUM
68,400148,AMADAND OCP[4.0MTY],SECL - CIL,Ministry of Coal,Coal,Madhya Pradesh,03/2016,03/2016,03/2021,03/2027,,869.44,869.44,325.09,75.15,2016-03-01,2016-03-01,2021-03-01,2027-03-01,,0.0,59.98685939553219,131.96452036793693,71.97766097240473,,71.97766097240473,0.3739073426573426,2016,11.569394544244844,0,0.3739073426573426,MEDIUM
69,400149,BAROUD OC EXPANSION [3.0-10.0M,SECL - CIL,Ministry of Coal,Coal,Chhattisgarh,08/2020,08/2020,03/2029,-,,2309.8,2309.8,1039.65,55.95,2020-08-01,2020-08-01,2029-03-01,,,0.0,102.95663600525624,,0.0,,0.0,0.45010390510000864,2020,41.28328865058088,1,0.45010390510000864,LOW
70,400150,RPR MAGADH EXP OCP,Ministry of Coal,Ministry of Coal,Coal,Jharkhand,08/2020,08/2020,03/2028,-,,6964.33,6964.33,2299.77,39.42,2020-08-01,2020-08-01,2028-03-01,,,0.0,90.9658344283837,,0.0,,0.0,0.33022128474670215,2020,176.66996448503298,1,0.33022128474670215,LOW
71,400151,NORTH URIMARI EXPANSION OCP,Ministry of Coal,Ministry of Coal,Coal,Jharkhand,07/2021,07/2021,03/2029,-,,634.3,634.3,598.34,68.9,2021-07-01,2021-07-01,2029-03-01,,,0.0,91.98423127463863,,0.0,,0.0,0.9433075831625415,2021,9.20609579100145,0,0.9433075831625415,LOW
72,400152,RAMPUR BATURA OCP [4.0MTY],South Eastern Coalfields Limited [SECL],Ministry of Coal,Coal,Madhya Pradesh,07/2019,07/2019,03/2026,-,,1248.93,1248.93,498.6,44.0,2019-07-01,2019-07-01,2026-03-01,,,0.0,79.99342969776609,,0.0,,0.0,0.39922173380413634,2019,28.38477272727273,1,0.39922173380413634,LOW
73,400153,EPR ROHINI - KARKETTA OCP,Ministry of Coal,Ministry of Coal,Coal,Jharkhand,01/2021,01/2021,03/2028,-,,995.57,995.57,85.34,24.02,2021-01-01,2021-01-01,2028-03-01,,,0.0,85.93955321944809,,0.0,,0.0,0.08571973844129493,2021,41.447543713572024,0,0.08571973844129493,LOW
74,400154,EPR PUNDI OCP,Ministry of Coal,Ministry of Coal,Coal,Jharkhand,11/2020,11/2020,03/2027,-,,639.6,639.6,14.78,11.24,2020-11-01,2020-11-01,2027-03-01,,,0.0,75.91984231274638,,0.0,,0.0,0.02310819262038774,2020,56.903914590747334,0,0.02310819262038774,LOW
75,400155,EPR ASHOK OC,Ministry of Coal,Ministry of Coal,Coal,Jharkhand,05/2021,05/2021,03/2031,-,,2821.07,2821.07,186.02,27.74,2021-05-01,2021-05-01,2031-03-01,,,0.0,117.96977660972404,,0.0,,0.0,0.06593951940221264,2021,101.6968276856525,1,0.06593951940221264,LOW
76,400156,EPR AMRAPALI OCP,CCL - CIL,Ministry of Coal,Coal,Jharkhand,02/2020,02/2020,03/2028,-,,4983.57,4983.57,1838.82,43.69,2020-02-01,2020-02-01,2028-03-01,,,0.0,96.94480946123521,,0.0,,0.0,0.3689764566365076,2020,114.06660563057908,1,0.3689764566365076,LOW
77,400158,"Debottlenecking and Augmentation of Cryogenic facilities at Uran LPG Import
Terminal","Department of Water Resources, River Development & GR",Ministry of Petroleum & Natural Gas,Oil & Gas,Maharashtra,04/2021,04/2021,02/2024,12/2025,12/2025,1164.69,1629.86,1048.74,100.0,2021-04-01,2021-04-01,2024-02-01,2025-12-01,2025-12-01,0.3993938301178853,34.03416557161629,56.01182654402102,21.977660972404728,56.01182654402102,21.977660972404728,0.6434540389972145,2021,11.6469,1,0.9004456121371351,MEDIUM
78,400160,RAJRAPPA RCE OCP,CCL - CIL,Ministry of Coal,Coal,Jharkhand,12/2009,12/2009,03/2016,03/2027,,510.85,510.85,488.71,75.61,2009-12-01,2009-12-01,2016-03-01,2027-03-01,,0.0,74.96714848883049,206.9316688567674,120.0,,120.0,0.9566604678477048,2009,6.756381431027642,0,0.9566604678477048,MEDIUM
79,400161,"PP Project, Pata",Gas Authority of India Limited [GAIL],Ministry of Petroleum & Natural Gas,Oil & Gas,Uttar Pradesh,03/2019,03/2019,01/2024,02/2026,02/2026,910.56,1299.02,1082.0,100.0,2019-03-01,2019-03-01,2024-01-01,2026-02-01,2026-02-01,0.4266165875944474,58.04862023653088,83.08147174770039,25.03285151116951,83.08147174770039,25.03285151116951,0.8329355976043479,2019,9.105599999999999,0,1.1882797399402567,MEDIUM-HIGH
80,400162,BLOCK B EXPANSION [3.5 TO 8.0,NCL - CIL,Ministry of Coal,Coal,Madhya Pradesh,07/2019,07/2019,03/2023,03/2027,,998.71,998.71,545.34,51.31,2019-07-01,2019-07-01,2023-03-01,2027-03-01,,0.0,43.98817345597897,91.98423127463863,47.99605781865966,,47.99605781865966,0.5460443972724816,2019,19.464236990839993,0,0.5460443972724816,MEDIUM
81,400165,SUBHADRA OCP,MCL - CIL,Ministry of Coal,Coal,Odisha,05/2021,05/2021,04/2032,-,,1693.81,1693.81,1332.87,46.57,2021-05-01,2021-05-01,2032-04-01,,,0.0,131.01182654402103,,0.0,,0.0,0.7869064416906264,2021,36.371269057333045,1,0.7869064416906264,LOW
82,400166,SIARMAL OCP,Mahanadi Coalfields Limited [MCL],Ministry of Coal,Coal,Odisha,02/2021,02/2021,03/2029,-,,5194.95,5194.95,3543.45,61.04,2021-02-01,2021-02-01,2029-03-01,,,0.0,96.9119579500657,,0.0,,0.0,0.6820951115987641,2021,85.10730668414155,1,0.6820951115987641,LOW
83,400167,Redevelopment of Santhal Field [Onshore-Mehsana Asset],Oil and Natural Gas Corporation Limited [ONGC],Ministry of Petroleum & Natural Gas,Oil & Gas,Gujarat,02/2017,02/2017,03/2026,12/2026,,1162.56,1162.56,1127.73,96.8,2017-02-01,2017-02-01,2026-03-01,2026-12-01,,0.0,108.90275952693824,117.93692509855452,9.034165571616285,,9.034165571616285,0.9700402559867879,2017,12.0099173553719,1,0.9700402559867879,LOW
84,400168,"500 KTA PDHPP Project, Usar",Gas Authority of India Limited [GAIL],Ministry of Petroleum & Natural Gas,Oil & Gas,Maharashtra,04/2021,04/2021,04/2025,06/2027,,8797.0,11256.0,8861.88,91.9,2021-04-01,2021-04-01,2025-04-01,2027-06-01,,0.2795271115152893,47.99605781865966,73.98160315374507,25.985545335085412,,25.985545335085412,0.7873027718550106,2021,95.72361262241566,1,1.0073752415596224,MEDIUM-HIGH
85,400169,Redevelopment of Linch Field,Oil and Natural Gas Corporation Limited [ONGC],Ministry of Petroleum & Natural Gas,Oil & Gas,Gujarat,04/2021,04/2021,03/2025,10/2026,,631.03,845.42,622.24,93.7,2021-04-01,2021-04-01,2025-03-01,2026-10-01,,0.3397461293440882,46.97766097240473,65.99868593955321,19.021024967148485,,19.021024967148485,0.7360128693430484,2021,6.734578441835645,0,0.9860703928497854,MEDIUM
86,400171,2G Ethanol Biorefinery at Bathinda,Hindustan Petroleum Corporation Limited,Ministry of Petroleum & Natural Gas,Oil & Gas,Punjab,05/2020,05/2020,02/2023,12/2026,,1421.46,1421.46,1291.35,95.9,2020-05-01,2020-05-01,2023-02-01,2026-12-01,,0.0,33.04862023653088,79.00788436268068,45.959264126149804,,45.959264126149804,0.9084673504706428,2020,14.822314911366005,1,0.9084673504706428,MEDIUM
87,400172,CHITRA EAST OC,ECL - CIL,Ministry of Coal,Coal,Jharkhand,08/2018,08/2018,03/2026,03/2028,,513.99,513.99,276.0,53.03,2018-08-01,2018-08-01,2026-03-01,2028-03-01,,0.0,90.9658344283837,114.98028909329828,24.01445466491458,,24.01445466491458,0.5369754275375007,2018,9.692438242504243,0,0.5369754275375007,MEDIUM
88,400173,MOHANPUR EXPANSION OC -PHASE I,Eastern Coal Fields Limited [ECL],Ministry of Coal,Coal,West Bengal,11/2020,11/2020,03/2026,03/2030,,888.99,888.99,153.96,31.52,2020-11-01,2020-11-01,2026-03-01,2030-03-01,,0.0,63.92904073587385,111.9250985545335,47.99605781865966,,47.99605781865966,0.17318530017210543,2020,28.203997461928935,0,0.17318530017210543,MEDIUM
89,400174,"New Sinter Plant at BSL, SAIL",Steel Authority of India Limited [SAIL],Ministry of Steel,Steel,Jharkhand,03/2015,10/2015,10/2027,06/2027,,1034.01,1752.3,1028.11,64.26,2015-03-01,2015-10-01,2027-10-01,2027-06-01,,0.6946644616589781,143.98817345597897,139.9802890932983,-4.00788436268067,,-4.00788436268067,0.586720310449124,2015,16.091036414565824,1,0.9942940590516531,MEDIUM
90,400177,AMALGAMATED YEKONA I & YEKONA,WCL - CIL,Ministry of Coal,Coal,Maharashtra,08/2015,08/2015,03/2025,03/2027,,727.28,727.28,564.25,80.77,2015-08-01,2015-08-01,2025-03-01,2027-03-01,,0.0,114.98028909329828,138.96189224704335,23.98160315374507,,23.98160315374507,0.7758359916400837,2015,9.004333292063885,0,0.7758359916400837,LOW
91,400178,DINESH[MAKARDHOKRA-III] OC,WCL - CIL,Ministry of Coal,Coal,Maharashtra,02/2020,02/2020,03/2027,-,,822.88,822.88,792.0,40.63,2020-02-01,2020-02-01,2027-03-01,,,0.0,84.92115637319316,,0.0,,0.0,0.962473264631538,2020,20.253015013536793,0,0.962473264631538,LOW
92,400179,"BHUBANESWARI EXPANSION OCP
(Mahanadi Coalfields Limited (MCL))",Unknown,Ministry of Coal,Coal,Odisha,01/2023,,03/2031,-,,3145.45,6321.73,1250.66,21.0,2023-01-01,,2031-03-01,,,1.0098014592506637,,,0.0,,0.0,0.1978350862817615,2023,149.78333333333333,1,0.39760924510006523,MEDIUM
93,400180,BONJEMEHARI EXPANSION OCP,Eastern Coal Fields Limited [ECL],Ministry of Coal,Coal,West Bengal,08/2021,08/2021,03/2026,03/2030,,570.11,570.11,98.58,17.13,2021-08-01,2021-08-01,2026-03-01,2030-03-01,,0.0,54.96057818659658,102.95663600525624,47.996057818659665,,47.996057818659665,0.17291399905281435,2021,33.28137769994163,0,0.17291399905281435,MEDIUM
94,400181,NAKRAKONDA KUMARDIH- B OCP,ECL - CIL,Ministry of Coal,Coal,West Bengal,08/2018,08/2018,03/2029,-,,502.68,502.67,88.9,28.58,2018-08-01,2018-08-01,2029-03-01,,,-1.9893371528588575e-05,126.97109067017082,,0.0,,0.0,0.1768555911432948,2018,17.588523442967112,0,0.1768520728893133,LOW
95,400182,SIDULI [OC & UG],ECL - CIL,Ministry of Coal,Coal,West Bengal,05/2018,05/2018,03/2027,03/2030,,535.18,535.17,5.74,14.61,2018-05-01,2018-05-01,2027-03-01,2030-03-01,,-1.8685302141318632e-05,105.97897503285151,141.98423127463863,36.00525624178712,,36.00525624178712,0.010725563839527628,2018,36.63107460643395,0,0.01072536342912665,MEDIUM
96,400183,BALARAM EXPANSION OCP,Mahanadi Coalfields Limited [MCL],Ministry of Coal,Coal,Odisha,08/2020,08/2020,03/2029,-,,3504.21,3504.21,963.81,62.06,2020-08-01,2020-08-01,2029-03-01,,,0.0,102.95663600525624,,0.0,,0.0,0.2750434477385773,2020,56.464872703835,1,0.2750434477385773,LOW
97,400185,GOPALJI KANIHA OCP [10 TO 30 M,MCL - CIL,Ministry of Coal,Coal,Odisha,04/2022,04/2022,03/2030,-,,8416.19,6107.87,1777.54,35.8,2022-04-01,2022-04-01,2030-03-01,,,-0.2742713745768573,94.97371879106439,,0.0,,0.0,0.2910245306465265,2022,235.08910614525144,1,0.21120483259051898,LOW
98,400186,TILABONI UG,ECL - CIL,Ministry of Coal,Coal,West Bengal,01/2023,01/2023,03/2029,-,,749.08,749.07,53.97,12.14,2023-01-01,2023-01-01,2029-03-01,,,-1.3349708976332173e-05,73.94875164257556,,0.0,,0.0,0.072049341183067,2023,61.70345963756178,0,0.07204837934533026,LOW
99,400187,INTEGRATED LAKHANPUR-BELPAHAR-,MCL - CIL,Ministry of Coal,Coal,Odisha,05/2018,05/2018,03/2027,-,,2434.75,2434.75,2133.7,82.9,2018-05-01,2018-05-01,2027-03-01,,,0.0,105.97897503285151,,0.0,,0.0,0.8763528082965396,2018,29.369722557297948,1,0.8763528082965396,LOW
100,400188,"Redevelopment of Seven General Pool Residential Accommodation [GPRA] Colonies
in Delhi",National Buildings Construction Corporation [NBCC],Ministry of Housing & Urban Affairs,Real Estate,Delhi,07/2016,05/2018,12/2025,12/2025,,32850.0,32841.0,14370.45,46.7,2016-07-01,2018-05-01,2025-12-01,2025-12-01,,-0.000273972602739726,91.03153745072272,91.03153745072272,0.0,,0.0,0.43757650497853295,2016,703.4261241970021,1,0.4374566210045662,LOW
101,400192,Tubed Coal Mine,Damodar Valley Corporation,Ministry of Power,Coal,Jharkhand,07/2016,10/2016,05/2026,12/2026,,1581.0,1581.0,624.86,37.0,2016-07-01,2016-10-01,2026-05-01,2026-12-01,,0.0,114.94743758212877,121.97766097240472,7.03022339027595,,7.03022339027595,0.3952308665401645,2016,42.729729729729726,1,0.3952308665401645,LOW
102,400203,Dharamjaigarh-Korba,Railway,Ministry of Coal,Railways,Chhattisgarh,05/2018,03/2017,12/2026,08/2026,,1686.22,2438.53,792.73,43.7,2018-05-01,2017-03-01,2026-12-01,2026-08-01,,0.4461517476960303,117.01708278580814,113.00919842312746,-4.007884362680684,,-4.007884362680684,0.3250851947689797,2018,38.58627002288329,1,0.4701225225652643,LOW
103,400204,"Bahraich - Khalilabad via Bhinga, Shravasti, Balrampur, Utraula, Domriyaganj,
Mehdawal, Bansi 240.26 km",CAOC/NER NER mor,Ministry of Railways,Railways,Uttar Pradesh,10/2018,01/2024,10/2030,10/2030,,4939.78,4939.78,1671.24,15.0,2018-10-01,2024-01-01,2030-10-01,2030-10-01,,0.0,80.97897503285151,80.97897503285151,0.0,,0.0,0.3383227593131678,2018,329.3186666666667,1,0.3383227593131678,LOW
104,400205,Sahjanwa - Dohrighat 81.17 km,CAOC/NER NER mor,Ministry of Railways,Railways,Uttar Pradesh,08/2019,04/2025,03/2029,03/2029,,1319.75,1319.75,728.08,1.0,2019-08-01,2025-04-01,2029-03-01,2029-03-01,,0.0,46.97766097240473,46.97766097240473,0.0,,0.0,0.5516802424701648,2019,1319.75,1,0.5516802424701648,MEDIUM
105,400220,Kharsia-Dharamjaygarh with Spur line [East Corridor-Phase 1],Indian Railway Construction International Limited [IRCON],Ministry of Railways,Railways,Chhattisgarh,03/2016,01/2014,09/2018,12/2026,,3055.0,3798.06,2790.19,95.15,2016-03-01,2014-01-01,2018-09-01,2026-12-01,,0.24322749590834694,55.97897503285151,154.96057818659656,98.98160315374506,,98.98160315374506,0.7346355771104196,2016,32.107199159222276,1,0.9133191489361703,MEDIUM-HIGH
106,400223,"Tiruchchirappalli-Nagore-Karaikal with extension of Nagapattinam-Velankani-
Tiruthiraipundi incl. new material modification of Karaikal - Peralam 23 km new line",CAOC/SR SR mor,Ministry of Railways,Railways,"Multi-States
(Puducherry, Tamil
Nadu)",11/1995,02/2014,03/2025,03/2028,,713.0,1748.55,1267.74,80.0,1995-11-01,2014-02-01,2025-03-01,2028-03-01,,1.452384291725105,132.91721419185282,168.92247043363994,36.00525624178712,,36.00525624178712,0.7250235909753796,1995,8.9125,0,1.7780364656381487,HIGH
107,400231,NLC Talabira Thermal Power Project,NLC India Limited,Ministry of Coal,Electricity Generation,Odisha,01/2017,01/2024,03/2030,-,,27212.96,27212.96,3574.21,4.1,2017-01-01,2024-01-01,2030-03-01,,,0.0,73.94875164257556,,0.0,,0.0,0.13134219871708186,2017,6637.307317073171,1,0.13134219871708186,LOW
108,400232,Brundamal - Jharsuguda - Fly-over connection for joining down line 6.6 km,CAO/C/ECOR ECoR mor,Ministry of Railways,Railways,Odisha,01/2014,02/2024,12/2026,12/2026,,297.0,296.51,46.39,55.0,2014-01-01,2024-02-01,2026-12-01,2026-12-01,,-0.0016498316498316805,33.96846254927726,33.96846254927726,0.0,,0.0,0.1564534079794948,2014,5.4,0,0.1561952861952862,LOW
109,400234,Third Railway Line between Patratu-Sonnagar [291 kms],RVNL - II,Ministry of Railways,Railways,"Multi-States (Bihar,
Jharkhand)",11/2016,08/2018,03/2026,07/2026,02/2026,8975.0,8975.0,5690.22,100.0,2016-11-01,2018-08-01,2026-03-01,2026-07-01,2026-02-01,0.0,90.9658344283837,94.97371879106439,4.007884362680684,90.04599211563732,-0.9198423127463826,0.634007799442897,2016,89.75,1,0.634007799442897,LOW
110,400235,"Setting up a common user Petroleum Terminal at Jammu, J&K for resitement of
existing PSU OMC's Depots from Jammu City",Bharat Petroleum Corporation Limited [BPCL],Ministry of Petroleum & Natural Gas,Energy Storage,Jammu and Kashmir,04/2023,04/2023,03/2025,01/2026,01/2026,676.89,715.89,587.36,100.0,2023-04-01,2023-04-01,2025-03-01,2026-01-01,2026-01-01,0.05761645171298143,22.996057818659658,33.04862023653088,10.052562417871222,33.04862023653088,10.052562417871222,0.820461244045873,2023,6.7688999999999995,0,0.8677333096958147,LOW
111,400247,"Kalinarayanpur-Krishnanagar with Krishnanagar-Shantipur-Nabadwipghat - GC,
Krishnanagar-Chartala, MM for Krishnanagar-Chapra-NL, Naihati-Ranaghat-3rd line,
Nabadwipghat-Nabadwipdham upto BB loop 9.58 km, Ranaghat-Lalgola-
strengthening bridge No.2",CAOC/ER ER mor,Ministry of Railways,Railways,West Bengal,07/2015,12/2005,02/2027,03/2028,,1000.0,2153.91,925.7,49.0,2015-07-01,2005-12-01,2027-02-01,2028-03-01,,1.1539099999999998,254.00788436268067,266.9513797634691,12.943495400788436,,12.943495400788436,0.429776545909532,2015,20.408163265306122,0,0.9257000000000001,MEDIUM-HIGH
112,400253,Vizianagaram - Titlagarh 3rd line [272 Km including By - pass line of 7.68 KM],RVNL - II,Ministry of Railways,Railways,"Multi-States
(Andhra Pradesh,
Odisha)",06/2016,11/2016,12/2025,12/2026,,4803.0,6669.91,6260.17,99.0,2016-06-01,2016-11-01,2025-12-01,2026-12-01,,0.38869664792837805,108.96846254927726,120.9592641261498,11.990801576872542,,11.990801576872542,0.9385688862368458,2016,48.515151515151516,1,1.303387466166979,LOW
113,400254,Sakri-Hasanpur 79 km,CAO/Con/North/MHX ECR mor,Ministry of Railways,Railways,Bihar,12/2023,04/2019,12/2024,03/2027,,735.2,802.45,615.69,80.0,2023-12-01,2019-04-01,2024-12-01,2027-03-01,,0.09147170837867247,68.03547963206307,94.97371879106439,26.938239159001313,,26.938239159001313,0.7672627578042246,2023,9.190000000000001,0,0.8374455930359086,MEDIUM
114,400259,Ghatampur Thermal Power Plant 3 X 660 MW,NLC India Limited [NLCIL],Ministry of Coal,Electricity Generation,Uttar Pradesh,07/2016,08/2016,11/2020,06/2026,06/2026,17237.8,21780.9,21287.24,100.0,2016-07-01,2016-08-01,2020-11-01,2026-06-01,2026-06-01,0.26355451391708934,51.01839684625492,117.96977660972404,66.9513797634691,117.96977660972404,66.9513797634691,0.9773351881694512,2016,172.378,1,1.234916288621518,MEDIUM-HIGH
115,400261,Patratu Thermal Power Station Expansion Project Phase-I [3x800 MW],National Thermal Power Corporation [NTPC],Ministry of Power,Electricity Generation,Jharkhand,11/2017,11/2017,03/2023,04/2027,,18668.0,20302.0,19735.72,92.0,2017-11-01,2017-11-01,2023-03-01,2027-04-01,,0.08752946218127276,63.92904073587385,112.94349540078844,49.01445466491459,,49.01445466491459,0.9721071815584672,2017,202.91304347826087,1,1.0571952003428327,MEDIUM
116,400271,Wardha-Nanded Via Yavatmal New BG Line,Central Railway [CR] - II,Ministry of Railways,Railways,Maharashtra,12/2017,04/2008,03/2025,12/2026,,3445.0,3445.0,3002.93,50.0,2017-12-01,2008-04-01,2025-03-01,2026-12-01,,0.0,202.95663600525623,223.98160315374506,21.024967148488827,,21.024967148488827,0.871677793904209,2017,68.9,1,0.871677793904209,LOW
117,400273,"Tarakeswar-Bishnupur with extension upto Dhaniakhali, Arambagh-Irphala, Irphala-
Ghatal 11.2 km, Arambagh-Champadanga 23.3 km & Bishnupur-Uparsol 31.8 km and
new material modification for Mynapur-Kamarpukur via Birsha 19 km",CAOC/ER ER mor,Ministry of Railways,Railways,West Bengal,03/2001,03/2005,03/2019,02/2026,,1189.0,1878.82,1607.64,75.0,2001-03-01,2005-03-01,2019-03-01,2026-02-01,,0.5801682085786375,167.96977660972405,251.05124835742444,83.08147174770039,,83.08147174770039,0.8556647257321085,2001,15.853333333333333,1,1.3520941968040372,HIGH
118,400275,Tindivanam-Nagari 179.2 km,CAOC/SR SR mor,Ministry of Railways,Railways,"Multi-States
(Andhra Pradesh,
Tamil Nadu)",07/2008,05/2009,09/2016,03/2028,,3631.0,3631.34,1175.82,16.0,2008-07-01,2009-05-01,2016-09-01,2028-03-01,,9.363811622146668e-05,88.04204993429697,225.9855453350854,120.0,,120.0,0.32379782669758267,2008,226.9375,1,0.32382814651611125,MEDIUM
119,400277,Dum Dum Airport-New Garia via Rajarhat-Construction of Metro Railway,RVNL - II,Ministry of Railways,Railways,West Bengal,03/2010,10/2011,12/2025,12/2027,,8964.0,8964.0,8984.66,87.0,2010-03-01,2011-10-01,2025-12-01,2027-12-01,,0.0,170.00657030223388,193.98817345597897,23.981603153745084,,23.981603153745084,1.0023047746541722,2010,103.03448275862068,1,1.0023047746541722,LOW
120,400280,Phase II extension of MRTS from Velachery to St Thomas Mount,Ministry of Railways,Ministry of Railways,Railways,Tamil Nadu,11/2007,11/2008,07/2025,09/2025,,734.0,734.01,486.53,99.9,2007-11-01,2008-11-01,2025-07-01,2025-09-01,,1.3623978201622487e-05,199.93429697766098,201.9710906701708,2.036793692509832,,2.036793692509832,0.6628383809484885,2007,7.3473473473473465,0,0.6628474114441416,LOW
121,400291,Kirandul-Jagdalpur 150 km,CAO/C/ECOR ECoR mor,Ministry of Railways,Railways,Chhattisgarh,02/2013,04/2013,03/2020,04/2027,,1589.0,1798.0,1369.01,89.0,2013-02-01,2013-04-01,2020-03-01,2027-04-01,,0.131529263687854,82.98291721419184,167.96977660972405,84.9868593955322,,84.9868593955322,0.7614071190211346,2013,17.853932584269664,1,0.8615544367526746,MEDIUM
122,400298,Nadikude-Srikalahasti 308.7 km,CAO/C/SCoR SCoR mor,Ministry of Railways,Railways,Andhra Pradesh,03/2012,08/2015,05/2027,03/2028,,2312.0,5906.03,2535.68,2.0,2012-03-01,2015-08-01,2027-05-01,2028-03-01,,1.5545112456747403,140.9658344283837,150.98554533508542,10.019710906701732,,10.019710906701732,0.4293374737344714,2012,1156.0,1,1.0967474048442907,MEDIUM-HIGH
123,400299,Pottangi Bauxite Mines Project,National Aluminium Company Limited [NALCO],Ministry of Mines,Metals & Mining,Odisha,05/2018,05/2018,03/2025,11/2026,,1381.0,1960.77,770.37,52.4,2018-05-01,2018-05-01,2025-03-01,2026-11-01,,0.4198189717595945,81.99737187910644,102.03679369250985,20.039421813403408,,20.039421813403408,0.3928915681084472,2018,26.35496183206107,1,0.5578349022447502,MEDIUM
124,400301,Multi Product Pipeline from Irugur to Devangonthi,MinistryofPetroleumNaturalGas,Ministry of Petroleum & Natural Gas,Energy Storage,Tamil Nadu,11/2012,11/2012,02/2017,09/2026,,678.0,1732.0,1206.36,86.4,2012-11-01,2012-11-01,2017-02-01,2026-09-01,,1.5545722713864307,51.01839684625492,165.9658344283837,114.94743758212877,,114.94743758212877,0.6965127020785219,2012,7.847222222222221,0,1.77929203539823,HIGH
125,400312,JHANJRA EXPANSION UG,Eastern Coal Fields Limited [ECL],Ministry of Coal,Coal,West Bengal,04/2020,04/2020,03/2029,-,,1210.12,1210.12,633.57,52.04,2020-04-01,2020-04-01,2029-03-01,,,0.0,106.96452036793693,,0.0,,0.0,0.5235596469771594,2020,23.253651037663335,1,0.5235596469771594,LOW
126,400313,Master Plan for Jharia and Raniganj Coalfields,Bharat Coking Coal Limited [BCCL],Ministry of Coal,Coal,"Multi-States
(Jharkhand, West
Bengal)",08/2009,08/2009,08/2019,12/2028,,2661.73,2661.73,799.12,43.6,2009-08-01,2009-08-01,2019-08-01,2028-12-01,,0.0,119.97371879106439,231.99737187910642,112.02365308804204,,112.02365308804204,0.3002257929992899,2009,61.048853211009174,1,0.3002257929992899,MEDIUM
127,400315,SONEPUR BAZARI EXPANSION OCP [,Eastern Coal Fields Limited [ECL],Ministry of Coal,Coal,West Bengal,07/2021,07/2021,03/2029,-,,5365.88,5365.88,697.64,18.5,2021-07-01,2021-07-01,2029-03-01,,,0.0,91.98423127463863,,0.0,,0.0,0.1300140890217448,2021,290.04756756756757,1,0.1300140890217448,LOW
128,400321,NIGAHI EXPANSION [15 TO 25 MTP,NCL - CIL,Ministry of Coal,Coal,Madhya Pradesh,11/2020,11/2020,03/2025,03/2028,,1729.68,1729.68,985.35,53.73,2020-11-01,2020-11-01,2025-03-01,2028-03-01,,0.0,51.93823915900131,87.94349540078844,36.00525624178712,,36.00525624178712,0.5696718468155959,2020,32.19207146845338,1,0.5696718468155959,MEDIUM
129,400352,JHARKHAND-LAIYO OCP,Ministry of Coal,Ministry of Coal,Coal,Jharkhand,08/2020,08/2020,03/2031,-,,654.87,654.87,1.97,32.45,2020-08-01,2020-08-01,2031-03-01,,,0.0,126.93823915900131,,0.0,,0.0,0.0030082306411959624,2020,20.180893682588597,0,0.0030082306411959624,LOW
130,400353,DHUPTALA OC [SASTI UG TO OC ],WCL - CIL,Ministry of Coal,Coal,Maharashtra,02/2019,10/2021,03/2028,-,,711.01,711.01,174.66,19.02,2019-02-01,2021-10-01,2028-03-01,,,0.0,76.97109067017082,,0.0,,0.0,0.24565055343806697,2019,37.38222923238696,0,0.24565055343806697,LOW
131,400354,DIPKA EXPANSION OCP [40 MTY],SECL - CIL,Ministry of Coal,Coal,Chhattisgarh,12/2020,12/2020,03/2029,-,,5241.4,5241.4,2941.23,39.34,2020-12-01,2020-12-01,2029-03-01,,,0.0,98.94875164257556,,0.0,,0.0,0.5611535086045714,2020,133.2333502796136,1,0.5611535086045714,LOW
132,400369,BINA KAKRI AMALGAMATION EXPANS,NCL - CIL,Ministry of Coal,Coal,"Multi-States
(Madhya Pradesh,
Uttar Pradesh)",08/2020,08/2020,03/2024,03/2027,,836.42,836.42,917.1,92.05,2020-08-01,2020-08-01,2024-03-01,2027-03-01,,0.0,42.96977660972404,78.94218134034165,35.972404730617605,,35.972404730617605,1.096458716912556,2020,9.086583378598588,0,1.096458716912556,MEDIUM
133,400382,Rewas Port Project,Reliance Industries Ltd,"Ministry of Ports, Shipping and Waterways",Shipping,Maharashtra,12/2019,01/2020,03/2023,-,,6000.0,6000.0,5999.89,88.0,2019-12-01,2020-01-01,2023-03-01,,,0.0,37.943495400788436,,0.0,,0.0,0.9999816666666668,2019,68.18181818181819,1,0.9999816666666668,LOW
134,400392,BHARATPUR RE-ORGANIZATION OCP,MCL - CIL,Ministry of Coal,Coal,Odisha,11/2018,11/2018,03/2029,-,,2838.86,2838.86,1716.58,53.54,2018-11-01,2018-11-01,2029-03-01,,,0.0,123.94875164257556,,0.0,,0.0,0.6046722980351267,2018,53.02316025401569,1,0.6046722980351267,LOW
135,400416,"Shivpur-Kathautia New Rail [BG] Line [49 km] [Package II of Tori-Shivpur-Kathautia
line]",Ministry of Coal,Ministry of Coal,Railways,Jharkhand,02/2018,05/2022,06/2025,06/2027,,1799.64,2564.34,1784.77,72.0,2018-02-01,2022-05-01,2025-06-01,2027-06-01,,0.42491831699673266,37.023653088042046,61.00525624178712,23.981603153745077,,23.981603153745077,0.6959958507842173,2018,24.995,1,0.9917372363361561,MEDIUM
136,400424,GEVRA OC [70 MTY],SECL - CIL,Ministry of Coal,Coal,Chhattisgarh,03/2016,03/2016,03/2023,03/2027,,11816.4,11816.4,7825.46,78.48,2016-03-01,2016-03-01,2023-03-01,2027-03-01,,0.0,83.96846254927726,131.96452036793693,47.996057818659665,,47.996057818659665,0.6622541552418673,2016,150.565749235474,1,0.6622541552418673,MEDIUM
137,400425,MOONIDIH XV SEAM UG,BCCL - CIL,Ministry of Coal,Coal,Jharkhand,08/2011,08/2011,03/2019,09/2026,,1230.27,1230.27,800.25,84.02,2011-08-01,2011-08-01,2019-03-01,2026-09-01,,0.0,90.9658344283837,181.011826544021,90.0459921156373,,90.0459921156373,0.6504669706649759,2011,14.642585098786004,1,0.6504669706649759,MEDIUM
138,400426,Expansion of Malanjkhand Copper Project,Hindustan Copper Limited [HCL],Ministry of Mines,Metals & Mining,Madhya Pradesh,09/2011,04/2015,04/2020,03/2029,,1856.36,3800.0,1018.09,28.0,2011-09-01,2015-04-01,2020-04-01,2029-03-01,,1.0470167424421988,60.019710906701704,166.98423127463863,106.96452036793693,,106.96452036793693,0.2679184210526316,2011,66.29857142857142,1,0.5484334935034153,HIGH
139,400429,Exhibition cum Convention Centre Dwarka [Phase I],India International Convention & Expo Centre,Department for Promotion of Industry & Internal Trade,"Tourism, Hospitality & Wellness",Delhi,12/2017,,10/2019,01/2025,,5178.0,5401.0,4470.0,97.4,2017-12-01,,2019-10-01,2025-01-01,,0.04306682116647354,,,0.0,,0.0,0.8276245139788928,2017,53.162217659137575,1,0.8632676709154113,LOW
140,425828,"Stamp Charge Battery No.12 Coke Dry Cooling Plant at IISCO Steel Plant
(Steel Authority of India Limited (SAIL))",Unknown,Ministry of Steel,Steel,West Bengal,01/2025,02/2025,07/2028,-,,706.51,706.51,132.26,11.87,2025-01-01,2025-02-01,2028-07-01,,,0.0,40.93298291721419,,0.0,,0.0,0.18720187966200053,2025,59.5206402695872,0,0.18720187966200053,LOW
141,437130,"Amended BharatNet Program - J&K, LAD",Department of Telecommunications,Department of Telecommunications,Telecommunication,PAN India,08/2023,06/2025,06/2028,-,,1621.0,1621.0,170.05,8.28,2023-08-01,2025-06-01,2028-06-01,,,0.0,36.00525624178712,,0.0,,0.0,0.10490438001233807,2023,195.77294685990339,1,0.10490438001233807,LOW
142,462136,"Amended BharatNet Program - MGH, MZM, TRP",Department of Telecommunications,Department of Telecommunications,Telecommunication,"Multi-States (Tripura,
Mizoram, Meghalaya)",08/2023,04/2025,04/2029,-,,768.0,768.0,0.0,0.0,2023-08-01,2025-04-01,2029-04-01,,,0.0,47.99605781865966,,0.0,,0.0,0.0,2023,768.0,0,0.0,LOW
143,476006,Amended BharatNet Program - HP,Department of Telecommunications,Department of Telecommunications,Telecommunication,PAN India,08/2023,02/2025,02/2028,-,,1292.0,1292.0,148.93,23.18,2023-08-01,2025-02-01,2028-02-01,,,0.0,35.972404730617605,,0.0,,0.0,0.11527089783281734,2023,55.73770491803279,1,0.11527089783281734,LOW
144,478482,"Stamp Charge Battery No.7 Coke Dry Cooling Plant at RSP
(Steel Authority of India Limited (SAIL))",Unknown,Ministry of Steel,Steel,Odisha,02/2026,02/2026,08/2028,-,,1064.55,1064.55,73.91,0.0,2026-02-01,2026-02-01,2028-08-01,,,0.0,29.96057818659658,,0.0,,0.0,0.06942839697524776,2026,1064.55,1,0.06942839697524776,LOW
145,505491,"Installation of 140 TPH Walking Beam type Reheating Furnace in Plate Mill at BSP
(Steel Authority of India Limited (SAIL))",Unknown,Ministry of Steel,Steel,Chhattisgarh,02/2026,03/2026,03/2028,-,,268.36,268.36,0.0,0.0,2026-02-01,2026-03-01,2028-03-01,,,0.0,24.014454664914584,,0.0,,0.0,0.0,2026,268.36,0,0.0,LOW
146,547243,BharatNet Phase-II,Department of Telecommunications,Department of Telecommunications,Telecommunication,"Multi-States (Manipur,
Meghalaya, Arunachal
Pradesh, Nagaland,
Sikkim, Assam,
Mizoram, Tripura)",07/2017,11/2017,05/2023,-,,22174.56,22174.6,20691.72,93.33,2017-07-01,2017-11-01,2023-05-01,,,1.803868937973747e-06,65.93298291721419,,0.0,,0.0,0.9331270913567777,2017,237.59305689488912,1,0.9331287745957529,LOW
147,589703,"Implementation of Treatment System-2 Under ZLD at RSP
(Steel Authority of India Limited (SAIL))",Unknown,Ministry of Steel,Steel,Odisha,02/2025,03/2025,09/2026,-,,216.02,216.02,134.29,89.83,2025-02-01,2025-03-01,2026-09-01,,,0.0,18.035479632063073,,0.0,,0.0,0.6216554022775668,2025,2.404764555271068,0,0.6216554022775668,LOW
148,601812,Development of Zaheerabad Node under Hyderabad Nagpur Industrial Corridor,National Industrial Corridor Development Corporation,Department for Promotion of Industry & Internal Trade,Real Estate,Telangana,08/2024,02/2026,02/2029,-,,2360.0,2360.0,42.89,4.87,2024-08-01,2026-02-01,2029-02-01,,,0.0,36.00525624178712,,0.0,,0.0,0.01817372881355932,2024,484.5995893223819,1,0.01817372881355932,LOW
149,602096,Subansiri Lower HE Project [2000 MW],National Hydroelectric Power Corporation Limited [NHPC],Ministry of Power,Electricity Generation,"Multi-States (Assam,
Arunachal Pradesh)",09/2003,01/2005,09/2010,03/2027,,6285.33,26075.5,26448.07,97.98,2003-09-01,2005-01-01,2010-09-01,2027-03-01,,3.1486286320686423,67.96977660972405,265.9001314060447,120.0,,120.0,1.0142881248681712,2003,64.14911206368646,1,4.20790475599531,HIGH
150,602098,"Construction of Permanent Campus for IIM Jammu Phase-1 at Jagti, Nagrota,
Jammu, J&K","Indian Institute of Management, Jammu",Department of Higher Education,Education,"Jammu and
Kashmir",03/2019,10/2020,06/2023,11/2025,,424.93,500.91,484.52,96.0,2019-03-01,2020-10-01,2023-06-01,2025-11-01,,0.1788059209752195,31.964520367936924,61.00525624178712,29.0407358738502,,29.0407358738502,0.9672795512167853,2019,4.426354166666667,0,1.1402348622125997,MEDIUM
151,602099,Establishment of Permanent campus Phase 1 of IIM Sirmaur,"Indian Institute of Management, Sirmaur",Department of Higher Education,Education,Himachal Pradesh,09/2018,08/2020,10/2023,08/2026,,392.51,454.78,339.65,98.6,2018-09-01,2020-08-01,2023-10-01,2026-08-01,,0.15864563960153877,37.97634691195795,71.97766097240472,34.001314060446774,,34.001314060446774,0.7468446281718634,2018,3.9808316430020287,0,0.865328271891162,MEDIUM
152,602181,"TEESTA-VI HE PROJECT, SIKKIM [500 MW], executed by LANCO TEESTA
HYDRO POWER LIMITED [A wholly owned Subsidiary of NHPC LTD. acquired
through NCLT]",National Hydroelectric Power Corporation Limited [NHPC],Ministry of Power,Electricity Generation,Sikkim,03/2019,03/2020,03/2024,09/2029,,5748.04,5748.04,4572.68,73.78,2019-03-01,2020-03-01,2024-03-01,2029-09-01,,0.0,47.99605781865966,114.02759526938239,66.03153745072274,,66.03153745072274,0.7955198641623928,2019,77.90783410138249,1,0.7955198641623928,MEDIUM
153,602182,Dibang Multipurpose Project,National Hydroelectric Power Corporation Limited [NHPC],Ministry of Power,Electricity Generation,Arunachal Pradesh,02/2023,02/2023,02/2032,02/2032,,31876.39,31876.4,4921.36,17.93,2023-02-01,2023-02-01,2032-02-01,2032-02-01,,3.137118099645935e-07,107.98291721419184,107.98291721419184,0.0,,0.0,0.1543888268436837,2023,1777.8243167875069,1,0.154388875277282,LOW
154,602184,Rammam-III HEPP [3x40 MW],National Thermal Power Corporation [NTPC],Ministry of Power,Electricity Generation,West Bengal,09/2014,09/2014,09/2019,09/2029,,1381.84,2865.56,1690.73,57.86,2014-09-01,2014-09-01,2019-09-01,2029-09-01,,1.0737277832455279,59.98685939553219,179.9934296977661,120.0,,120.0,0.5900173090076635,2014,23.88247493950916,1,1.2235352862849536,HIGH
155,602185,Tapovan-Vishnugad HEP [4x130 MW],National Thermal Power Corporation [NTPC],Ministry of Power,Electricity Generation,Uttarakhand,11/2006,11/2006,03/2013,07/2029,,2978.0,10907.3,7827.81,76.07,2006-11-01,2006-11-01,2013-03-01,2029-07-01,,2.662625923438549,75.9526938239159,271.9448094612352,120.0,,120.0,0.7176670670101676,2006,39.14815301695807,1,2.62854600402955,HIGH
156,602193,Tehri Pumped Storage Plant Project [4x250 MW],THDC India Limited,Ministry of Power,Electricity Generation,Uttarakhand,07/2006,06/2011,06/2022,04/2026,04/2026,4825.6,8339.0,8267.03,100.0,2006-07-01,2011-06-01,2022-06-01,2026-04-01,2026-04-01,0.7280752652519893,131.99737187910642,177.98948751642575,45.99211563731933,177.98948751642575,45.99211563731933,0.9913694687612424,2006,48.256,1,1.7131610576923078,HIGH
157,602194,Khurja super Thermal Power Plant [2X660 MW],THDC India Limited,Ministry of Power,Electricity Generation,Uttar Pradesh,03/2019,08/2019,02/2024,09/2025,09/2025,11089.42,13276.2,12888.23,100.0,2019-03-01,2019-08-01,2024-02-01,2025-09-01,2025-09-01,0.1971951643999416,54.040735873850196,73.02890932982918,18.98817345597898,73.02890932982918,18.98817345597898,0.9707770295717147,2019,110.8942,1,1.162209565513796,LOW
158,602195,Vishnugad Pipalkoti Hydro Electric Project [444 MW],THDC India Limited,Ministry of Power,Electricity Generation,Uttarakhand,08/2008,01/2014,12/2022,06/2028,,3860.35,6405.08,5832.69,81.5,2008-08-01,2014-01-01,2022-12-01,2028-06-01,,0.6591967049619853,106.96452036793693,172.96320630749014,65.99868593955321,,65.99868593955321,0.9106349959719472,2008,47.366257668711654,1,1.5109225847397256,HIGH
159,602223,"Comprehensive Scheme for Strengthening of Transmission and Distribution
[T&D] Systems [CSST&DS] in Arunachal Pradesh and Sikkim",Power Grid Corporation of India Limited [POWERGRID],Ministry of Power,Transmission & Distribution,"Multi-States (Sikkim,
Arunachal Pradesh)",10/2014,10/2014,12/2018,03/2027,,4754.42,9129.32,8141.52,83.9,2014-10-01,2014-10-01,2018-12-01,2027-03-01,,0.920175331586187,50.0,148.94875164257556,98.94875164257556,,98.94875164257556,0.891799170146298,2014,56.667699642431465,1,1.7124107672439541,HIGH
160,602525,"Pakal Dul [Drangdhuran] Hydroelectric Project, 1000 MW",National Hydroelectric Power Corporation Limited [NHPC],Ministry of Power,Electricity Generation,"Jammu and
Kashmir",10/2014,02/2018,04/2020,12/2026,,8112.12,12728.0,9313.54,82.05,2014-10-01,2018-02-01,2020-04-01,2026-12-01,,0.5690103203601525,25.952693823915897,105.946123521682,79.9934296977661,,79.9934296977661,0.7317363293526085,2014,98.86800731261427,1,1.1481018525366984,HIGH
161,602532,Kiru HE Project,National Hydroelectric Power Corporation Limited [NHPC],Ministry of Power,Electricity Generation,"Jammu and
Kashmir",03/2019,02/2020,09/2023,12/2026,,4287.59,5409.0,3948.67,87.0,2019-03-01,2020-02-01,2023-09-01,2026-12-01,,0.2615478625521563,42.96977660972404,81.96452036793693,38.994743758212884,,38.994743758212884,0.7300184877056758,2019,49.28264367816092,1,0.9209532627886529,MEDIUM-HIGH
162,602535,"Ratle HE Project - 850 MW, Ratle Hydroelectric Power Corporation Limited",National Hydroelectric Power Corporation Limited [NHPC],Ministry of Power,Electricity Generation,"Jammu and
Kashmir",02/2021,01/2022,02/2026,11/2028,,5281.94,5281.94,1645.11,31.53,2021-02-01,2022-01-01,2026-02-01,2028-11-01,,0.0,49.01445466491458,81.99737187910644,32.98291721419186,,32.98291721419186,0.3114594258927591,2021,167.52109102442117,1,0.3114594258927591,MEDIUM
163,602538,Installation of FGD for 4x210 & 2x250 MW MTPS U 1-6,Damodar Valley Corporation,Ministry of Power,Electricity Generation,West Bengal,06/2019,02/2021,01/2024,09/2026,,1037.0,1106.0,1143.06,97.0,2019-06-01,2021-02-01,2024-01-01,2026-09-01,,0.0665380906460945,34.95400788436268,66.95137976346912,31.99737187910644,,31.99737187910644,1.033508137432188,2019,10.690721649484535,1,1.1022757955641271,MEDIUM
164,602579,Buxar Thermal Power Project [1320 MW],Satluj Jal Vidyut Nigam [SJVN] Thermal Limited,Ministry of Power,Electricity Generation,Bihar,03/2019,06/2019,01/2024,05/2026,,10439.09,13756.56,13731.77,95.01,2019-03-01,2019-06-01,2024-01-01,2026-05-01,,0.3177930260204672,55.02628120893561,82.98291721419184,27.956636005256236,,27.956636005256236,0.9981979506504534,2019,109.873592253447,1,1.31541829795509,MEDIUM-HIGH
165,602582,Dhaulasidh Hydro Electric Project [66 MW],Satluj Jal Vidyut Nigam [SJVN] Thermal Limited,Ministry of Power,Electricity Generation,Himachal Pradesh,10/2020,05/2021,11/2025,03/2027,,687.97,1763.31,1275.68,80.69,2020-10-01,2021-05-01,2025-11-01,2027-03-01,,1.5630623428347163,54.040735873850196,69.97371879106439,15.93298291721419,,15.93298291721419,0.7234575882856673,2020,8.526087495352584,0,1.8542669011730162,MEDIUM-HIGH
166,602593,Luhri Stage-I Hydro Electric Project [210 MW],Satluj Jal Vidyut Nigam [SJVN] Thermal Limited,Ministry of Power,Electricity Generation,Himachal Pradesh,11/2020,11/2020,01/2026,05/2030,,1810.56,4345.31,1980.59,52.13,2020-11-01,2020-11-01,2026-01-01,2030-05-01,,1.3999812212796043,61.990801576872535,113.92904073587384,51.938239159001306,,51.938239159001306,0.45579947115395675,2020,34.73163245731824,1,1.093910171438671,HIGH
167,602633,382 MW Sunni Dam HEP,Satluj Jal Vidyut Nigam [SJVN] Thermal Limited,Ministry of Power,Electricity Generation,Himachal Pradesh,04/2018,,03/2027,-,,2615.0,2615.0,495.57,0.5,2018-04-01,,2027-03-01,,,0.0,,,0.0,,0.0,0.18951051625239004,2018,5230.0,1,0.18951051625239004,LOW
168,602792,"Gauge Conversion of Kendri-Dhamtari including Abhanpur - Rajim Branch line 67.20
Kms - 2nd Material Modification to Raipur Titlagarh doubling",SECR,Ministry of Railways,Railways,Chhattisgarh,07/2011,05/2021,02/2025,06/2026,,1171.0,1171.0,448.77,100.0,2011-07-01,2021-05-01,2025-02-01,2026-06-01,,0.0,45.072273324572926,61.00525624178712,15.932982917214197,,15.932982917214197,0.38323654995730144,2011,11.71,1,0.38323654995730144,LOW
169,602797,"Sainthia, Sitarampur, Mughalsarai, Allahabad & Etawah - Bypass 35 km",CAOC/ER ER mor,Ministry of Railways,Railways,"Multi-States (Uttar
Pradesh, West
Bengal)",08/2017,06/2024,03/2027,03/2027,,461.64,797.94,185.23,15.0,2017-08-01,2024-06-01,2027-03-01,2027-03-01,,0.7284897322589032,32.95006570302234,32.95006570302234,0.0,,0.0,0.2321352482642805,2017,30.776,0,0.4012433931201802,MEDIUM
170,602961,Talcher Thermal Power Station Stage III [2 x 660 MW] Expansion,National Thermal Power Corporation [NTPC],Ministry of Power,Electricity Generation,Odisha,08/2022,09/2022,05/2027,05/2028,,11843.75,12543.0,7031.31,55.0,2022-08-01,2022-09-01,2027-05-01,2028-05-01,,0.05903957783641161,55.946123521682,67.96977660972405,12.023653088042053,,12.023653088042053,0.5605764171250898,2022,215.3409090909091,1,0.5936726121372032,LOW
171,603210,Development of Jodhpur Pali Marwar Industrial Area JPMIA in Rajasthan,National Industrial Corridor Development Corporation,Department for Promotion of Industry & Internal Trade,Real Estate,Rajasthan,08/2024,01/2026,07/2028,-,,921.66,921.66,0.0,6.32,2024-08-01,2026-01-01,2028-07-01,,,0.0,29.96057818659658,,0.0,,0.0,0.0,2024,145.83227848101265,0,0.0,LOW
172,603293,Badam Coal Mining project of NTPC,National Thermal Power Corporation [NTPC],Ministry of Power,Coal,Jharkhand,02/2019,09/2019,12/2056,04/2027,,502.0,784.0,438.57,67.86,2019-02-01,2019-09-01,2056-12-01,2027-04-01,,0.5617529880478087,446.9776609724047,90.9658344283837,-120.0,,-120.0,0.5594005102040817,2019,7.397583259652225,0,0.8736454183266932,MEDIUM
173,603945,Integrated Anandpur Barrage Project,Water Resources-OR,"Department of Water Resources, River Development & GR",Water Resources,Odisha,04/1997,01/1998,12/2019,06/2026,,567.03,2990.05,2810.1,62.85,1997-04-01,1998-01-01,2019-12-01,2026-06-01,,4.273177786007796,262.94349540078844,340.9329829172142,77.98948751642575,,77.98948751642575,0.9398170599153859,1997,9.021957040572792,0,4.95582244325697,HIGH
174,604791,Numaligarh Refinery Expansion Project,Numaligarh Refinery Limited,Ministry of Petroleum & Natural Gas,Oil & Gas,Assam,07/2020,07/2020,07/2024,03/2027,,12366.0,25313.0,20411.19,87.0,2020-07-01,2020-07-01,2024-07-01,2027-03-01,,1.046983664887595,47.99605781865966,79.96057818659658,31.96452036793692,,31.96452036793692,0.8063520720578359,2020,142.13793103448276,1,1.6505895196506548,HIGH
175,604792,"Assam Bio Refinery, ABRPL",Ministry of Petroleum & Natural Gas,Ministry of Petroleum & Natural Gas,Oil & Gas,Assam,02/2018,02/2018,09/2021,09/2025,09/2025,1750.0,4930.0,4770.0,100.0,2018-02-01,2018-02-01,2021-09-01,2025-09-01,2025-09-01,1.8171428571428572,42.96977660972404,90.9658344283837,47.99605781865966,90.9658344283837,47.99605781865966,0.9675456389452333,2018,17.5,1,2.7257142857142855,HIGH
176,604795,CBR 9 MMTPA Project,Chennai Petroleum Corporation Limited [CPCL],Ministry of Petroleum & Natural Gas,Oil & Gas,Tamil Nadu,09/2021,09/2021,06/2025,-,,31580.0,36354.0,1615.38,10.2,2021-09-01,2021-09-01,2025-06-01,,,0.15117162761241293,44.973718791064385,,0.0,,0.0,0.04443472520217858,2021,3096.0784313725494,1,0.05115199493350222,LOW
177,604833,"Andheri Residential Towers, Mumbai",Indian Oil Corporation Limited [IOCL],Ministry of Petroleum & Natural Gas,Energy Storage,Maharashtra,06/2017,06/2017,05/2025,06/2027,,281.35,389.67,281.24,86.0,2017-06-01,2017-06-01,2025-05-01,2027-06-01,,0.3850008885729518,94.97371879106439,119.97371879106439,25.0,,25.0,0.7217389072805194,2017,3.271511627906977,0,0.9996090279011907,MEDIUM-HIGH
178,604852,"Grass-root Terminal at Mirzapur, Uttar Pradesh",Indian Oil Corporation Limited [IOCL],Ministry of Petroleum & Natural Gas,Energy Storage,Uttar Pradesh,09/2022,09/2022,11/2026,-,,980.45,980.45,308.35,77.2,2022-09-01,2022-09-01,2026-11-01,,,0.0,50.0,,0.0,,0.0,0.3144984445917691,2022,12.700129533678757,0,0.3144984445917691,LOW
179,604853,"Indian Oil Technology Development and Deployment Centre at R&D Campus-II,
Faridabad",Indian Oil Corporation Limited [IOCL],Ministry of Petroleum & Natural Gas,Oil & Gas,Haryana,06/2019,06/2019,12/2022,07/2027,,2281.94,3200.0,1922.03,65.4,2019-06-01,2019-06-01,2022-12-01,2027-07-01,,0.40231557359089193,42.01708278580814,96.97766097240472,54.96057818659658,,54.96057818659658,0.6006343749999999,2019,34.89204892966361,1,0.8422789380965319,MEDIUM-HIGH
180,604859,"Integrated Para Xylene [PX] and Purified Terephthalic Acid [PTA] Project at Paradip
Refinery",Indian Oil Corporation Limited [IOCL],Ministry of Petroleum & Natural Gas,Oil & Gas,Odisha,07/2020,07/2020,01/2024,08/2026,,13805.0,11783.0,8870.29,94.9,2020-07-01,2020-07-01,2024-01-01,2026-08-01,,-0.1464686707714596,42.01708278580814,72.99605781865965,30.97897503285151,,30.97897503285151,0.7528040397182382,2020,145.46891464699684,1,0.6425418326693227,MEDIUM
181,604863,"Development of Surface Facilities for production and evacuation of Crude Oil and
Natural Gas from Nadua and East Khagorija",Oil India Limited,Ministry of Petroleum & Natural Gas,Oil & Gas,Assam,01/2018,01/2018,02/2020,12/2026,,682.9,726.93,601.12,94.4,2018-01-01,2018-01-01,2020-02-01,2026-12-01,,0.0644750329477229,25.0,106.96452036793693,81.96452036793693,,81.96452036793693,0.8269296906167032,2018,7.234110169491525,0,0.8802460096646655,MEDIUM
182,605155,Kwar HE Project,National Hydroelectric Power Corporation Limited [NHPC],Ministry of Power,Electricity Generation,"Jammu and
Kashmir",05/2022,11/2022,11/2026,03/2028,,4526.12,4526.12,1701.47,36.52,2022-05-01,2022-11-01,2026-11-01,2028-03-01,,0.0,47.99605781865966,63.96189224704336,15.965834428383701,,15.965834428383701,0.3759224236211148,2022,123.9353778751369,1,0.3759224236211148,LOW
183,605156,"Rangit-IV HE Project [120 MW] executed by Jal Power Corporation Ltd. [JPCL] -
A wholly owned subsidiary of NHPC Ltd. acquired through NCLT",National Hydroelectric Power Corporation Limited [NHPC],Ministry of Power,Electricity Generation,Sikkim,03/2021,08/2021,05/2024,11/2026,,938.29,1828.11,1718.16,97.56,2021-03-01,2021-08-01,2024-05-01,2026-11-01,,0.9483421969753487,32.98291721419185,63.00919842312746,30.026281208935607,,30.026281208935607,0.9398559167664966,2021,9.617568675686757,0,1.8311609417131165,HIGH
184,605292,"Construction of Permanent Campus of Indian Institute of Management [IIM] Amritsar,
Punjab, Phase-I","Indian intitue of Management, Amritsar",Department of Higher Education,Education,Punjab,10/2019,07/2020,06/2023,11/2026,,348.31,386.86,293.24,91.7,2019-10-01,2020-07-01,2023-06-01,2026-11-01,,0.11067727024776783,34.98685939553219,76.01839684625493,41.03153745072274,,41.03153745072274,0.7580003101897327,2019,3.7983642311886587,0,0.8418937153684936,MEDIUM
185,606013,Additional Campus of NITPatna,NIT Patna,Department of Higher Education,Education,Bihar,07/2022,08/2022,07/2024,01/2026,,499.21,499.21,449.96,98.6,2022-07-01,2022-08-01,2024-07-01,2026-01-01,,0.0,22.996057818659658,41.03153745072273,18.035479632063073,,18.035479632063073,0.9013441237154705,2022,5.062981744421907,0,0.9013441237154705,LOW
186,606112,Tezpur University Projects,Tezpur University,Department of Higher Education,Education,Assam,05/2019,06/2021,11/2023,12/2025,,153.71,153.71,266.14,97.98,2019-05-01,2021-06-01,2023-11-01,2025-12-01,,0.0,29.00788436268068,54.007884362680684,25.000000000000004,,25.000000000000004,1.731442326458916,2019,1.568789548887528,0,1.731442326458916,MEDIUM-HIGH
187,606431,"CONSTRUCTION OF PERMANENT CAMPUS FOR IIT PALAKKAD UNDER PHASE
1A",INDIAN INSTITUTE OF TECHNOLOGY PALAKKAD,Department of Higher Education,Education,Kerala,07/2017,03/2020,06/2022,06/2026,,1006.45,1217.4,686.2,86.5,2017-07-01,2020-03-01,2022-06-01,2026-06-01,,0.20959809230463514,27.003942181340342,75.0,47.99605781865966,,47.99605781865966,0.5636602595695746,2017,11.635260115606936,1,0.6818023746832927,MEDIUM-HIGH
188,606479,Banaras Hindu University [ Kayakalp of Institute of Medical Sciences],Banaras Hindu University,Department of Higher Education,Education,Uttar Pradesh,06/2020,06/2020,09/2022,07/2027,,246.0,246.0,212.35,99.1,2020-06-01,2020-06-01,2022-09-01,2027-07-01,,0.0,27.003942181340342,84.95400788436268,57.95006570302234,,57.95006570302234,0.8632113821138211,2020,2.48234106962664,0,0.8632113821138211,MEDIUM
189,606781,Transmission System for Strengthening of Srinagar-Leh Tr. System,Power Grid Corporation of India Limited [POWERGRID],Ministry of Power,Transmission & Distribution,"Multi-States (Jammu
and Kashmir, Ladakh)",03/2022,03/2022,12/2024,11/2025,11/2025,288.71,288.71,288.71,100.0,2022-03-01,2022-03-01,2024-12-01,2025-11-01,2025-11-01,0.0,33.04862023653088,44.053876478318,11.005256241787123,44.053876478318,11.005256241787123,1.0,2022,2.8870999999999998,0,1.0,LOW
190,607653,Ludhiana Mullanpur 21Km Doubling Railway project,CAO/C/NR,Ministry of Railways,Railways,Punjab,10/2022,,06/2024,02/2027,,234.78,234.78,61.39,99.0,2022-10-01,,2024-06-01,2027-02-01,,0.0,,,0.0,,0.0,0.2614788312462731,2022,2.3715151515151516,0,0.2614788312462731,LOW
191,607701,"Guwahati Refinery Expansion [1.0 to 1.2 MMTPA] along with installation of CRU,
Guwahati Refinery",Ministry of Petroleum & Natural Gas,Ministry of Petroleum & Natural Gas,Oil & Gas,Assam,05/2021,05/2021,10/2023,05/2026,05/2026,412.3,577.0,487.31,100.0,2021-05-01,2021-05-01,2023-10-01,2026-05-01,2026-05-01,0.39946640795537225,29.00788436268068,59.98685939553219,30.978975032851512,59.98685939553219,30.978975032851512,0.8445580589254766,2021,4.123,0,1.1819306330341983,MEDIUM-HIGH
192,607709,"NORTH EASTERN REGION POWER SYSTEM IMPROVEMENT PROJECT
[NERPSIP]",Power Grid Corporation of India Limited [POWERGRID],Ministry of Power,Transmission & Distribution,"Multi-States (Nagaland,
Mizoram, Manipur,
Meghalaya, Tripura,
Assam)",12/2014,03/2016,12/2018,03/2027,,5111.33,6700.0,5577.75,99.2,2014-12-01,2016-03-01,2018-12-01,2027-03-01,,0.3108134282075311,33.01576872536137,131.96452036793693,98.94875164257556,,98.94875164257556,0.8325,2014,51.52550403225806,1,1.0912521789827696,MEDIUM-HIGH
193,608301,"Transmission system strengthening scheme for evacuation of power from solar
energy zones in Rajasthan 8.1 GW under Phase II- Part- G1",Power Grid Corporation of India Limited [POWERGRID],Ministry of Power,Transmission & Distribution,Delhi,02/2022,02/2022,09/2023,12/2025,11/2025,359.47,359.47,359.47,100.0,2022-02-01,2022-02-01,2023-09-01,2025-12-01,2025-11-01,0.0,18.95532194480946,45.959264126149804,27.003942181340346,44.973718791064385,26.018396846254927,1.0,2022,3.5947000000000005,0,1.0,MEDIUM
194,608302,"Transmission system for evacuation of Power from Pakaldul HEP in Chenab
Valley HEPs - LTA System",Power Grid Corporation of India Limited [POWERGRID],Ministry of Power,Transmission & Distribution,Jammu and Kashmir,02/2022,02/2022,04/2025,11/2025,11/2025,318.12,318.12,318.12,100.0,2022-02-01,2022-02-01,2025-04-01,2025-11-01,2025-11-01,0.0,37.943495400788436,44.973718791064385,7.03022339027595,44.973718791064385,7.03022339027595,1.0,2022,3.1812,0,1.0,LOW
195,608922,"Transmission System Strengthening Scheme for evacuation of power from SEZ
in Rajasthan 8.1 GW under Phase II Part G",Power Grid Corporation of India Limited [POWERGRID],Ministry of Power,Transmission & Distribution,"Multi-States (Delhi,
Haryana, Rajasthan)",05/2022,05/2022,12/2025,,11/2023,1666.0,2218.0,2218.0,100.0,2022-05-01,2022-05-01,2025-12-01,,2023-11-01,0.33133253301320525,43.03547963206307,,0.0,18.035479632063073,-25.0,1.0,2022,16.66,1,1.3313325330132053,LOW
196,609019,"HEFA projects on development of student hostels, playgrounds, departmental
buildings, class room complex and other campus facilities in IIT Kharagpur","Indian Institute of Technology, Kharagpur",Department of Higher Education,Education,West Bengal,06/2018,04/2019,03/2023,12/2026,,500.0,442.0,418.86,97.0,2018-06-01,2019-04-01,2023-03-01,2026-12-01,,-0.116,46.97766097240473,92.01708278580814,45.039421813403415,,45.039421813403415,0.9476470588235294,2018,5.154639175257732,0,0.83772,MEDIUM
197,609041,"IoE Projects [Civil Works], IIT Kharagpur","Indian Institute of Technology, Kharagpur",Department of Higher Education,Education,West Bengal,01/2018,01/2019,03/2023,12/2026,08/2025,287.2,287.2,310.0,100.0,2018-01-01,2019-01-01,2023-03-01,2026-12-01,2025-08-01,0.0,49.93429697766097,94.97371879106439,45.039421813403415,78.97503285151117,29.040735873850203,1.0793871866295266,2018,2.872,0,1.0793871866295266,MEDIUM
198,609424,"Development of Container Terminal at Tuna-Tekra, Deendayal Port on BOT Basis
Under PPP Mode",Deendayal Port Trust,"Ministry of Ports, Shipping and Waterways",Shipping,Gujarat,10/2022,03/2024,03/2027,09/2027,,4243.64,4243.64,2737.7,60.0,2022-10-01,2024-03-01,2027-03-01,2027-09-01,,0.0,35.972404730617605,42.01708278580814,6.044678055190538,,6.044678055190538,0.645130124138711,2022,70.72733333333333,1,0.645130124138711,LOW
199,609736,"Construction of Sikkim University Campus Phase-I Package-II at Yangang, South
Sikkim",Sikkim University,Department of Higher Education,Education,Sikkim,08/2020,01/2022,01/2025,10/2026,,314.06,340.55,292.0,96.5,2020-08-01,2022-01-01,2025-01-01,2026-10-01,,0.0843469400751449,36.00525624178712,56.96452036793692,20.959264126149797,,20.959264126149797,0.857436499779768,2020,3.2545077720207254,0,0.9297586448449341,LOW
200,609996,Construction of Precast housing and hostels at IIT Hyderabad,"Indian Institute of Technology, Hyderabad",Department of Higher Education,Education,Telangana,09/2022,11/2022,10/2024,01/2026,,262.0,262.0,223.65,90.39,2022-09-01,2022-11-01,2024-10-01,2026-01-01,,0.0,22.996057818659658,38.009198423127465,15.013140604467807,,15.013140604467807,0.8536259541984733,2022,2.898550724637681,0,0.8536259541984733,LOW
201,610315,IISER BERHAMPUR,"Indian Institutes of Science Education and Research, Behrampur",Department of Higher Education,Education,Odisha,10/2018,09/2019,03/2021,06/2026,,1229.32,843.09,874.09,98.5,2018-10-01,2019-09-01,2021-03-01,2026-06-01,,-0.3141818240978752,17.969776609724047,80.97897503285151,63.00919842312746,,63.00919842312746,1.0367695026628236,2018,12.480406091370558,1,0.7110353691471708,MEDIUM
202,610940,"Additional Infrastructure at IISc Bangalore-RCC Monolithic for Men Hostel S14,
Women Hostel S11 , Postdoctoral Hostel S12 2 Block , International Hostel S 12 ,
D&E Block S 12 2 Block FR",IISC Bangalore,Department of Higher Education,Education,Karnataka,08/2021,08/2021,03/2024,12/2025,12/2025,420.41,420.41,367.92,100.0,2021-08-01,2021-08-01,2024-03-01,2025-12-01,2025-12-01,0.0,30.97897503285151,52.00394218134034,21.024967148488834,52.00394218134034,21.024967148488834,0.8751456911110582,2021,4.2041,0,0.8751456911110582,LOW
203,610984,Development of Jharia CBM Block [Phase-1],Oil and Natural Gas Corporation Limited [ONGC],Ministry of Petroleum & Natural Gas,Oil & Gas,Jharkhand,11/2019,11/2019,01/2024,09/2026,,431.0,431.0,267.74,66.2,2019-11-01,2019-11-01,2024-01-01,2026-09-01,,0.0,50.0,81.99737187910644,31.99737187910644,,31.99737187910644,0.6212064965197216,2019,6.510574018126888,0,0.6212064965197216,MEDIUM
204,610985,Construction of lube oil blending plant at Rasayani,Ministry of Petroleum & Natural Gas,Ministry of Petroleum & Natural Gas,Oil & Gas,Maharashtra,05/2022,05/2022,12/2023,12/2025,12/2025,423.39,526.26,333.48,100.0,2022-05-01,2022-05-01,2023-12-01,2025-12-01,2025-12-01,0.24296747679444486,19.021024967148488,43.03547963206307,24.014454664914584,43.03547963206307,24.014454664914584,0.6336791699920192,2022,4.2339,0,0.7876425990221781,MEDIUM-HIGH
205,611016,2.0 MTPA BHOJUDIH NLW WASHERY,Ministry of Coal,Ministry of Coal,Coal,West Bengal,12/2015,03/2019,09/2020,05/2026,,384.57,384.57,363.14,97.6,2015-12-01,2019-03-01,2020-09-01,2026-05-01,,0.0,18.068331143232587,86.00525624178712,67.93692509855454,,67.93692509855454,0.9442754245000909,2015,3.940266393442623,0,0.9442754245000909,MEDIUM
206,611017,2.5 MTPA PATHERDIH NLW WASHERY,Ministry of Coal,Ministry of Coal,Coal,Jharkhand,10/2015,04/2016,04/2018,12/2026,,334.27,334.27,162.75,51.81,2015-10-01,2016-04-01,2018-04-01,2026-12-01,,0.0,23.98160315374507,127.98948751642575,104.00788436268068,,104.00788436268068,0.4868818619678703,2015,6.451843273499324,0,0.4868818619678703,MEDIUM
207,611047,"Construction of NTB complex including apron, taxi track and other associated civil
works and electrical & mechanical installations towards Tawi River side at CA Jammu",Airport Authority of India [AAI],Ministry of Civil Aviation,Aviation & Aviation Infrastructure,"Jammu and
Kashmir",10/2023,12/2023,06/2026,11/2026,,861.37,861.37,370.44,58.35,2023-10-01,2023-12-01,2026-06-01,2026-11-01,,0.0,29.993429697766096,35.019710906701704,5.0262812089356075,,5.0262812089356075,0.43005909191172204,2023,14.762125107112253,0,0.43005909191172204,LOW
208,611142,Fairway Development in West Bengal Farakka - Kahelgaon,Inland Waterways Authority of India [IWAI],"Ministry of Ports, Shipping and Waterways",Inland Waterways,Offshore,01/2018,08/2018,07/2023,04/2024,,177.0,197.0,383.41,100.0,2018-01-01,2018-08-01,2023-07-01,2024-04-01,,0.11299435028248588,58.96846254927726,68.00262812089356,9.034165571616299,,9.034165571616299,1.9462436548223352,2018,1.77,0,2.166158192090396,LOW
209,611440,Procurment of 30 Nos ACFTs of WT Capacity 10KL at Various Airports,Airport Authority of India [AAI],Ministry of Civil Aviation,Aviation & Aviation Infrastructure,"Multi-States
(Andhra Pradesh,
Bihar, Delhi,
Gujarat,
Jharkhand,
Karnataka, Kerala,
Madhya Pradesh,
Odisha, Tamil
Nadu, Telangana,
Uttar Pradesh,
West Bengal)",05/2023,,06/2025,-,,215.17,215.17,104.92,53.0,2023-05-01,,2025-06-01,,,0.0,,,0.0,,0.0,0.4876144443928057,2023,4.059811320754717,0,0.4876144443928057,LOW
210,611452,"MUMBAI CENTRAL VIRAR VADODARA AHMEDABAAD TRAIN PROTECTION
SYSTEM 500 RKM",Western Railway,Ministry of Railways,Railways,"Multi-States
(Gujarat,
Maharashtra)",09/2019,03/2023,12/2025,12/2026,,311.0,311.0,263.42,93.0,2019-09-01,2023-03-01,2025-12-01,2026-12-01,,0.0,33.04862023653088,45.039421813403415,11.990801576872535,,11.990801576872535,0.8470096463022508,2019,3.3440860215053765,0,0.8470096463022508,LOW
211,611495,Development of New Civil Enclave at Bagdogra Airport,Airport Authority of India [AAI],Ministry of Civil Aviation,Aviation & Aviation Infrastructure,West Bengal,08/2024,09/2024,03/2027,03/2027,,1549.0,1549.0,548.3,27.9,2024-08-01,2024-09-01,2027-03-01,2027-03-01,,0.0,29.927726675427067,29.927726675427067,0.0,,0.0,0.35397030342156227,2024,55.51971326164875,1,0.35397030342156227,LOW
212,611509,"Koderma Thermal Power Station Phase II [2X800 MW] At Koderma, Jharkhand",Damodar Valley Corporation,Ministry of Power,Electricity Generation,Jharkhand,04/2023,11/2024,07/2029,-,,14358.0,14358.0,2229.31,14.3,2023-04-01,2024-11-01,2029-07-01,,,0.0,55.946123521682,,0.0,,0.0,0.15526605376793426,2023,1004.055944055944,1,0.15526605376793426,LOW
213,611570,"SITC of ATM Automation System and ASMGCS [Including SMR & MLAT] for Mumbai,
Navi Mumbai, Jewar [earlier MOPA, without ASMGCS], HIAL & BIAL",Airport Authority of India [AAI],Ministry of Civil Aviation,Aviation & Aviation Infrastructure,"Multi-States
(Karnataka,
Maharashtra,
Telangana, Uttar
Pradesh)",12/2020,10/2022,09/2025,08/2026,,500.48,500.48,399.77,80.0,2020-12-01,2022-10-01,2025-09-01,2026-08-01,,0.0,35.019710906701704,45.992115637319316,10.972404730617612,,10.972404730617612,0.7987731777493605,2020,6.256,0,0.7987731777493605,LOW
214,611586,Sunni Dam Hydro Electric Project [382 MW],Satluj Jal Vidyut Nigam [SJVN] Thermal Limited,Ministry of Power,Electricity Generation,Himachal Pradesh,01/2023,01/2023,04/2028,12/2029,,2614.51,4555.49,1152.21,34.66,2023-01-01,2023-01-01,2028-04-01,2029-12-01,,0.7423876749371773,62.97634691195795,82.98291721419184,20.006570302233897,,20.006570302233897,0.2529277860339942,2023,75.43306405077901,1,0.44069825703477894,MEDIUM-HIGH
215,611602,"Modernization of Chennai Airport, Phase II, Part 2",Airport Authority of India [AAI],Ministry of Civil Aviation,Aviation & Aviation Infrastructure,Tamil Nadu,05/2018,06/2023,07/2025,12/2026,,1207.0,1207.0,331.85,46.0,2018-05-01,2023-06-01,2025-07-01,2026-12-01,,0.0,25.0,42.01708278580814,17.017082785808142,,17.017082785808142,0.27493786246893126,2018,26.23913043478261,1,0.27493786246893126,LOW
216,611614,Dedicated Test Track for RDSO Phase II,North Western Railway [NWR],Ministry of Railways,Railways,Rajasthan,11/2021,11/2021,11/2026,11/2026,,819.48,967.06,471.0,86.0,2021-11-01,2021-11-01,2026-11-01,2026-11-01,,0.18008981305217933,59.98685939553219,59.98685939553219,0.0,,0.0,0.4870432031104585,2021,9.528837209302326,0,0.5747547225069556,LOW
217,611615,Malugur- Palasamudram New Line Project [17.975 Km],South Western Railway [SWR] - II,Ministry of Railways,Railways,Andhra Pradesh,09/2022,07/2026,11/2027,12/2027,,342.0,342.0,0.0,0.0,2022-09-01,2026-07-01,2027-11-01,2027-12-01,,0.0,16.031537450722734,17.017082785808146,0.985545335085412,,0.985545335085412,0.0,2022,342.0,0,0.0,LOW
218,611656,"Transmission scheme for evacuation of 4.5GW RE injection at Khavda PS under
Phase II- Part B",Power Grid Corporation of India Limited [POWERGRID],Ministry of Power,Transmission & Distribution,Gujarat,03/2023,03/2023,03/2025,12/2025,12/2025,1167.55,1167.0,1167.0,100.0,2023-03-01,2023-03-01,2025-03-01,2025-12-01,2025-12-01,-0.0004710719027022008,24.014454664914584,33.04862023653088,9.034165571616295,33.04862023653088,9.034165571616295,1.0,2023,11.6755,1,0.9995289280972978,LOW
219,611657,"Transmission scheme for evacuation of 4.5GW RE injection at Khavda PS under
Phase II- Part C",Power Grid Corporation of India Limited [POWERGRID],Ministry of Power,Transmission & Distribution,Gujarat,03/2023,03/2023,03/2025,01/2026,01/2026,2820.99,2820.99,2820.99,100.0,2023-03-01,2023-03-01,2025-03-01,2026-01-01,2026-01-01,0.0,24.014454664914584,34.06701708278581,10.052562417871226,34.06701708278581,10.052562417871226,1.0,2023,28.209899999999998,1,1.0,LOW
220,611659,"Transmission system strengthening scheme for evacuation of power from solar
energy zones in Rajasthan[8.1 GW] under phase-II- Part E",Power Grid Corporation of India Limited [POWERGRID],Ministry of Power,Transmission & Distribution,Rajasthan,03/2023,03/2023,09/2024,01/2026,01/2026,1433.28,1433.0,1433.0,100.0,2023-03-01,2023-03-01,2024-09-01,2026-01-01,2026-01-01,-0.00019535610627370277,18.068331143232587,34.06701708278581,15.998685939553223,34.06701708278581,15.998685939553223,1.0,2023,14.332799999999999,1,0.9998046438937263,LOW
221,611660,"Establishment of Khavda Pooling Station-2 KPS2 in Khavda RE Park KPS2
TRANSMISSION SYSTEM LIMITED",Power Grid Corporation of India Limited [POWERGRID],Ministry of Power,Transmission & Distribution,Gujarat,03/2023,03/2023,12/2024,11/2025,12/2025,966.79,966.79,966.79,100.0,2023-03-01,2023-03-01,2024-12-01,2025-11-01,2025-12-01,0.0,21.057818659658345,32.06307490144547,11.005256241787123,33.04862023653088,11.990801576872535,1.0,2023,9.6679,0,1.0,LOW
222,611669,"NER Provision of Automatic Block Signalling on Gorakhpur Cantt[Excl] Chhapra
Gramin & Burhwal Jn [Excl] Sitapur Jn section of high density routes",North Eastern Railway [NER],Ministry of Railways,Railways,"Multi-States
(Bihar, Uttar
Pradesh)",05/2022,06/2023,03/2027,03/2028,,380.47,380.47,258.65,25.0,2022-05-01,2023-06-01,2027-03-01,2028-03-01,,0.0,44.973718791064385,56.99737187910644,12.023653088042053,,12.023653088042053,0.6798170683628143,2022,15.218800000000002,0,0.6798170683628143,MEDIUM-HIGH
223,611698,240MW Heo HE Project,North Eastern Electric Power Corporation Limited,Ministry of Power,Electricity Generation,Arunachal Pradesh,12/2024,05/2025,07/2029,-,,1938.85,1938.85,106.28,6.58,2024-12-01,2025-05-01,2029-07-01,,,0.0,50.0,,0.0,,0.0,0.05481599917476855,2024,294.65805471124617,1,0.05481599917476855,LOW
224,611699,186 MW Tato-I H E Project,North Eastern Electric Power Corporation Limited,Ministry of Power,Electricity Generation,Arunachal Pradesh,12/2024,05/2025,07/2029,-,,1750.07,1750.07,79.45,5.6,2024-12-01,2025-05-01,2029-07-01,,,0.0,50.0,,0.0,,0.0,0.0453981840726371,2024,312.5125,1,0.0453981840726371,LOW
225,611716,700 MW Tato-II HE Project,North Eastern Electric Power Corporation Limited,Ministry of Power,Electricity Generation,Arunachal Pradesh,09/2025,09/2025,09/2031,-,,8146.21,8146.21,253.97,6.59,2025-09-01,2025-09-01,2031-09-01,,,0.0,71.97766097240472,,0.0,,0.0,0.03117646120097567,2025,1236.1471927162368,1,0.03117646120097567,LOW
226,611735,"Transmission system for evacuation of power from REZ in Rajasthan 20GW under
Phase-III Part J",Power Grid Corporation of India Limited [POWERGRID],Ministry of Power,Transmission & Distribution,"Multi-States (Delhi,
Rajasthan)",12/2022,12/2022,03/2025,12/2026,,331.0,331.0,235.01,68.9,2022-12-01,2022-12-01,2025-03-01,2026-12-01,,0.0,26.971090670170828,47.99605781865966,21.02496714848883,,21.02496714848883,0.71,2022,4.804063860667634,0,0.71,LOW
227,611737,Western Region Expansion Scheme-XXV,Power Grid Corporation of India Limited [POWERGRID],Ministry of Power,Transmission & Distribution,Chhattisgarh,05/2022,05/2022,10/2025,,08/2023,385.84,385.84,385.84,100.0,2022-05-01,2022-05-01,2025-10-01,,2023-08-01,0.0,41.03153745072273,,0.0,15.013140604467806,-26.018396846254923,1.0,2022,3.8583999999999996,0,1.0,LOW
228,611751,Aurangabad-Ankai 98.25 km,CAOCON/SCR SCR mor,Ministry of Railways,Railways,Maharashtra,05/2023,06/2024,12/2025,-,,960.64,960.64,381.13,0.0,2023-05-01,2024-06-01,2025-12-01,,,0.0,18.00262812089356,,0.0,,0.0,0.39674591938707526,2023,960.64,0,0.39674591938707526,LOW
229,611752,Doubling between Gooty-Pendakallu 29.225 km PB73/2023-24/NR,CAO/C/SCoR SCoR mor,Ministry of Railways,Railways,Andhra Pradesh,03/2023,11/2024,03/2027,03/2027,,351.83,351.83,149.34,0.0,2023-03-01,2024-11-01,2027-03-01,2027-03-01,,0.0,27.92378449408673,27.92378449408673,0.0,,0.0,0.42446636159508855,2023,351.83,0,0.42446636159508855,LOW
230,611754,"South Central Railway - Rail road over double line between Guntakal West-Mallapa
Gate 9.64 km PB34/CR/2023-24",CAO/C/SCoR SCoR mor,Ministry of Railways,Railways,Andhra Pradesh,07/2023,01/2025,07/2026,-,,293.3,293.3,91.42,0.0,2023-07-01,2025-01-01,2026-07-01,,,0.0,17.936925098554532,,0.0,,0.0,0.3116945107398568,2023,293.3,0,0.3116945107398568,LOW
231,611798,Rakha Underground Mining Project,Hindustan Copper Limited [HCL],Ministry of Mines,Metals & Mining,Jharkhand,12/2022,03/2024,03/2033,-,,2705.0,2705.0,0.0,0.0,2022-12-01,2024-03-01,2033-03-01,,,0.0,107.98291721419184,,0.0,,0.0,0.0,2022,2705.0,1,0.0,LOW
232,611800,Surda Underground Copper Mining Project,Hindustan Copper Limited [HCL],Ministry of Mines,Metals & Mining,Jharkhand,02/2022,03/2024,03/2028,-,,665.02,665.02,23.43,1.0,2022-02-01,2024-03-01,2028-03-01,,,0.0,47.99605781865966,,0.0,,0.0,0.03523202309704972,2022,665.02,0,0.03523202309704972,LOW
233,611849,"Devgarh Madariya - Nathdwara Gauge Conversion [82.54 Km] part of Marwar - Mavli
Gauge Conversion [152 Km]",North Western Railway [NWR],Ministry of Railways,Railways,Rajasthan,01/2023,01/2023,06/2028,06/2028,,968.92,968.92,275.74,56.0,2023-01-01,2023-01-01,2028-06-01,2028-06-01,,0.0,64.98028909329828,64.98028909329828,0.0,,0.0,0.2845848986500434,2023,17.302142857142858,0,0.2845848986500434,LOW
234,611855,Nathdwara Mavli - Devgarh Madariya 82.542 km,CAOC/NWR NWR mor,Ministry of Railways,Railways,Rajasthan,01/2023,08/2023,06/2028,-,,968.92,1100.0,816.16,75.0,2023-01-01,2023-08-01,2028-06-01,,,0.13528464682326719,58.01576872536136,,0.0,,0.0,0.7419636363636364,2023,12.918933333333333,0,0.8423399248647979,LOW
235,611861,Rewari - Kathuwas Doubling Project [27.72 Km],North Western Railway [NWR],Ministry of Railways,Railways,"Multi-States
(Haryana,
Rajasthan)",02/2023,12/2022,06/2027,06/2027,,352.0,352.0,342.83,80.0,2023-02-01,2022-12-01,2027-06-01,2027-06-01,,0.0,53.975032851511166,53.975032851511166,0.0,,0.0,0.9739488636363636,2023,4.4,0,0.9739488636363636,LOW
236,611864,"AMALAGAMATED NTST KUJAMA OCP 8.5MTY
(Bharat Coking Coal Limited (BCCL))",Unknown,Ministry of Coal,Coal,Jharkhand,01/2023,01/2023,03/2030,-,,4011.85,4011.85,414.97,31.16,2023-01-01,2023-01-01,2030-03-01,,,0.0,85.93955321944809,,0.0,,0.0,0.10343607064072685,2023,128.75,1,0.10343607064072685,LOW
237,611884,Doubling between Bhiwani - Dobh Bahali PB73/2023-24/NR,CAOC/NWR NWR mor,Ministry of Railways,Railways,Haryana,02/2023,04/2023,06/2027,02/2028,,471.0,471.0,342.36,77.0,2023-02-01,2023-04-01,2027-06-01,2028-02-01,,0.0,50.0,58.04862023653088,8.04862023653088,,8.04862023653088,0.7268789808917198,2023,6.116883116883117,0,0.7268789808917198,LOW
238,611917,Poly Butadiene Rubber plant at Panipat,Indian Oil Corporation Limited [IOCL],Ministry of Petroleum & Natural Gas,Oil & Gas,Haryana,03/2022,03/2022,03/2025,12/2026,,1459.0,2531.44,1560.24,90.1,2022-03-01,2022-03-01,2025-03-01,2026-12-01,,0.7350514050719671,36.00525624178712,57.03022339027595,21.024967148488827,,21.024967148488827,0.6163448472015928,2022,16.193118756936737,1,1.0693899931459905,MEDIUM-HIGH
239,611918,Kosamba- Umarpada 69.70 Km PB32/WR/2023-24,CAOCWR WR mor,Ministry of Railways,Railways,Gujarat,07/2023,01/2024,03/2027,-,,468.0,468.0,146.38,31.0,2023-07-01,2024-01-01,2027-03-01,,,0.0,37.943495400788436,,0.0,,0.0,0.31277777777777777,2023,15.096774193548388,0,0.31277777777777777,LOW
240,611927,Kurnool - Setting up facilities for coach midlife rehabilitation workshop,WPO/Patna,Ministry of Railways,Railways,Andhra Pradesh,01/2014,10/2017,12/2023,-,,560.72,560.72,276.66,65.0,2014-01-01,2017-10-01,2023-12-01,,,0.0,73.98160315374507,,0.0,,0.0,0.49340134113282924,2014,8.62646153846154,0,0.49340134113282924,LOW
241,611929,"Maintenance cum workshop depot for Vande Bharat Sleeper Trains as per conditions
under WTA 527",WPO/Patna,Ministry of Railways,Railways,Rajasthan,09/2022,06/2023,12/2024,-,,166.86,166.86,0.0,0.0,2022-09-01,2023-06-01,2024-12-01,,,0.0,18.035479632063073,,0.0,,0.0,0.0,2022,166.86,0,0.0,LOW
242,611930,Lara Super Thermal Power Project Stage-II [2 x 800 MW],National Thermal Power Corporation [NTPC],Ministry of Power,Electricity Generation,Chhattisgarh,08/2023,08/2023,06/2028,11/2028,,15530.0,16106.0,5472.13,33.5,2023-08-01,2023-08-01,2028-06-01,2028-11-01,,0.03708950418544752,58.01576872536136,63.042049934296976,5.026281208935615,,5.026281208935615,0.3397572333291941,2023,463.5820895522388,1,0.35235866065679333,LOW
243,611937,"Adraj Moti Vijapur 40 Kms
(Western Railway (WR) - II)",Unknown,Ministry of Railways,Railways,Gujarat,05/2022,05/2022,05/2026,12/2025,12/2025,417.53,417.53,513.61,100.0,2022-05-01,2022-05-01,2026-05-01,2025-12-01,2025-12-01,0.0,47.99605781865966,43.03547963206307,-4.960578186596585,43.03547963206307,-4.960578186596585,1.2301152013029004,2022,4.1753,0,1.2301152013029004,LOW
244,611938,"Vijapur Ambliyasan Gauge Conversion
(Western Railway (WR) - II)",Unknown,Ministry of Railways,Railways,Gujarat,05/2022,05/2022,05/2026,10/2025,10/2025,415.38,415.38,701.04,100.0,2022-05-01,2022-05-01,2026-05-01,2025-10-01,2025-10-01,0.0,47.99605781865966,41.03153745072273,-6.964520367936927,41.03153745072273,-6.964520367936927,1.6877076411960132,2022,4.1538,0,1.6877076411960132,LOW
245,611939,"Himmatnagar Khedbrahma Gauge Conversion
(Western Railway (WR) - II)",Unknown,Ministry of Railways,Railways,Gujarat,06/2022,04/2017,06/2001,08/2025,08/2025,482.42,482.42,894.4,100.0,2022-06-01,2017-04-01,2001-06-01,2025-08-01,2025-08-01,0.0,-189.9802890932983,100.0,120.0,100.0,120.0,1.8539861531445627,2022,4.8242,0,1.8539861531445627,MEDIUM-HIGH
246,611943,New BG line between Naliya - Jakhau Port 24.88 Km,CAOCWR WR mor,Ministry of Railways,Railways,Gujarat,02/2023,11/2025,01/2028,02/2028,,410.26,410.26,11.86,5.0,2023-02-01,2025-11-01,2028-01-01,2028-02-01,,0.0,25.985545335085412,27.003942181340342,1.0183968462549302,,1.0183968462549302,0.028908497050650805,2023,82.05199999999999,0,0.028908497050650805,LOW
247,611944,"Quadrupling between Gandhidham Adipur with Y connection at Adipur for
providing direct entry towards Mundra Port and Bhuj and high level platform at
Gopalpur 11Kms",Western Railway [WR] - II,Ministry of Railways,Railways,Gujarat,02/2023,02/2023,03/2026,01/2026,02/2026,152.44,152.44,120.36,100.0,2023-02-01,2023-02-01,2026-03-01,2026-01-01,2026-02-01,0.0,36.925098554533506,34.98685939553219,-1.9382391590013128,36.00525624178712,-0.9198423127463826,0.7895565468381003,2023,1.5244,0,0.7895565468381003,LOW
248,611945,Petlad-Bhadran 22.5 km,CAOCWR WR mor,Ministry of Railways,Railways,Gujarat,05/2022,05/2024,05/2030,05/2030,,307.11,307.12,114.73,32.0,2022-05-01,2024-05-01,2030-05-01,2030-05-01,,3.256162287125429e-05,71.97766097240472,71.97766097240472,0.0,,0.0,0.373567335243553,2022,9.5971875,0,0.37357949920224026,LOW
249,611947,"Transmission System for Evacuation of Power from REZ in Rajasthan 20GW
under Phase III- Part E2",Power Grid Corporation of India Limited [POWERGRID],Ministry of Power,Transmission & Distribution,Rajasthan,11/2023,11/2023,06/2025,06/2026,05/2026,428.3,428.3,428.3,100.0,2023-11-01,2023-11-01,2025-06-01,2026-06-01,2026-05-01,0.0,18.988173455978973,30.97897503285151,11.990801576872535,29.96057818659658,10.972404730617608,1.0,2023,4.283,0,1.0,LOW
250,611948,"Transmission system for evacuation of power from REZ in Rajasthan 20 GW
under Phase-III part H",Power Grid Corporation of India Limited [POWERGRID],Ministry of Power,Transmission & Distribution,Rajasthan,10/2023,10/2023,06/2026,,04/2025,1910.0,1910.0,1910.0,100.0,2023-10-01,2023-10-01,2026-06-01,,2025-04-01,0.0,31.99737187910644,,0.0,18.00262812089356,-13.994743758212877,1.0,2023,19.1,1,1.0,LOW
251,611949,"Transmission system for evacuation of power from REZ in Rajasthan 20 GW under
Phase-III part C1",Power Grid Corporation of India Limited [POWERGRID],Ministry of Power,Transmission & Distribution,Rajasthan,10/2023,10/2023,04/2025,08/2026,,1160.0,1160.0,1148.4,99.87,2023-10-01,2023-10-01,2025-04-01,2026-08-01,,0.0,18.00262812089356,34.00131406044678,15.99868593955322,,15.99868593955322,0.9900000000000001,2023,11.615099629518374,1,0.9900000000000001,LOW
252,611950,"Transmission system for evacuation of power from REZ in Rajasthan 20 GW
under Phase-III part B1",Power Grid Corporation of India Limited [POWERGRID],Ministry of Power,Transmission & Distribution,Rajasthan,09/2023,09/2023,04/2025,02/2026,03/2026,2190.54,2190.54,2190.54,100.0,2023-09-01,2023-09-01,2025-04-01,2026-02-01,2026-03-01,0.0,18.988173455978973,29.040735873850196,10.052562417871222,29.96057818659658,10.972404730617608,1.0,2023,21.9054,1,1.0,LOW
253,611951,"Transmission system for evacuation of power from REZ in Rajasthan 20GW
under Phase-III Part E1",Power Grid Corporation of India Limited [POWERGRID],Ministry of Power,Transmission & Distribution,Rajasthan,12/2021,08/2023,02/2025,04/2026,04/2026,688.74,688.74,688.74,100.0,2021-12-01,2023-08-01,2025-02-01,2026-04-01,2026-04-01,0.0,18.068331143232587,31.99737187910644,13.929040735873851,31.99737187910644,13.929040735873851,1.0,2021,6.8874,0,1.0,LOW
254,611957,"Phase III A works at IIT Indore [03 Hostels, 01 Studio Apartment, 01 Housing, Heavy
& Sophisticated lab complex, Academic POD and Infrastructure for center of
excellence]","Indian Institute of Technology, Indore",Department of Higher Education,Education,Madhya Pradesh,12/2023,04/2024,02/2027,-,,496.28,496.28,97.35,67.5,2023-12-01,2024-04-01,2027-02-01,,,0.0,34.03416557161629,,0.0,,0.0,0.19615942613041026,2023,7.352296296296296,0,0.19615942613041026,LOW
255,611961,Construction of IIT Bhubaneswar -Phase III,"Indian Institute of Technology, Bhubaneshwar",Department of Higher Education,Education,Odisha,02/2024,05/2024,11/2026,-,,454.27,454.27,102.15,10.45,2024-02-01,2024-05-01,2026-11-01,,,0.0,30.02628120893561,,0.0,,0.0,0.22486626895898917,2024,43.470813397129184,0,0.22486626895898917,LOW
256,611963,"Construction & Development of Infrastructural Facilities in the main campus of NIT
Uttarakhand at Sumari, Pauri Garhwal",National Institute of Technology Uttarakhand,Department of Higher Education,Education,Uttarakhand,06/2020,04/2024,09/2027,-,,650.85,650.85,401.56,63.0,2020-06-01,2024-04-01,2027-09-01,,,0.0,40.99868593955322,,0.0,,0.0,0.6169777982638088,2020,10.33095238095238,0,0.6169777982638088,LOW
257,611966,"Transmission System for Evacuation of power from Potential RE Zone in Khavda
Area of Gujarat under phase IV 7GW-Part E4",Power Grid Corporation of India Limited [POWERGRID],Ministry of Power,Transmission & Distribution,Maharashtra,11/2023,11/2023,07/2025,05/2026,06/2026,224.41,224.41,224.41,100.0,2023-11-01,2023-11-01,2025-07-01,2026-05-01,2026-06-01,0.0,19.97371879106439,29.96057818659658,9.986859395532193,30.97897503285151,11.00525624178712,1.0,2023,2.2441,0,1.0,LOW
258,611967,"Transmission Scheme for Solar Energy Zone in Ananthpuram 2500MW and
Kurnool 1000MW",Power Grid Corporation of India Limited [POWERGRID],Ministry of Power,Transmission & Distribution,Andhra Pradesh,09/2023,09/2023,05/2026,,09/2025,823.0,823.0,798.31,100.0,2023-09-01,2023-09-01,2026-05-01,,2025-09-01,0.0,31.964520367936924,,0.0,24.014454664914584,-7.950065703022339,0.97,2023,8.23,0,0.97,LOW
259,611969,Choranda Motikoral 18 Kms,PCE/WR,Ministry of Railways,Railways,Gujarat,08/2023,,10/2026,-,,246.0,246.0,0.0,0.0,2023-08-01,,2026-10-01,,,0.0,,,0.0,,0.0,0.0,2023,246.0,0,0.0,LOW
260,611970,Samlaya-Timba Road 53.53 km,CAOCWR WR mor,Ministry of Railways,Railways,Gujarat,02/2023,05/2024,03/2030,03/2030,,670.17,670.17,195.1,25.0,2023-02-01,2024-05-01,2030-03-01,2030-03-01,,0.0,69.97371879106439,69.97371879106439,0.0,,0.0,0.29112016354059417,2023,26.8068,0,0.29112016354059417,LOW
261,611971,Samni-Jambusar 24.08 km,CAOCWR WR mor,Ministry of Railways,Railways,Gujarat,05/2022,04/2024,03/2030,03/2030,,350.0,349.93,188.23,40.0,2022-05-01,2024-04-01,2030-03-01,2030-03-01,,-0.00019999999999998052,70.9592641261498,70.9592641261498,0.0,,0.0,0.5379075815163032,2022,8.75,0,0.5378,LOW
262,611972,Jambusar Kavi 26 Kms,PCE/WR,Ministry of Railways,Railways,Gujarat,04/2023,,12/2026,-,,318.0,318.0,0.0,0.0,2023-04-01,,2026-12-01,,,0.0,,,0.0,,0.0,0.0,2023,318.0,0,0.0,LOW
263,611973,miyagam karjan Choranda maalsar 37 kms,PCE/WR,Ministry of Railways,Railways,Gujarat,06/2023,,12/2026,-,,450.0,450.0,0.0,0.0,2023-06-01,,2026-12-01,,,0.0,,,0.0,,0.0,0.0,2023,450.0,0,0.0,LOW
264,611974,Western Railway- Samakhiali-Gandhidham Quadrupiling 53 km PB34/CR/2023-24,CAOCWR WR mor,Ministry of Railways,Railways,Gujarat,08/2023,04/2024,12/2026,12/2027,,1430.0,1430.0,748.46,50.0,2023-08-01,2024-04-01,2026-12-01,2027-12-01,,0.0,31.99737187910644,43.98817345597897,11.990801576872535,,11.990801576872535,0.5233986013986014,2023,28.6,1,0.5233986013986014,LOW
265,611975,Western Railway Vasai bypass double line between Naigaon Juchandra 6 km,PCE/WR,Ministry of Railways,Railways,Maharashtra,07/2023,,03/2026,-,,176.0,176.0,0.0,0.0,2023-07-01,,2026-03-01,,,0.0,,,0.0,,0.0,0.0,2023,176.0,0,0.0,LOW
266,611976,"Jogeshwari AT Development of JOS-AT as Trainset Maintenance Depot for energy
efficient Vande Bharat Sleeper Trains",PCE/WR,Ministry of Railways,Railways,Maharashtra,06/2023,,10/2025,-,,221.0,221.0,0.0,0.0,2023-06-01,,2025-10-01,,,0.0,,,0.0,,0.0,0.0,2023,221.0,0,0.0,LOW
267,611977,"Dahod Creation of Infrastructure facilities for 9000 HP Electric locomotives
Manufacturing at",PCE/WR,Ministry of Railways,Railways,Gujarat,05/2022,02/2023,02/2025,-,,487.0,487.0,222.88,53.0,2022-05-01,2023-02-01,2025-02-01,,,0.0,24.014454664914584,,0.0,,0.0,0.45765913757700205,2022,9.18867924528302,0,0.45765913757700205,LOW
268,611978,Dahod Rolling Stock Workshop Provision of Infrastructure for CBS at,PCE/WR,Ministry of Railways,Railways,Gujarat,11/2022,03/2023,03/2025,-,,158.0,158.0,51.87,10.0,2022-11-01,2023-03-01,2025-03-01,,,0.0,24.014454664914584,,0.0,,0.0,0.3282911392405063,2022,15.8,0,0.3282911392405063,LOW
269,611979,Sabarmati Setting up of Maintenance Facilities for Train Sets Phase ii,Western Railway [WR] - II,Ministry of Railways,Railways,Gujarat,01/2023,04/2023,06/2025,05/2026,,250.0,250.0,185.02,88.0,2023-01-01,2023-04-01,2025-06-01,2026-05-01,,0.0,26.018396846254927,36.990801576872535,10.972404730617608,,10.972404730617608,0.7400800000000001,2023,2.840909090909091,0,0.7400800000000001,LOW
270,611980,Junagarh Visavadar 42 Kms,Railway,Ministry of Railways,Railways,Offshore,06/2022,02/2023,09/2028,09/2028,,492.83,492.83,3.0,1.0,2022-06-01,2023-02-01,2028-09-01,2028-09-01,,0.0,66.98423127463863,66.98423127463863,0.0,,0.0,0.006087291763894244,2022,492.83,0,0.006087291763894244,LOW
271,612063,"Construction of New Terminal Building, Second Link Taxi Track, Apron
Expansion, and associated works at Prayagraj Airport- On Design & Build Basis",Airport Authority of India [AAI],Ministry of Civil Aviation,Aviation & Aviation Infrastructure,Uttar Pradesh,08/2023,,11/2024,10/2025,10/2025,219.18,274.38,215.51,100.0,2023-08-01,,2024-11-01,2025-10-01,2025-10-01,0.25184779633178206,,,0.0,,0.0,0.785443545447919,2023,2.1918,0,0.9832557715119992,LOW
272,612066,"Rajasthan Metro Rail Project Phase 1C from Badi Chaupar to Transport Nagar via
Galta Gate",Jaipur Metro Rail Corporation,Ministry of Housing & Urban Affairs,Urban Public Transport,Rajasthan,10/2025,09/2023,04/2027,-,,980.08,980.08,103.03,0.0,2025-10-01,2023-09-01,2027-04-01,,,0.0,42.96977660972404,,0.0,,0.0,0.10512407150436699,2025,980.08,0,0.10512407150436699,LOW
273,612068,Jaipur Metro Phase 1D Project from Mansarovar to Ajmer Road Chauraha,Jaipur Metro Rail Corporation,Ministry of Housing & Urban Affairs,Urban Public Transport,Rajasthan,05/2026,12/2023,03/2026,-,,204.81,204.81,23.34,12.48,2026-05-01,2023-12-01,2026-03-01,,,0.0,26.971090670170828,,0.0,,0.0,0.11395927933206386,2026,16.411057692307693,0,0.11395927933206386,LOW
274,612072,Barejadi Nandej Geratpur - Sanand - 4th line 38.20 km,CAOCWR WR mor,Ministry of Railways,Railways,Gujarat,02/2023,03/2024,03/2027,07/2028,,961.67,961.67,548.14,23.0,2023-02-01,2024-03-01,2027-03-01,2028-07-01,,0.0,35.972404730617605,52.00394218134034,16.031537450722738,,16.031537450722738,0.5699876256928053,2023,41.81173913043478,0,0.5699876256928053,MEDIUM-HIGH
275,612096,Construction of Balurghat-Hilli new BG Line,Northeast Frontier Railway [NFR],Ministry of Railways,Railways,West Bengal,12/2010,12/2010,03/2027,03/2027,,1209.0,1181.57,518.15,18.0,2010-12-01,2010-12-01,2027-03-01,2027-03-01,,-0.022688172043010806,194.94086727989486,194.94086727989486,0.0,,0.0,0.4385267059928739,2010,67.16666666666667,1,0.42857733664185277,LOW
276,612128,Hostel blocks & dining hall block,"Indian Institute of Technology, Mandi",Department of Higher Education,Education,Himachal Pradesh,03/2023,03/2024,03/2026,09/2026,,166.66,166.66,138.26,93.0,2023-03-01,2024-03-01,2026-03-01,2026-09-01,,0.0,23.98160315374507,30.02628120893561,6.044678055190541,,6.044678055190541,0.829593183727349,2023,1.7920430107526881,0,0.829593183727349,LOW
277,612132,"Transmission Scheme for Evacuation of power from REZ in Rajasthan [20 GW] under
Phase-III Part D Phase I [Sikar Khetri Transmission Ltd]",Power Grid Corporation of India Limited [POWERGRID],Ministry of Power,Transmission & Distribution,"Multi-States (Delhi,
Haryana,
Rajasthan)",02/2024,02/2024,08/2025,03/2027,,2423.0,2423.0,2229.16,92.47,2024-02-01,2024-02-01,2025-08-01,2027-03-01,,0.0,17.969776609724047,36.925098554533506,18.95532194480946,,18.95532194480946,0.9199999999999999,2024,26.20309289499297,1,0.9199999999999999,LOW
278,612133,"Transmission System for Evacuation of power from Rajasthan REZ Ph-IV [Part-1]
[Bikaner Complex] Part D [Neemrana Bareilly Transmission Ltd]",Power Grid Corporation of India Limited [POWERGRID],Ministry of Power,Transmission & Distribution,"Multi-States
(Rajasthan, Uttar
Pradesh)",12/2023,12/2023,12/2025,04/2027,,3271.0,3271.0,2731.29,73.45,2023-12-01,2023-12-01,2025-12-01,2027-04-01,,0.0,24.014454664914584,39.98028909329829,15.965834428383705,,15.965834428383705,0.8350015285845307,2023,44.53369639210347,1,0.8350015285845307,LOW
279,612134,"Transmission System for Evacuation of power from Rajasthan REZ Ph-IV [Part-1]
[Bikaner Complex] Part A [Bikaner Neemrana Transmission Ltd]",Power Grid Corporation of India Limited [POWERGRID],Ministry of Power,Transmission & Distribution,Rajasthan,12/2023,12/2023,12/2025,04/2027,,4741.0,4741.0,3887.62,79.39,2023-12-01,2023-12-01,2025-12-01,2027-04-01,,0.0,24.014454664914584,39.98028909329829,15.965834428383705,,15.965834428383705,0.82,2023,59.717848595541,1,0.82,LOW
280,612135,Hostel 4 -Earlier Known as Hostel 20,"Indian Institute of Technology, Bombay",Department of Higher Education,Education,Maharashtra,09/2022,12/2023,09/2025,12/2025,12/2025,182.33,182.33,178.17,100.0,2022-09-01,2023-12-01,2025-09-01,2025-12-01,2025-12-01,0.0,21.02496714848883,24.014454664914584,2.989487516425754,24.014454664914584,2.989487516425754,0.9771842264026763,2022,1.8233000000000001,0,0.9771842264026763,LOW
281,612138,"Transmission Scheme for Solar Energy Zone in Bidar [2500 MW], Karnataka [Bidar
Transmission Ltd]",Power Grid Corporation of India Limited [POWERGRID],Ministry of Power,Transmission & Distribution,"Multi-States
(Karnataka,
Telangana)",02/2024,02/2024,02/2026,08/2026,,1368.0,1368.0,1258.56,96.84,2024-02-01,2024-02-01,2026-02-01,2026-08-01,,0.0,24.014454664914584,29.96057818659658,5.946123521681997,,5.946123521681997,0.9199999999999999,2024,14.12639405204461,1,0.9199999999999999,LOW
282,612139,"Transmission system for Evacuation of Additional 7 GW RE power from Khavda RE
park under Phase-III Part B [Vataman Transmission Limited]",Power Grid Corporation of India Limited [POWERGRID],Ministry of Power,Transmission & Distribution,Gujarat,12/2023,12/2023,12/2025,12/2026,,4231.0,4231.0,3175.79,72.12,2023-12-01,2023-12-01,2025-12-01,2026-12-01,,0.0,24.014454664914584,36.00525624178712,11.990801576872538,,11.990801576872538,0.7506003308910423,2023,58.66611203549639,1,0.7506003308910423,LOW
283,612140,"Transmission Scheme for Integration of Renewable Energy Zone [Phase II] in Koppal
II [Phase A&B] and gadag II[Phase A] in Karnataka [POWERGRID KOPPAL GADAG
TRANSMISSION LIMITED]",Power Grid Corporation of India Limited [POWERGRID],Ministry of Power,Transmission & Distribution,Karnataka,12/2023,12/2023,12/2025,09/2026,,4445.0,4445.0,4089.4,95.95,2023-12-01,2023-12-01,2025-12-01,2026-09-01,,0.0,24.014454664914584,33.01576872536137,9.001314060446784,,9.001314060446784,0.92,2023,46.326211568525274,1,0.92,LOW
284,612142,"Singrauli Super Thermal Power Project, Stage-III [2x800 MW]",National Thermal Power Corporation [NTPC],Ministry of Power,Electricity Generation,Uttar Pradesh,03/2024,03/2024,02/2030,04/2030,,17195.0,17195.0,3840.48,25.0,2024-03-01,2024-03-01,2030-02-01,2030-04-01,,0.0,71.05781865965834,72.99605781865965,1.9382391590013128,,1.9382391590013128,0.2233486478627508,2024,687.8,1,0.2233486478627508,LOW
285,612151,"Transmission System for Evacuation of Power from potential Renewable Energy
zone in Khavda Area of Gujarat under Phase IV [7 GW] Part E3",Power Grid Corporation of India Limited [POWERGRID],Ministry of Power,Transmission & Distribution,Gujarat,07/2023,07/2023,07/2025,04/2026,04/2026,334.0,334.0,334.0,100.0,2023-07-01,2023-07-01,2025-07-01,2026-04-01,2026-04-01,0.0,24.014454664914584,33.01576872536137,9.001314060446784,33.01576872536137,9.001314060446784,1.0,2023,3.34,0,1.0,LOW
286,612167,"Construction of 350 beds + 50 Super Specialty beds ESIC Hospital Sheelanagar,
Visakhapatnam, Andhra Pradesh",Employee's State Insurance Company [ESIC],Ministry of Labour and Employment,Healthcare,Andhra Pradesh,02/2021,04/2023,10/2025,08/2026,,384.27,384.27,286.38,95.0,2021-02-01,2023-04-01,2025-10-01,2026-08-01,,0.0,30.02628120893561,40.01314060446781,9.986859395532196,,9.986859395532196,0.7452572410024202,2021,4.044947368421052,0,0.7452572410024202,LOW
287,612178,"Construction of 100 Bedded ESIC Hospital building and 32 Nos Residential
Quarters at Vallam Vadangal, SIPCOT, Sriperumbudur",Employee's State Insurance Company [ESIC],Ministry of Labour and Employment,Healthcare,Tamil Nadu,02/2015,03/2023,06/2025,05/2026,05/2026,152.95,177.01,130.22,100.0,2015-02-01,2023-03-01,2025-06-01,2026-05-01,2026-05-01,0.15730630925138936,27.036793692509853,38.009198423127465,10.972404730617612,38.009198423127465,10.972404730617612,0.7356646517145924,2015,1.5294999999999999,0,0.8513893429225238,LOW
288,612183,Development of New Civil Enclave at Bihta,Airport Authority of India [AAI],Ministry of Civil Aviation,Aviation & Aviation Infrastructure,Bihar,08/2024,04/2025,03/2027,-,,1413.0,1413.0,15.53,4.15,2024-08-01,2025-04-01,2027-03-01,,,0.0,22.963206307490143,,0.0,,0.0,0.010990799716914365,2024,340.48192771084337,1,0.010990799716914365,LOW
289,612185,"C/o Construction of 200 bedded [Up-gradable to 300 bedded] ESI Hospital at
Surat Gujarat",Employee's State Insurance Company [ESIC],Ministry of Labour and Employment,Healthcare,Gujarat,06/2019,03/2021,01/2026,,06/2025,209.36,209.36,202.62,100.0,2019-06-01,2021-03-01,2026-01-01,,2025-06-01,0.0,58.04862023653088,,0.0,51.01839684625492,-7.030223390275957,0.9678066488345434,2019,2.0936000000000003,0,0.9678066488345434,LOW
290,612186,350 Bedded [Upgradable to 500 beds] ESI Hospital at Sanand,Employee's State Insurance Company [ESIC],Ministry of Labour and Employment,Healthcare,Gujarat,06/2022,04/2023,03/2026,05/2027,,558.12,558.12,55.81,28.0,2022-06-01,2023-04-01,2026-03-01,2027-05-01,,0.0,34.98685939553219,48.98160315374507,13.994743758212877,,13.994743758212877,0.09999641654124561,2022,19.93285714285714,0,0.09999641654124561,LOW
291,612188,"Construction of 200 Bedded [Upgradable to 500 Bedded including 50 beds of
SST] ESIC Hospital at Bibewadi, Pune",Employee's State Insurance Company [ESIC],Ministry of Labour and Employment,Healthcare,Maharashtra,05/2018,03/2023,08/2026,,09/2025,429.25,429.25,341.9,100.0,2018-05-01,2023-03-01,2026-08-01,,2025-09-01,0.0,41.03153745072273,,0.0,30.059132720105122,-10.972404730617608,0.7965055329062317,2018,4.2925,0,0.7965055329062317,LOW
292,612194,Development of New Civil Enclave and associated works at Darbhanga Airport,Airport Authority of India [AAI],Ministry of Civil Aviation,Aviation & Aviation Infrastructure,Bihar,07/2024,07/2024,07/2026,11/2026,,911.66,911.66,426.22,71.1,2024-07-01,2024-07-01,2026-07-01,2026-11-01,,0.0,23.98160315374507,28.02233902759527,4.040735873850199,,4.040735873850199,0.46752078625803484,2024,12.822222222222223,0,0.46752078625803484,LOW
293,612201,"Construction of 200 bedded ESIC Hospital with 62 Nos Staff quarters , Beltola",Employee's State Insurance Company [ESIC],Ministry of Labour and Employment,Healthcare,Assam,12/2017,10/2021,04/2025,06/2026,05/2026,143.23,154.75,130.08,100.0,2017-12-01,2021-10-01,2025-04-01,2026-06-01,2026-05-01,0.080430077497731,41.98423127463863,55.97897503285151,13.994743758212877,54.96057818659658,12.976346911957947,0.8405815831987077,2017,1.4323,0,0.9081896250785452,LOW
294,612203,Academic Block 1 & 2,"Indian Institute of Technology, Bombay",Department of Higher Education,Education,Maharashtra,09/2022,05/2023,07/2026,03/2027,,68.0,263.93,27.4,20.0,2022-09-01,2023-05-01,2026-07-01,2027-03-01,,2.8813235294117647,38.009198423127465,45.992115637319316,7.9829172141918505,,7.9829172141918505,0.10381540559996968,2022,3.4,0,0.4029411764705882,MEDIUM
295,612211,"Demolition, Construction and upgradation of ESI Hospital, Kalol, Gujarat from 50 beds
to 150 beds",Employee's State Insurance Company [ESIC],Ministry of Labour and Employment,Healthcare,Gujarat,08/2022,10/2023,10/2025,11/2026,,205.87,205.87,51.74,58.0,2022-08-01,2023-10-01,2025-10-01,2026-11-01,,0.0,24.014454664914584,37.023653088042046,13.009198423127462,,13.009198423127462,0.2513236508476223,2022,3.5494827586206896,0,0.2513236508476223,LOW
296,612213,"Construction of 200 Bedded ESIC Hospital at Butibori, Nagpur, Maharashtra",Employee's State Insurance Company [ESIC],Ministry of Labour and Employment,Healthcare,Maharashtra,10/2013,08/2022,08/2025,09/2026,,194.93,196.7,116.22,67.0,2013-10-01,2022-08-01,2025-08-01,2026-09-01,,0.009080182629661836,36.00525624178712,49.01445466491458,13.009198423127458,,13.009198423127458,0.5908490086426029,2013,2.909402985074627,0,0.5962140255476325,LOW
297,612239,"Construction of 100 bedded ESIC Hospital & 32 nos. of Staff qtrs at OMPURA
J&K",Employee's State Insurance Company [ESIC],Ministry of Labour and Employment,Healthcare,Jammu and Kashmir,09/2019,12/2021,09/2024,12/2025,12/2025,131.05,164.93,162.05,100.0,2019-09-01,2021-12-01,2024-09-01,2025-12-01,2025-12-01,0.2585272796642502,33.01576872536137,47.99605781865966,14.980289093298289,47.99605781865966,14.980289093298289,0.9825380464439459,2019,1.3105000000000002,0,1.236550934757726,MEDIUM
298,612259,CONSTRUCTION OF 300 BEDDED HOSPITAL AT HARIDWAR,Employee's State Insurance Company [ESIC],Ministry of Labour and Employment,Healthcare,Uttarakhand,02/2021,12/2021,10/2024,07/2026,,102.4,297.63,340.3,90.5,2021-02-01,2021-12-01,2024-10-01,2026-07-01,,1.9065429687499997,34.00131406044678,54.96057818659658,20.959264126149797,,20.959264126149797,1.143365924133992,2021,1.1314917127071824,0,3.3232421875,MEDIUM-HIGH
299,612513,"Construction of 100 Bedded ESI Hospital at Duburi, Odisha",Employee's State Insurance Company [ESIC],Ministry of Labour and Employment,Healthcare,Odisha,12/2010,02/2025,06/2027,-,,164.6,164.6,16.44,7.2,2010-12-01,2025-02-01,2027-06-01,,,0.0,27.92378449408673,,0.0,,0.0,0.09987849331713246,2010,22.86111111111111,0,0.09987849331713246,LOW
300,612688,"Construction of New OPD Block 200 Bed ward Basement + GF + 6 Floors at the
location of old OPD block, at existing ESIC Hospital/ Medical college campus,
Sanathnagar, Hyderabad",Employee's State Insurance Company [ESIC],Ministry of Labour and Employment,Healthcare,Telangana,11/2017,10/2021,06/2024,06/2025,06/2025,211.13,211.13,198.95,100.0,2017-11-01,2021-10-01,2024-06-01,2025-06-01,2025-06-01,0.0,31.99737187910644,43.98817345597897,11.990801576872535,43.98817345597897,11.990801576872535,0.9423104248567233,2017,2.1113,0,0.9423104248567233,LOW
301,612745,"Construction of 200 bed ESI Hospital at Bommasandra, Karnataka",Employee's State Insurance Company [ESIC],Ministry of Labour and Employment,Healthcare,Karnataka,02/2015,10/2024,01/2027,05/2027,,278.0,278.0,80.52,35.0,2015-02-01,2024-10-01,2027-01-01,2027-05-01,,0.0,27.003942181340342,30.946123521681997,3.942181340341655,,3.942181340341655,0.2896402877697842,2015,7.942857142857143,0,0.2896402877697842,LOW
302,612748,"Construction of 100 bed ESI Hospital and Staff Quarters [32 Nos.] at Harohalli,
Karnataka",Employee's State Insurance Company [ESIC],Ministry of Labour and Employment,Healthcare,Karnataka,07/2019,03/2025,02/2027,-,,150.92,150.92,31.05,28.1,2019-07-01,2025-03-01,2027-02-01,,,0.0,23.061760840998684,,0.0,,0.0,0.20573813941160882,2019,5.370818505338078,0,0.20573813941160882,LOW
303,612781,Rebuilding of COB 4 at Durgapur Steel Plant,Steel Authority of India Limited [SAIL],Ministry of Steel,Steel,West Bengal,09/2023,09/2023,09/2027,09/2027,,916.78,916.78,244.78,37.19,2023-09-01,2023-09-01,2027-09-01,2027-09-01,,0.0,47.99605781865966,47.99605781865966,0.0,,0.0,0.2669997163986998,2023,24.651250336111858,0,0.2669997163986998,LOW
304,612786,"Construction of New Domestic Terminal Building Building and miscellaneous works
including maintenance, operations and AICMC at Kadapa Airport",Airport Authority of India [AAI],Ministry of Civil Aviation,Aviation & Aviation Infrastructure,Andhra Pradesh,03/2023,01/2024,01/2026,09/2026,,265.91,265.91,176.38,80.0,2023-03-01,2024-01-01,2026-01-01,2026-09-01,,0.0,24.014454664914584,31.99737187910644,7.982917214191854,,7.982917214191854,0.6633071339927042,2023,3.323875,0,0.6633071339927042,LOW
305,612787,"Construction of New Domestic Terminal Building and Miscellaneous works at Hubli
Airport",Airport Authority of India [AAI],Ministry of Civil Aviation,Aviation & Aviation Infrastructure,Karnataka,06/2023,01/2024,01/2026,09/2026,,320.47,320.47,169.11,88.5,2023-06-01,2024-01-01,2026-01-01,2026-09-01,,0.0,24.014454664914584,31.99737187910644,7.982917214191854,,7.982917214191854,0.5276936998783037,2023,3.621129943502825,0,0.5276936998783037,LOW
306,612788,"Construction of New Domestic Terminal Building and Miscellaneous Works at
Belagavi Airport",Airport Authority of India [AAI],Ministry of Civil Aviation,Aviation & Aviation Infrastructure,Karnataka,06/2023,02/2024,02/2026,08/2026,,322.45,322.45,240.99,97.0,2023-06-01,2024-02-01,2026-02-01,2026-08-01,,0.0,24.014454664914584,29.96057818659658,5.946123521681997,,5.946123521681997,0.7473716855326408,2023,3.324226804123711,0,0.7473716855326408,LOW
307,612789,"Development of additional RESA on either end on Runway 10-28 at Calicut Airport.
Construction of embankment with slope protection, drainage system and associated
works for additional RESA on either end on Runway 10-28",Airport Authority of India [AAI],Ministry of Civil Aviation,Aviation & Aviation Infrastructure,Kerala,06/2023,02/2024,09/2025,12/2026,,484.57,484.57,242.51,65.8,2023-06-01,2024-02-01,2025-09-01,2026-12-01,,0.0,18.988173455978973,33.96846254927726,14.980289093298289,,14.980289093298289,0.5004643291990837,2023,7.364285714285715,0,0.5004643291990837,LOW
308,612790,Power System Upgradation Project,Mangalore Refinery and Petrochemicals Limited,Ministry of Petroleum & Natural Gas,Oil & Gas,Karnataka,10/2023,10/2023,11/2025,09/2026,,385.0,385.0,271.36,90.4,2023-10-01,2023-10-01,2025-11-01,2026-09-01,,0.0,25.03285151116951,35.019710906701704,9.986859395532193,,9.986859395532193,0.7048311688311689,2023,4.258849557522123,0,0.7048311688311689,LOW
309,612791,"Re-Construction of Rigid portions of Secondary Runway, K and A Taxiway and
Strengthening of C Taxiway at NSCBI Airport Kolkata",Airport Authority of India [AAI],Ministry of Civil Aviation,Aviation & Aviation Infrastructure,West Bengal,03/2023,12/2023,10/2025,08/2026,,328.3,328.3,153.52,73.5,2023-03-01,2023-12-01,2025-10-01,2026-08-01,,0.0,22.010512483574242,31.99737187910644,9.986859395532196,,9.986859395532196,0.4676210782820591,2023,4.466666666666667,0,0.4676210782820591,LOW
310,612793,"Widening of basic strip at Western Side of Runway Chainage 80m to 920m i/c
slope stabilization Measures [Balance work] of uphill and Improvement of Storm
Water Drainage System at Pakyong Airport, Sikkim on design & build basis [EPC]
with integrated 10 years maintenance",Airport Authority of India [AAI],Ministry of Civil Aviation,Aviation & Aviation Infrastructure,Sikkim,11/2023,12/2023,06/2026,06/2027,,323.26,323.26,87.61,36.14,2023-11-01,2023-12-01,2026-06-01,2027-06-01,,0.0,29.993429697766096,41.98423127463863,11.990801576872535,,11.990801576872535,0.271020231392687,2023,8.944659656889872,0,0.271020231392687,LOW
311,612815,Nipania-Bhatapra 14.4 km 4th line PB72/NR/2022-23,CAOC/SECR SECR mor,Ministry of Railways,Railways,Chhattisgarh,12/2022,03/2023,03/2027,-,,170.49,170.49,12.12,3.0,2022-12-01,2023-03-01,2027-03-01,,,0.0,47.99605781865966,,0.0,,0.0,0.07108921344360372,2022,56.830000000000005,0,0.07108921344360372,LOW
312,612816,ITAPARA OCP,Eastern Coal Fields Limited [ECL],Ministry of Coal,Coal,West Bengal,12/2023,12/2023,03/2030,-,,929.1,929.1,132.43,8.41,2023-12-01,2023-12-01,2030-03-01,,,0.0,74.96714848883049,,0.0,,0.0,0.1425357873210634,2023,110.4756242568371,0,0.1425357873210634,LOW
313,612819,300 MW SPP part of 510 MW CPSU scheme,NLC India Limited [NLCIL],Ministry of Coal,Electricity Generation,Rajasthan,07/2022,03/2023,09/2024,01/2026,01/2026,1813.0,1813.0,1753.07,100.0,2022-07-01,2023-03-01,2024-09-01,2026-01-01,2026-01-01,0.0,18.068331143232587,34.06701708278581,15.998685939553223,34.06701708278581,15.998685939553223,0.9669442912300055,2022,18.13,1,0.9669442912300055,LOW
314,612827,"Flyover between Pendurthi-Simhachalam North to avoid surface crossing at
Simhachalam 7.135 km PB73/2023-24/NR",CAO/C/SCoR SCoR mor,Ministry of Railways,Railways,Andhra Pradesh,04/2023,06/2024,04/2027,-,,183.65,183.65,25.44,21.0,2023-04-01,2024-06-01,2027-04-01,,,0.0,33.96846254927726,,0.0,,0.0,0.13852436700245033,2023,8.745238095238095,0,0.13852436700245033,LOW
315,612834,3rd & 4th line between Sarla - Sason 8 km PB73/2023-24/NR,CAO/C/ECOR ECoR mor,Ministry of Railways,Railways,Odisha,04/2023,01/2024,12/2025,-,,252.0,252.0,169.6,88.0,2023-04-01,2024-01-01,2025-12-01,,,0.0,22.996057818659658,,0.0,,0.0,0.673015873015873,2023,2.8636363636363638,0,0.673015873015873,LOW
316,612838,DIPKA OC,SECL - CIL,Ministry of Coal,Coal,Gujarat,01/2017,,03/2025,-,,7580.0,7580.0,3091.0,65.0,2017-01-01,,2025-03-01,,,0.0,,,0.0,,0.0,0.4077836411609499,2017,116.61538461538461,1,0.4077836411609499,LOW
317,612845,Pachora-Jamner with extension upto Malkapur-Narrow gauge to broad gauge 84 km,CAOC/CR CR mor,Ministry of Railways,Railways,Maharashtra,08/2022,01/2026,08/2027,-,,955.39,2093.82,294.53,10.0,2022-08-01,2026-01-01,2027-08-01,,,1.191586681878605,18.95532194480946,,0.0,,0.0,0.14066634190140506,2022,95.539,0,0.30828248149970167,MEDIUM
318,612851,"Phase 1B - Construction of Academic Block, Hostel, Residential Tower, Directors
Residence and External Development works at National Institute of Technology, Delhi
Campus on Engineering, Procurement and Construction basis",National Institute of Technology Delhi,Department of Higher Education,Education,Delhi,09/2009,11/2022,09/2025,01/2026,,333.49,336.42,336.42,100.0,2009-09-01,2022-11-01,2025-09-01,2026-01-01,,0.008785870640798844,34.00131406044678,38.009198423127465,4.007884362680684,,4.007884362680684,1.0,2009,3.3349,0,1.0087858706407988,LOW
319,612853,Gurdaspur Jammu Pipeline,Gas Authority of India Limited [GAIL],Ministry of Petroleum & Natural Gas,Oil & Gas,Punjab,07/2023,07/2023,07/2026,-,,521.9,521.9,326.4,91.1,2023-07-01,2023-07-01,2026-07-01,,,0.0,36.00525624178712,,0.0,,0.0,0.6254071661237784,2023,5.728869374313941,0,0.6254071661237784,LOW
320,612855,"Transmission System for Evacuation of Power from Potential Energy Renewable Zone
in Khavda Area of Gujarat under Ph-IV [7GW] Part E2",Power Grid Corporation of India Limited [POWERGRID],Ministry of Power,Transmission & Distribution,Gujarat,05/2024,05/2024,05/2026,09/2026,,697.0,697.0,592.45,82.0,2024-05-01,2024-05-01,2026-05-01,2026-09-01,,0.0,23.98160315374507,28.02233902759527,4.040735873850199,,4.040735873850199,0.8500000000000001,2024,8.5,0,0.8500000000000001,LOW
321,612856,"Augmentation of 1x1500 MVA 3rd 765/400 kV transformation capacity at Kurnool
New Substation",Power Grid Corporation of India Limited [POWERGRID],Ministry of Power,Transmission & Distribution,Andhra Pradesh,05/2023,12/2023,09/2025,03/2026,03/2026,163.61,163.61,163.61,100.0,2023-05-01,2023-12-01,2025-09-01,2026-03-01,2026-03-01,0.0,21.02496714848883,26.971090670170828,5.946123521681997,26.971090670170828,5.946123521681997,1.0,2023,1.6361,0,1.0,LOW
322,612876,"Construction of Permanent Campus for NIT Mizoram at Lengpui, Aizawl",NIT Mizoram,Department of Higher Education,Education,Mizoram,09/2009,06/2014,12/2029,03/2022,,474.23,474.23,167.55,4.0,2009-09-01,2014-06-01,2029-12-01,2022-03-01,,0.0,186.00525624178712,92.96977660972405,-93.03547963206307,,-93.03547963206307,0.3533095755224258,2009,118.5575,0,0.3533095755224258,LOW
323,612877,Establishment of NIT Puducherry Permanent Campus [Phase-I and Phase-II],"National Institute of Technology, Puducherry",Department of Higher Education,Education,Puducherry,09/2009,07/2013,12/2024,05/2026,,618.34,544.34,543.74,99.5,2009-09-01,2013-07-01,2024-12-01,2026-05-01,,-0.1196752595659346,137.02365308804204,153.97503285151117,16.951379763469134,,16.951379763469134,0.9988977477311973,2009,6.214472361809046,0,0.8793544004916388,LOW
324,612878,Bangalore Metro Rail Project - PHASE-3,Bengaluru Metro Rail,Ministry of Housing & Urban Affairs,Urban Public Transport,Karnataka,09/2024,06/2026,05/2031,-,,15611.0,15611.0,0.0,3.8,2024-09-01,2026-06-01,2031-05-01,,,0.0,58.96846254927726,,0.0,,0.0,0.0,2024,4108.1578947368425,1,0.0,LOW
325,612883,"Establishment of Permanent Campus of NIT SIkkim at Khamdong-Gangtok
District",NIT Sikkim,Department of Higher Education,Education,Sikkim,02/2024,03/2024,02/2028,12/2026,,685.76,610.76,283.56,38.0,2024-02-01,2024-03-01,2028-02-01,2026-12-01,,-0.10936770881941205,47.04336399474376,33.01576872536137,-14.027595269382388,,-14.027595269382388,0.4642740192546991,2024,18.046315789473685,0,0.413497433504433,LOW
326,612885,"Construction and Developement of National Institute of Technology Meghalaya
Permanent Campus at Sohra","National Institute of Technology, Meghalaya",Department of Higher Education,Education,Meghalaya,09/2009,09/2014,03/2022,10/2026,,494.52,429.7,377.82,97.5,2009-09-01,2014-09-01,2022-03-01,2026-10-01,,-0.1310765995308582,89.94743758212877,144.97371879106439,55.026281208935615,,55.026281208935615,0.879264603211543,2009,5.072,0,0.7640135889347246,MEDIUM
327,612894,"Construction of Permanent Campus of Central University of Himachal Pradesh at
Dehra, District - Kangra, [H.P.] on Engineering. Procurement and Construction [EPC
Mode 1] Basis","Central University, Himachal Pradesh",Department of Higher Education,Education,Himachal Pradesh,03/2021,08/2022,11/2024,03/2026,,251.98,300.45,223.6,86.0,2021-03-01,2022-08-01,2024-11-01,2026-03-01,,0.19235653623303436,27.036793692509853,42.96977660972404,15.93298291721419,,15.93298291721419,0.7442170078216009,2021,2.9299999999999997,0,0.8873720136518771,LOW
328,612898,"Construction of Permanent Campus of National Institute of Technology Arunachal
Pradesh","National Institute of Technology, Arunachal Pradesh",Department of Higher Education,Education,Arunachal Pradesh,09/2009,03/2013,08/2026,08/2024,,592.61,592.61,551.3,80.0,2009-09-01,2013-03-01,2026-08-01,2024-08-01,,0.0,161.00525624178712,137.02365308804204,-23.981603153745084,,-23.981603153745084,0.9302914226894584,2009,7.407625,0,0.9302914226894584,LOW
329,612916,"Construction of permanent campus of Central University of Gujarat at Village
kundhela, Dist. Vadodara, Gujarat",Central University of Gujarat,Department of Higher Education,Education,Gujarat,12/2020,02/2021,03/2025,03/2026,,490.63,490.63,342.26,86.0,2020-12-01,2021-02-01,2025-03-01,2026-03-01,,0.0,48.91590013140604,60.906701708278575,11.990801576872535,,11.990801576872535,0.6975928907730876,2020,5.705,0,0.6975928907730876,LOW
330,612998,Bathinda Sangrur Pipeline,Ministry of Petroleum and Natural Gas,Ministry of Petroleum & Natural Gas,Oil & Gas,Punjab,11/2021,11/2021,05/2024,10/2025,10/2015,367.0,397.0,355.93,100.0,2021-11-01,2021-11-01,2024-05-01,2025-10-01,2015-10-01,0.08174386920980926,29.96057818659658,46.97766097240473,17.017082785808146,-73.02890932982918,-102.98948751642575,0.8965491183879093,2021,3.67,0,0.9698365122615804,LOW
331,613002,Redevelopment of Chennai Egmore Station,Ministry of Railways,Ministry of Railways,Railways,Tamil Nadu,05/2022,10/2022,03/2026,-,,842.0,842.0,340.0,0.0,2022-05-01,2022-10-01,2026-03-01,,,0.0,40.9658344283837,,0.0,,0.0,0.40380047505938244,2022,842.0,0,0.40380047505938244,LOW
332,613003,Dharamjaigarh-Korba 63 km,CERL,Ministry of Railways,Railways,Chhattisgarh,08/2023,07/2022,08/2026,-,,1686.26,1686.26,288.83,18.5,2023-08-01,2022-07-01,2026-08-01,,,0.0,49.01445466491458,,0.0,,0.0,0.17128438081909075,2023,91.14918918918919,1,0.17128438081909075,LOW
333,613008,"Construction of Permanent Campus of Central Tribal University of Andhra Pradesh
Phase-1",Central Tribal University of Andhra Pradesh,Department of Higher Education,Education,Andhra Pradesh,09/2019,12/2023,06/2027,-,,305.0,305.0,67.73,44.5,2019-09-01,2023-12-01,2027-06-01,,,0.0,41.98423127463863,,0.0,,0.0,0.22206557377049183,2019,6.853932584269663,0,0.22206557377049183,LOW
334,613013,Establishment of NIT Nagaland,NIT Nagaland,Department of Higher Education,Education,Nagaland,09/2009,12/2014,12/2025,-,,275.63,275.63,263.25,98.0,2009-09-01,2014-12-01,2025-12-01,,,0.0,131.99737187910642,,0.0,,0.0,0.9550847150165076,2009,2.812551020408163,0,0.9550847150165076,LOW
335,613015,"Redevelopment of Chhatrapati Shivaji Maharaj Terminus [CSMT] and construction of
associated infrastructure",Rail Land Development Authority,Ministry of Railways,Railways,Maharashtra,04/2023,07/2023,03/2027,-,,1813.0,1813.0,873.99,25.0,2023-04-01,2023-07-01,2027-03-01,,,0.0,43.98817345597897,,0.0,,0.0,0.48206839492553777,2023,72.52,1,0.48206839492553777,LOW
336,613785,"Redevelopment of New Delhi Railway Station and construction of associated
infrastructure",Rail Land Development Authority,Ministry of Railways,Railways,Delhi,01/2023,06/2024,12/2028,-,,4744.0,4744.0,355.8,6.0,2023-01-01,2024-06-01,2028-12-01,,,0.0,54.007884362680684,,0.0,,0.0,0.075,2023,790.6666666666666,1,0.075,LOW
337,613786,"Redevelopment of Ahmedabad railway station and associated infrastructure on
engineering, procurement and construction mode",Rail Land Development Authority,Ministry of Railways,Railways,Gujarat,01/2023,11/2023,03/2028,-,,2379.0,2379.0,984.21,32.5,2023-01-01,2023-11-01,2028-03-01,,,0.0,51.971090670170824,,0.0,,0.0,0.41370744010088273,2023,73.2,1,0.41370744010088273,LOW
338,613787,Jamrani Dam Multipurpose Project,Irrigation-UK,"Department of Water Resources, River Development & GR",Water Resources,Uttarakhand,10/2023,11/2023,06/2029,-,,2584.1,2584.1,1307.15,26.22,2023-10-01,2023-11-01,2029-06-01,,,0.0,66.98423127463863,,0.0,,0.0,0.505843427111954,2023,98.55453852021358,1,0.505843427111954,MEDIUM
339,613788,"AGTHORI KAMAKHYA SECTION WITH CONSTRUCTION OF NEW RAIL CUM-
ROAD BRIDGE AT SARAIGHAT - 7.062KM",Northeast Frontier Railway [NFR],Ministry of Railways,Railways,Assam,05/2025,,12/2029,-,,1473.77,1473.77,0.0,0.0,2025-05-01,,2029-12-01,,,0.0,,,0.0,,0.0,0.0,2025,1473.77,1,0.0,LOW
340,613793,SHYAMSUNDARPUR UG INCLUDING SA,ECL - CIL,Ministry of Coal,Coal,West Bengal,04/2020,04/2020,03/2026,03/2028,,483.65,483.65,96.8,16.79,2020-04-01,2020-04-01,2026-03-01,2028-03-01,,0.0,70.9592641261498,94.97371879106439,24.01445466491458,,24.01445466491458,0.20014473276129432,2020,28.805836807623585,0,0.20014473276129432,MEDIUM
341,613794,PARASEA-BELBAID UG PROJECT,ECL - CIL,Ministry of Coal,Coal,West Bengal,01/2023,01/2023,03/2028,-,,389.1,389.1,132.48,22.26,2023-01-01,2023-01-01,2028-03-01,,,0.0,61.95795006570302,,0.0,,0.0,0.34047802621434076,2023,17.47978436657682,0,0.34047802621434076,LOW
342,613795,JAMPALI OC RCE [2.0 MTY],South Eastern Coalfields Limited [SECL],Ministry of Coal,Coal,Chhattisgarh,05/2020,05/2020,03/2025,06/2025,08/2024,278.64,278.64,210.07,100.0,2020-05-01,2020-05-01,2025-03-01,2025-06-01,2024-08-01,0.0,57.98291721419185,61.00525624178712,3.0223390275952724,51.01839684625492,-6.964520367936927,0.7539118575940281,2020,2.7864,0,0.7539118575940281,LOW
343,613798,AMERA OC RCE [1.0 MTY],SECL - CIL,Ministry of Coal,Coal,Chhattisgarh,02/2015,02/2015,03/2026,-,,335.97,335.97,91.91,42.47,2015-02-01,2015-02-01,2026-03-01,,,0.0,132.91721419185282,,0.0,,0.0,0.273566092210614,2015,7.9107605368495415,0,0.273566092210614,LOW
344,613799,AMGAON OC RCE [1.0 MTY],SECL - CIL,Ministry of Coal,Coal,Chhattisgarh,07/2015,07/2015,03/2026,-,,316.11,316.11,193.0,78.86,2015-07-01,2015-07-01,2026-03-01,,,0.0,127.98948751642575,,0.0,,0.0,0.6105469615007434,2015,4.008496068983008,0,0.6105469615007434,LOW
345,613800,JAGANNATHPUR OC RCE PROJECT,SECL - CIL,Ministry of Coal,Coal,Chhattisgarh,07/2016,07/2016,03/2025,03/2027,,459.49,459.49,290.4,96.15,2016-07-01,2016-07-01,2025-03-01,2027-03-01,,0.0,103.97503285151116,127.95663600525624,23.981603153745084,,23.981603153745084,0.6320050490761496,2016,4.77888715548622,0,0.6320050490761496,LOW
346,613801,MAHAMAYA OCP [1.50 MTY],SECL - CIL,Ministry of Coal,Coal,Chhattisgarh,05/2018,05/2018,03/2026,03/2028,,410.26,410.26,188.72,54.6,2018-05-01,2018-05-01,2026-03-01,2028-03-01,,0.0,93.98817345597897,118.00262812089356,24.014454664914595,,24.014454664914595,0.46000097499146886,2018,7.513919413919414,0,0.46000097499146886,MEDIUM
347,613802,KANCHAN OC EXP,SECL - CIL,Ministry of Coal,Coal,Madhya Pradesh,12/2014,12/2014,03/2026,03/2028,,371.04,371.04,157.9,58.2,2014-12-01,2014-12-01,2026-03-01,2028-03-01,,0.0,134.95400788436268,158.96846254927726,24.01445466491458,,24.01445466491458,0.42556058645968087,2014,6.375257731958763,0,0.42556058645968087,MEDIUM
348,613803,JHIRIA WEST OCP [1.5 MTY],SECL - CIL,Ministry of Coal,Coal,Madhya Pradesh,01/2024,01/2024,03/2029,-,,366.94,366.94,37.19,41.29,2024-01-01,2024-01-01,2029-03-01,,,0.0,61.95795006570302,,0.0,,0.0,0.101351719627187,2024,8.88689755388714,0,0.101351719627187,LOW
349,613804,RPR TAWA-III UG 0.84 MTY,WCL - CIL,Ministry of Coal,Coal,Madhya Pradesh,12/2021,12/2021,03/2027,-,,314.09,314.09,17.9,17.78,2021-12-01,2021-12-01,2027-03-01,,,0.0,62.943495400788436,,0.0,,0.0,0.056990034703428956,2021,17.66535433070866,0,0.056990034703428956,LOW
350,613808,MURAIDIH UG PROJECT,BCCL - CIL,Ministry of Coal,Coal,Jharkhand,02/2011,02/2011,04/2014,12/2026,,339.87,339.87,191.14,70.47,2011-02-01,2011-02-01,2014-04-01,2026-12-01,,0.0,37.943495400788436,189.94743758212877,120.0,,120.0,0.5623915026333598,2011,4.822903363133248,0,0.5623915026333598,MEDIUM
351,615183,KHADIA EXPANSION [10 TO 16 MTP,NCL - CIL,Ministry of Coal,Coal,"Multi-States
(Madhya Pradesh,
Uttar Pradesh)",06/2021,06/2021,03/2025,03/2027,,491.67,491.67,379.69,57.12,2021-06-01,2021-06-01,2025-03-01,2027-03-01,,0.0,44.973718791064385,68.95532194480946,23.98160315374507,,23.98160315374507,0.7722456118941566,2021,8.607668067226891,0,0.7722456118941566,LOW
352,615184,SAONER UG MINE -1 EXPANSION 1,WCL - CIL,Ministry of Coal,Coal,Maharashtra,01/2022,01/2022,03/2028,-,,228.64,228.64,157.01,69.33,2022-01-01,2022-01-01,2028-03-01,,,0.0,73.94875164257556,,0.0,,0.0,0.6867127361791463,2022,3.2978508582143373,0,0.6867127361791463,LOW
353,615185,AMALGAMATED DHANKASA & JAMUNIA,WCL - CIL,Ministry of Coal,Coal,Madhya Pradesh,09/2022,09/2022,03/2027,-,,399.2,399.2,117.2,67.13,2022-09-01,2022-09-01,2027-03-01,,,0.0,53.942181340341655,,0.0,,0.0,0.2935871743486974,2022,5.946670639058543,0,0.2935871743486974,LOW
354,615186,SASTI EXPANSION OPENCAST,WCL - CIL,Ministry of Coal,Coal,Maharashtra,08/2020,08/2020,03/2026,03/2027,,319.04,319.04,155.37,32.21,2020-08-01,2020-08-01,2026-03-01,2027-03-01,,0.0,66.95137976346912,78.94218134034165,11.990801576872528,,11.990801576872528,0.4869922266800401,2020,9.904998447687055,0,0.4869922266800401,LOW
355,615187,RPR OF VISHNUPURI UG TO OC,WCL - CIL,Ministry of Coal,Coal,Madhya Pradesh,11/2022,11/2022,03/2029,-,,220.62,220.62,0.0,11.2,2022-11-01,2022-11-01,2029-03-01,,,0.0,75.9526938239159,,0.0,,0.0,0.0,2022,19.698214285714286,0,0.0,LOW
356,615188,NEW MAJRI UG TO OC 3 MTY COST,WCL - CIL,Ministry of Coal,Coal,Maharashtra,05/2019,09/2022,03/2027,-,,402.27,402.27,67.81,24.17,2019-05-01,2022-09-01,2027-03-01,,,0.0,53.942181340341655,,0.0,,0.0,0.1685683744748552,2019,16.643359536615637,0,0.1685683744748552,LOW
357,615189,MAKARDHOKRA EXPN OC 4.9 MTY,WCL - CIL,Ministry of Coal,Coal,Maharashtra,06/2022,06/2022,03/2026,03/2027,,361.87,361.87,104.17,12.2,2022-06-01,2022-06-01,2026-03-01,2027-03-01,,0.0,44.973718791064385,56.96452036793692,11.990801576872535,,11.990801576872535,0.2878658081631525,2022,29.66147540983607,0,0.2878658081631525,LOW
358,615190,SINGHORI DEEP OC MIN 2.0 MTY,WCL - CIL,Ministry of Coal,Coal,Maharashtra,05/2022,05/2022,03/2029,-,,335.75,335.75,53.94,9.64,2022-05-01,2022-05-01,2029-03-01,,,0.0,81.99737187910644,,0.0,,0.0,0.16065524944154877,2022,34.828838174273855,0,0.16065524944154877,LOW
359,615191,KATKONA RO UG MINE,SECL - CIL,Ministry of Coal,Coal,Chhattisgarh,01/2023,01/2023,03/2029,-,,329.21,329.21,62.01,2.01,2023-01-01,2023-01-01,2029-03-01,,,0.0,73.94875164257556,,0.0,,0.0,0.18836001336532912,2023,163.78606965174131,0,0.18836001336532912,LOW
360,615192,GOKUL EXTENSION OC MINE,WCL - CIL,Ministry of Coal,Coal,Maharashtra,04/2021,04/2021,03/2026,03/2027,,309.58,309.58,62.31,8.44,2021-04-01,2021-04-01,2026-03-01,2027-03-01,,0.0,58.96846254927726,70.9592641261498,11.990801576872542,,11.990801576872542,0.20127269203436915,2021,36.68009478672986,0,0.20127269203436915,LOW
361,615193,BASUNDHARA WEST EXTENSION OPEN,MCL - CIL,Ministry of Coal,Coal,Odisha,05/2014,05/2014,03/2019,03/2029,,479.15,479.15,281.57,67.58,2014-05-01,2014-05-01,2019-03-01,2029-03-01,,0.0,57.98291721419185,177.98948751642575,120.0,,120.0,0.5876447876447877,2014,7.090115418762948,0,0.5876447876447877,MEDIUM
362,615194,URDHAN EXPANSION OC COST PLUS,WCL - CIL,Ministry of Coal,Coal,Madhya Pradesh,07/2022,01/2023,03/2031,-,,206.88,206.88,50.69,2.02,2022-07-01,2023-01-01,2031-03-01,,,0.0,97.93035479632063,,0.0,,0.0,0.24502126836813612,2022,102.41584158415841,0,0.24502126836813612,LOW
363,615195,SHARDA UG MINE,WCL - CIL,Ministry of Coal,Coal,Madhya Pradesh,07/2022,09/2023,03/2028,-,,166.25,166.25,5.93,9.39,2022-07-01,2023-09-01,2028-03-01,,,0.0,53.975032851511166,,0.0,,0.0,0.03566917293233082,2022,17.70500532481363,0,0.03566917293233082,LOW
364,615199,KOLGAON EXPANSION DEEP OC MINE,WCL - CIL,Ministry of Coal,Coal,Maharashtra,01/2023,09/2023,03/2027,-,,198.71,198.71,25.08,3.93,2023-01-01,2023-09-01,2027-03-01,,,0.0,41.95137976346912,,0.0,,0.0,0.12621408082129734,2023,50.56234096692112,0,0.12621408082129734,LOW
365,615202,Capacity expansion of Deposit-14 and 14 NMZ at Kirandul,National Mineral Development Corporation Limited [NMDC],Ministry of Steel,Metals & Mining,Chhattisgarh,08/2021,07/2022,12/2028,03/2028,,1700.0,1756.2,292.01,23.09,2021-08-01,2022-07-01,2028-12-01,2028-03-01,,0.03305882352941179,77.03679369250985,68.00262812089356,-9.034165571616285,,-9.034165571616285,0.16627377291880194,2021,73.6249458640104,1,0.17177058823529412,LOW
366,615206,GANDHIGRAM UG MINE,WCL - CIL,Ministry of Coal,Coal,Madhya Pradesh,08/2019,08/2019,03/2026,03/2027,,414.15,414.15,28.54,56.88,2019-08-01,2019-08-01,2026-03-01,2027-03-01,,0.0,78.97503285151117,90.9658344283837,11.990801576872528,,11.990801576872528,0.06891222986840517,2019,7.281118143459915,0,0.06891222986840517,LOW
367,615327,50 MW Solar PP Minedout Area,NLC India Limited [NLCIL],Ministry of Coal,Electricity Generation,Tamil Nadu,08/2023,02/2024,03/2025,01/2026,01/2026,218.03,218.03,170.13,100.0,2023-08-01,2024-02-01,2025-03-01,2026-01-01,2026-01-01,0.0,12.943495400788436,22.996057818659658,10.052562417871222,22.996057818659658,10.052562417871222,0.7803054625510251,2023,2.1803,0,0.7803054625510251,LOW
368,615330,BALLARPUR NORTH WEST OC MINE,WCL - CIL,Ministry of Coal,Coal,Maharashtra,12/2022,12/2022,03/2029,-,,360.81,360.81,26.97,5.35,2022-12-01,2022-12-01,2029-03-01,,,0.0,74.96714848883049,,0.0,,0.0,0.07474848258085973,2022,67.44112149532711,0,0.07474848258085973,LOW
369,615331,GADEGAON OC 3 MTY,WCL - CIL,Ministry of Coal,Coal,Maharashtra,10/2023,10/2023,03/2030,-,,497.41,497.41,95.69,2.19,2023-10-01,2023-10-01,2030-03-01,,,0.0,76.97109067017082,,0.0,,0.0,0.19237651032347558,2023,227.12785388127855,0,0.19237651032347558,LOW
370,615332,"Transmission System for Evacuation of Power from Rajasthan REZ Ph-IV [Part-2 5.5
GW][Jaisalmer/Barmer Complex] Part B [SPV Name POWERGRID Sirohi
Transmission Limited]",Power Grid Corporation of India Limited [POWERGRID],Ministry of Power,Transmission & Distribution,Rajasthan,08/2024,08/2024,08/2026,03/2027,,3279.0,3279.0,1901.82,56.15,2024-08-01,2024-08-01,2026-08-01,2027-03-01,,0.0,23.98160315374507,30.946123521681997,6.964520367936927,,6.964520367936927,0.58,2024,58.397150489759575,1,0.58,LOW
371,615333,"Transmission System for Evacuation of Power from Rajasthan REZ Ph-IV [Part-2 5.5
GW] [Jaisalmer/Barmer Complex] Part D [SPV Name POWERGRID Beawar
Mandsaur Transmission Limited]",Power Grid Corporation of India Limited [POWERGRID],Ministry of Power,Transmission & Distribution,"Multi-States
(Madhya Pradesh,
Rajasthan)",08/2024,08/2024,08/2026,12/2026,,2227.0,2227.0,1113.5,49.31,2024-08-01,2024-08-01,2026-08-01,2026-12-01,,0.0,23.98160315374507,27.989487516425754,4.007884362680684,,4.007884362680684,0.5,2024,45.16325288988035,1,0.5,LOW
372,615334,"Transmission System for Evacuation of Power from Rajasthan REZ Ph-IV [Part-2 5.5
GW] [Jaisalmer/Barmer Complex] Part E [SPV Name POWERGRID Mewar
Transmission Limited]",Power Grid Corporation of India Limited [POWERGRID],Ministry of Power,Transmission & Distribution,"Multi-States
(Madhya Pradesh,
Rajasthan)",08/2024,08/2024,08/2026,04/2027,,3251.0,3251.0,2048.13,46.87,2024-08-01,2024-08-01,2026-08-01,2027-04-01,,0.0,23.98160315374507,31.964520367936924,7.982917214191854,,7.982917214191854,0.63,2024,69.36206528696394,1,0.63,LOW
373,615335,"Transmission System Strengthening for Interconnections of Bhadla-III & Bikaner III
Complex [SPV Name POWERGRID BHADLA BIKANER TRANSMISSION LIMITED]",Power Grid Corporation of India Limited [POWERGRID],Ministry of Power,Transmission & Distribution,Rajasthan,08/2024,08/2024,08/2026,03/2027,,1382.0,1382.0,628.81,57.31,2024-08-01,2024-08-01,2026-08-01,2027-03-01,,0.0,23.98160315374507,30.946123521681997,6.964520367936927,,6.964520367936927,0.45499999999999996,2024,24.114465189321233,1,0.45499999999999996,LOW
374,615336,"Transmission system for evacuation of Power from REZ in Rajasthan [20 GW] under
phase-III Part-D Phase-II",Power Grid Corporation of India Limited [POWERGRID],Ministry of Power,Transmission & Distribution,Delhi,11/2023,10/2024,02/2026,12/2026,,284.0,284.0,90.88,45.94,2023-11-01,2024-10-01,2026-02-01,2026-12-01,,0.0,16.031537450722734,25.985545335085412,9.954007884362678,,9.954007884362678,0.32,2023,6.181976491075316,0,0.32,LOW
375,615337,"Additional Transmission System for evacuation of Power from Bhadla-III PS as part of
Rajasthan REZ Phase III Scheme [20 GW] [SPV Name POWERGRID Bhadla-III
Power Transmission Limited]",Power Grid Corporation of India Limited [POWERGRID],Ministry of Power,Transmission & Distribution,Rajasthan,08/2024,08/2024,02/2026,09/2026,,369.0,369.0,258.3,87.1,2024-08-01,2024-08-01,2026-02-01,2026-09-01,,0.0,18.035479632063073,25.0,6.964520367936927,,6.964520367936927,0.7000000000000001,2024,4.236509758897819,0,0.7000000000000001,LOW
376,615338,"TRANSMISSION SYSTEM FOR EVACUATION OF POWER FROM RAJASTHAN
REZ PH -IV [PART-2 5.5 GW] [JAISALMER/BARMER COMPLEX] PART F [SPV
Name POWERGRID BARMER I TRANSMISSION LIMITED]",Power Grid Corporation of India Limited [POWERGRID],Ministry of Power,Transmission & Distribution,Rajasthan,11/2024,11/2024,11/2026,06/2027,,2735.0,2735.0,1121.35,47.28,2024-11-01,2024-11-01,2026-11-01,2027-06-01,,0.0,23.98160315374507,30.946123521681997,6.964520367936927,,6.964520367936927,0.41,2024,57.846869712351946,1,0.41,LOW
377,615339,"Transmission system for evacuation of power from Rajasthan REZ Ph-IV [Part-
3/6GW] [Bikaner complex] Part A [SPV Name POWERGRID Bikaner IV Transmission
Limited]",Power Grid Corporation of India Limited [POWERGRID],Ministry of Power,Transmission & Distribution,"Multi-States
(Haryana, Punjab,
Rajasthan)",11/2024,11/2024,11/2026,04/2027,,5969.0,5969.0,1969.77,33.3,2024-11-01,2024-11-01,2026-11-01,2027-04-01,,0.0,23.98160315374507,28.942181340341655,4.960578186596585,,4.960578186596585,0.33,2024,179.24924924924926,1,0.33,LOW
378,615340,"TRANSMISSION SYSTEM FOR EVACUATION OF POWER FROM RAJASTHAN
REZ PH-IV [PART-3/ 6 GW] [BIKANER COMPLEX] PART B [SPV Name
POWERGRID Siwani Transmission Limited]",Power Grid Corporation of India Limited [POWERGRID],Ministry of Power,Transmission & Distribution,"Multi-States
(Haryana,
Rajasthan)",11/2024,11/2024,11/2026,03/2027,,5357.0,5357.0,1921.02,36.53,2024-11-01,2024-11-01,2026-11-01,2027-03-01,,0.0,23.98160315374507,27.92378449408673,3.9421813403416586,,3.9421813403416586,0.35859996266567107,2024,146.64659184232139,1,0.35859996266567107,LOW
379,615342,"Augmentation of Transformation Capacity at jam Khambhaliya PS [GIS] [SPV Name
POWERGRID Jam Khambhaliya Transmission Limited]",Power Grid Corporation of India Limited [POWERGRID],Ministry of Power,Transmission & Distribution,Gujarat,10/2024,10/2024,07/2026,04/2027,,329.0,329.0,72.38,33.0,2024-10-01,2024-10-01,2026-07-01,2027-04-01,,0.0,20.9592641261498,29.96057818659658,9.00131406044678,,9.00131406044678,0.21999999999999997,2024,9.969696969696969,0,0.21999999999999997,LOW
380,615343,"Provision of Dynamic Reactive Compensation at Khavda pooling Station 1 [KPS1] and
Khavda Pooling station 3 [KPS3]",Power Grid Corporation of India Limited [POWERGRID],Ministry of Power,Transmission & Distribution,Gujarat,11/2024,11/2024,11/2026,-,,501.0,501.0,26.45,8.67,2024-11-01,2024-11-01,2026-11-01,,,0.0,23.98160315374507,,0.0,,0.0,0.05279441117764471,2024,57.78546712802768,0,0.05279441117764471,LOW
381,615344,"Transmission System for Evacuation of Power from Rajasthan REZ Ph-IV [Part-2
5.5GW] [Jaisalmer/Barmer Complex] Part H1 [POWERGRID KURAWAR
TRANSMISSION LIMITED]",Power Grid Corporation of India Limited [POWERGRID],Ministry of Power,Transmission & Distribution,Madhya Pradesh,10/2024,10/2024,10/2026,06/2027,,3674.0,3674.0,1673.14,47.9,2024-10-01,2024-10-01,2026-10-01,2027-06-01,,0.0,23.98160315374507,31.964520367936924,7.982917214191854,,7.982917214191854,0.4554001088731628,2024,76.70146137787057,1,0.4554001088731628,LOW
382,615345,"Transmission System for Evacuation of Power from Potential Renewable Energy Zone
in Khavda area of Gujarat under Phase-IV [7GW] Part B [SPV Name POWERGRID
South Olpad Transmission Limited]",Power Grid Corporation of India Limited [POWERGRID],Ministry of Power,Transmission & Distribution,Gujarat,10/2024,10/2024,10/2026,10/2027,,4766.0,4766.0,2144.7,38.26,2024-10-01,2024-10-01,2026-10-01,2027-10-01,,0.0,23.98160315374507,35.972404730617605,11.990801576872535,,11.990801576872535,0.44999999999999996,2024,124.56874019864088,1,0.44999999999999996,LOW
383,615346,"Transmission System for Evacuation of Power from Rajasthan REZ Ph-IV [Part-2 5.5
GW] [Jaisalmer/Barmer Complex] Part C [SPV Name POWERGRID Mandsaur
Transmission Limited]",Power Grid Corporation of India Limited [POWERGRID],Ministry of Power,Transmission & Distribution,Madhya Pradesh,08/2024,08/2024,08/2026,02/2027,,2708.0,2708.0,1624.8,72.39,2024-08-01,2024-08-01,2026-08-01,2027-02-01,,0.0,23.98160315374507,30.02628120893561,6.044678055190541,,6.044678055190541,0.6,2024,37.408481834507526,1,0.6,LOW
384,615347,"TRANSMISSION SYSTEM FOR EVACUATION OF POWER FROM POTENTIAL
RENEWABLE ENERGY ZONE IN KHAVDA AREA OF GUJARAT UNDER PHASE-V
[8 GW] PART A [SPV Name POWERGRID West Central Transmission Limited]",Power Grid Corporation of India Limited [POWERGRID],Ministry of Power,Transmission & Distribution,"Multi-States
(Gujarat,
Maharashtra)",11/2024,11/2024,05/2029,-,,24819.0,24819.0,2978.28,18.56,2024-11-01,2024-11-01,2029-05-01,,,0.0,53.942181340341655,,0.0,,0.0,0.12000000000000001,2024,1337.230603448276,1,0.12000000000000001,LOW
385,615349,TAPIN SOUTH EXPN,CCL - CIL,Ministry of Coal,Coal,Jharkhand,11/2020,11/2020,03/2028,-,,230.41,230.41,22.02,23.67,2020-11-01,2020-11-01,2028-03-01,,,0.0,87.94349540078844,,0.0,,0.0,0.09556876871663557,2020,9.734262779890155,0,0.09556876871663557,LOW
386,615818,Jawahar Khani Open Cast Mine,Singareni Collieries Company Limited [SCCL],Ministry of Coal,Coal,Telangana,12/2021,12/2021,03/2025,03/2027,,297.88,297.88,50.39,20.0,2021-12-01,2021-12-01,2025-03-01,2027-03-01,,0.0,38.96189224704336,62.943495400788436,23.981603153745077,,23.981603153745077,0.16916207868940514,2021,14.894,0,0.16916207868940514,LOW
387,615820,TIKAK EXTENSION OCP,INVALID CO.,Ministry of Coal,Coal,Assam,07/2022,07/2022,07/2031,-,,159.77,159.77,112.69,89.73,2022-07-01,2022-07-01,2031-07-01,,,0.0,107.98291721419184,,0.0,,0.0,0.7053264067096451,2022,1.7805639139641145,0,0.7053264067096451,LOW
388,615821,TIRAP OCP,INVALID CO.,Ministry of Coal,Coal,Assam,11/2022,11/2022,11/2030,-,,289.46,289.46,105.66,5.0,2022-11-01,2022-11-01,2030-11-01,,,0.0,95.99211563731932,,0.0,,0.0,0.3650245284322532,2022,57.891999999999996,0,0.3650245284322532,LOW
389,615822,SIRKA OC,CCL - CIL,Ministry of Coal,Coal,Jharkhand,05/2020,05/2020,03/2028,-,,183.18,183.18,89.92,56.47,2020-05-01,2020-05-01,2028-03-01,,,0.0,93.98817345597897,,0.0,,0.0,0.49088328420133204,2020,3.243846290065522,0,0.49088328420133204,LOW
390,615843,TETARIAKHAR OC,CCL - CIL,Ministry of Coal,Coal,Jharkhand,11/2019,11/2019,03/2025,03/2027,,232.64,232.64,50.82,30.06,2019-11-01,2019-11-01,2025-03-01,2027-03-01,,0.0,63.96189224704336,87.94349540078844,23.981603153745077,,23.981603153745077,0.21844910591471803,2019,7.739188290086494,0,0.21844910591471803,LOW
391,615857,Naini Coal Mine,Singareni Collieries Company Limited [SCCL],Ministry of Coal,Coal,Odisha,03/2020,03/2020,03/2026,-,,494.3,494.3,491.33,80.0,2020-03-01,2020-03-01,2026-03-01,,,0.0,71.97766097240472,,0.0,,0.0,0.9939915031357475,2020,6.17875,0,0.9939915031357475,LOW
392,615858,Kalyanikhani Opencast Project,Singareni Collieries Company Limited [SCCL],Ministry of Coal,Coal,Telangana,03/2016,05/2017,03/2026,-,,384.32,384.32,304.39,77.0,2016-03-01,2017-05-01,2026-03-01,,,0.0,105.97897503285151,,0.0,,0.0,0.7920222731057452,2016,4.991168831168831,0,0.7920222731057452,LOW
393,615859,Kakathiya Khani Opencast - III Project Phase - I,Singareni Collieries Company Limited [SCCL],Ministry of Coal,Coal,Telangana,03/2017,05/2017,03/2026,-,,413.84,413.84,397.55,79.0,2017-03-01,2017-05-01,2026-03-01,,,0.0,105.97897503285151,,0.0,,0.0,0.9606369611444037,2017,5.2384810126582275,0,0.9606369611444037,LOW
394,615860,Godavarikhani Coal Mine - 5,Singareni Collieries Company Limited [SCCL],Ministry of Coal,Coal,Telangana,07/2019,05/2019,03/2025,03/2026,,607.04,607.04,201.0,71.0,2019-07-01,2019-05-01,2025-03-01,2026-03-01,,0.0,70.0065703022339,81.99737187910644,11.990801576872542,,11.990801576872542,0.3311149182920401,2019,8.549859154929576,0,0.3311149182920401,LOW
395,615861,Indaram Opencast Project,Singareni Collieries Company Limited [SCCL],Ministry of Coal,Coal,Telangana,08/2017,12/2022,03/2025,03/2026,,424.81,424.81,408.69,81.0,2017-08-01,2022-12-01,2025-03-01,2026-03-01,,0.0,26.971090670170828,38.96189224704336,11.990801576872531,,11.990801576872531,0.9620536239730703,2017,5.244567901234568,0,0.9620536239730703,LOW
396,615862,Goleti Opencast Mine,Singareni Collieries Company Limited [SCCL],Ministry of Coal,Coal,Telangana,07/2021,08/2021,03/2026,-,,345.6,345.6,111.94,33.0,2021-07-01,2021-08-01,2026-03-01,,,0.0,54.96057818659658,,0.0,,0.0,0.32390046296296293,2021,10.472727272727273,0,0.32390046296296293,LOW
397,615863,Venkatesh Khani Coal Mine,Singareni Collieries Company Limited [SCCL],Ministry of Coal,Coal,Telangana,10/2020,06/2020,03/2026,-,,484.5,484.5,477.14,97.0,2020-10-01,2020-06-01,2026-03-01,,,0.0,68.95532194480946,,0.0,,0.0,0.9848090815273478,2020,4.994845360824742,0,0.9848090815273478,LOW
398,615864,Ramagundam OC-II Extension Project,Singareni Collieries Company Limited [SCCL],Ministry of Coal,Coal,Telangana,11/2015,06/2015,03/2026,-,,489.62,489.62,405.54,77.0,2015-11-01,2015-06-01,2026-03-01,,,0.0,128.97503285151117,,0.0,,0.0,0.8282749887667987,2015,6.358701298701299,0,0.8282749887667987,LOW
399,615865,Kakatiyakhani OC - 2 Project,Singareni Collieries Company Limited [SCCL],Ministry of Coal,Coal,Telangana,08/2017,09/2017,03/2025,03/2026,,442.42,442.42,253.41,64.0,2017-08-01,2017-09-01,2025-03-01,2026-03-01,,0.0,89.94743758212877,101.93823915900131,11.990801576872542,,11.990801576872542,0.5727815198227928,2017,6.9128125,0,0.5727815198227928,LOW
400,615914,GHONSA EXPANSION DEEP OC MINE,WCL - CIL,Ministry of Coal,Coal,Maharashtra,03/2021,04/2021,03/2029,-,,184.71,184.71,15.72,12.98,2021-03-01,2021-04-01,2029-03-01,,,0.0,94.97371879106439,,0.0,,0.0,0.0851063829787234,2021,14.23035439137134,0,0.0851063829787234,LOW
401,615915,Rourkela-Bondamunda A-Cabin 5th line 10 km Umbrella work PB57/2019-20/NR,CAO/C/SER SER mor,Ministry of Railways,Railways,Odisha,09/2022,12/2023,09/2024,11/2026,,244.99,244.99,155.23,45.0,2022-09-01,2023-12-01,2024-09-01,2026-11-01,,0.0,9.034165571616294,35.019710906701704,25.985545335085412,,25.985545335085412,0.6336176986815788,2022,5.444222222222223,0,0.6336176986815788,MEDIUM
402,615916,AMLG GAURI PAUNI EXPANSION OC,WCL - CIL,Ministry of Coal,Coal,Maharashtra,04/2024,04/2024,03/2030,-,,1225.21,1225.21,92.02,4.21,2024-04-01,2024-04-01,2030-03-01,,,0.0,70.9592641261498,,0.0,,0.0,0.07510549211971825,2024,291.0237529691212,1,0.07510549211971825,LOW
403,615917,GAURIDEEP/GAURI CENTRAL OCP 7,WCL - CIL,Ministry of Coal,Coal,Maharashtra,08/2023,06/2024,03/2030,-,,973.07,973.07,1.55,2.31,2023-08-01,2024-06-01,2030-03-01,,,0.0,68.95532194480946,,0.0,,0.0,0.0015928967083560278,2023,421.24242424242425,0,0.0015928967083560278,LOW
404,615918,RPR OF BHANEGAON OC,WCL - CIL,Ministry of Coal,Coal,Maharashtra,02/2017,09/2022,03/2028,-,,405.2,405.2,43.16,16.06,2017-02-01,2022-09-01,2028-03-01,,,0.0,65.9658344283837,,0.0,,0.0,0.10651530108588352,2017,25.23038605230386,0,0.10651530108588352,LOW
405,615919,N. EXTN. MUNGOLI NIRGUDA D OCP,WCL - CIL,Ministry of Coal,Coal,Maharashtra,06/2024,06/2024,03/2029,-,,1024.91,1024.91,218.26,27.92,2024-06-01,2024-06-01,2029-03-01,,,0.0,56.96452036793692,,0.0,,0.0,0.21295528387858442,2024,36.70881088825215,1,0.21295528387858442,LOW
406,615982,NILJAI EXPANSION DEEP OCP,WCL - CIL,Ministry of Coal,Coal,Maharashtra,08/2016,08/2016,03/2022,03/2027,,319.75,319.75,196.82,79.83,2016-08-01,2016-08-01,2022-03-01,2027-03-01,,0.0,66.95137976346912,126.93823915900131,59.98685939553219,,59.98685939553219,0.6155433932759968,2016,4.005386446198171,0,0.6155433932759968,MEDIUM
407,616044,UKNI DEEP OC MINE -COST PLUS,WCL - CIL,Ministry of Coal,Coal,Maharashtra,11/2018,01/2019,03/2021,03/2027,,237.06,237.06,168.91,94.57,2018-11-01,2019-01-01,2021-03-01,2027-03-01,,0.0,25.952693823915897,97.93035479632063,71.97766097240473,,71.97766097240473,0.7125200371214039,2018,2.5067146029396215,0,0.7125200371214039,MEDIUM
408,616050,AMALGAMATED INDER-KAMPTEE DEEP,WCL - CIL,Ministry of Coal,Coal,Maharashtra,09/2018,09/2018,03/2024,03/2027,,235.9,235.9,128.49,98.97,2018-09-01,2018-09-01,2024-03-01,2027-03-01,,0.0,65.9658344283837,101.93823915900131,35.97240473061761,,35.97240473061761,0.5446799491309877,2018,2.3835505708800646,0,0.5446799491309877,MEDIUM
409,616221,"Extension of Aqua Line Metro Corridor from Noida Sector-142 station to Botanical
Garden, Noida of Noida Metro Rail Corporation",Noida Metro Rail Corporation Ltd. [NMRCL],Ministry of Housing & Urban Affairs,Urban Public Transport,Uttar Pradesh,03/2026,03/2026,03/2030,-,,2254.35,2254.35,0.0,0.0,2026-03-01,2026-03-01,2030-03-01,,,0.0,47.99605781865966,,0.0,,0.0,0.0,2026,2254.35,1,0.0,LOW
410,616223,ADASA UG TO OC MINE,WCL - CIL,Ministry of Coal,Coal,Maharashtra,11/2018,11/2018,03/2024,03/2027,,316.0,316.0,209.29,86.49,2018-11-01,2018-11-01,2024-03-01,2027-03-01,,0.0,63.96189224704336,99.93429697766096,35.972404730617605,,35.972404730617605,0.6623101265822785,2018,3.65360157243612,0,0.6623101265822785,MEDIUM
411,616225,CHUPERBHITA SIMLONG OCP MDO 6,ECL - CIL,Ministry of Coal,Coal,Jharkhand,12/2023,12/2023,03/2037,-,,979.08,979.08,0.0,0.05,2023-12-01,2023-12-01,2037-03-01,,,0.0,158.96846254927726,,0.0,,0.0,0.0,2023,19581.6,0,0.0,LOW
412,616226,INTEGRATED KULDA GARJANBAHAL O,MCL - CIL,Ministry of Coal,Coal,Odisha,04/2023,04/2023,03/2033,-,,3563.5,3563.5,692.76,10.43,2023-04-01,2023-04-01,2033-03-01,,,0.0,118.98817345597897,,0.0,,0.0,0.19440437771853514,2023,341.6586768935762,1,0.19440437771853514,LOW
413,616227,3rd line between Chandil - Anara- Damodar section 121.26 km,CAO/C/SER SER mor,Ministry of Railways,Railways,"Multi-States
(Jharkhand, West
Bengal)",09/2024,09/2024,09/2029,-,,1932.01,1932.01,9.07,0.0,2024-09-01,2024-09-01,2029-09-01,,,0.0,59.98685939553219,,0.0,,0.0,0.004694592678091729,2024,1932.01,1,0.004694592678091729,LOW
414,616229,AMAL GONDEGAON GHATROHANA EXPN,WCL - CIL,Ministry of Coal,Coal,Maharashtra,09/2024,09/2024,03/2029,-,,668.54,668.54,2.95,2.55,2024-09-01,2024-09-01,2029-03-01,,,0.0,53.942181340341655,,0.0,,0.0,0.004412600592335537,2024,262.17254901960786,0,0.004412600592335537,LOW
415,616230,PARASCOLE JAMBAD OCP,ECL - CIL,Ministry of Coal,Coal,West Bengal,11/2024,11/2024,03/2037,-,,1193.55,1193.55,11.81,0.23,2024-11-01,2024-11-01,2037-03-01,,,0.0,147.93035479632061,,0.0,,0.0,0.009894851493443928,2024,5189.347826086956,1,0.009894851493443928,LOW
416,616231,BHUBANESWARI EXPN OCP 50 MTY,MCL - CIL,Ministry of Coal,Coal,Odisha,03/2024,03/2024,03/2033,-,,5366.27,5366.27,477.73,34.03,2024-03-01,2024-03-01,2033-03-01,,,0.0,107.98291721419184,,0.0,,0.0,0.0890245925009364,2024,157.69233029679694,1,0.0890245925009364,LOW
417,616232,HINGULA II OC EXPN PH III 15 M,MCL - CIL,Ministry of Coal,Coal,Odisha,11/2022,11/2022,03/2029,-,,1561.85,1561.85,284.22,33.55,2022-11-01,2022-11-01,2029-03-01,,,0.0,75.9526938239159,,0.0,,0.0,0.1819765022249256,2022,46.55290611028316,1,0.1819765022249256,LOW
418,616233,BALABHADRA OCP,MCL - CIL,Ministry of Coal,Coal,Odisha,04/2023,04/2023,03/2030,-,,978.44,978.44,461.54,18.93,2023-04-01,2023-04-01,2030-03-01,,,0.0,82.98291721419184,,0.0,,0.0,0.47171006908957114,2023,51.687268885367146,0,0.47171006908957114,LOW
419,616234,PELMA OC MDO,SECL - CIL,Ministry of Coal,Coal,Chhattisgarh,10/2022,10/2022,03/2033,-,,1725.04,1725.04,16.71,23.75,2022-10-01,2022-10-01,2033-03-01,,,0.0,124.96714848883047,,0.0,,0.0,0.009686731901868943,2022,72.63326315789473,1,0.009686731901868943,LOW
420,616235,Construction of Aviation Fuel farm Facilities at Bhogapuram Airport,Ministry of Petroleum & Natural Gas,Ministry of Petroleum & Natural Gas,Energy Storage,Andhra Pradesh,08/2024,08/2024,03/2026,03/2026,03/2026,240.0,240.0,152.91,100.0,2024-08-01,2024-08-01,2026-03-01,2026-03-01,2026-03-01,0.0,18.95532194480946,18.95532194480946,0.0,18.95532194480946,0.0,0.6371249999999999,2024,2.4,0,0.6371249999999999,LOW
421,616236,JARANGDIH EXPN. OCP 1.5 MTY,CCL - CIL,Ministry of Coal,Coal,Jharkhand,02/2020,02/2020,03/2029,-,,372.06,372.06,85.6,32.99,2020-02-01,2020-02-01,2029-03-01,,,0.0,108.93561103810775,,0.0,,0.0,0.23007041874966402,2020,11.277963019096696,0,0.23007041874966402,LOW
422,616253,BLOCK E OCP,BCCL - CIL,Ministry of Coal,Coal,Jharkhand,03/2024,03/2024,03/2029,-,,5850.83,5850.83,20.32,4.18,2024-03-01,2024-03-01,2029-03-01,,,0.0,59.98685939553219,,0.0,,0.0,0.003473011521442257,2024,1399.72009569378,1,0.003473011521442257,LOW
423,616254,Visakh Raipur Pipeline Project,Hindustan Petroleum Corporation Limited,Ministry of Petroleum & Natural Gas,Oil & Gas,"Multi-States
(Chhattisgarh,
Odisha)",09/2024,09/2024,09/2027,-,,2212.0,2212.0,570.0,38.4,2024-09-01,2024-09-01,2027-09-01,,,0.0,35.972404730617605,,0.0,,0.0,0.2576853526220615,2024,57.60416666666667,1,0.2576853526220615,LOW
424,616586,Bangriposi - Gorumahisani 85.60 km PB9/SECR/2023-24,CAO/C/SER SER mor,Ministry of Railways,Railways,"Multi-States
(Odisha, West
Bengal)",08/2024,08/2024,12/2029,-,,2269.49,2269.49,7.31,2.0,2024-08-01,2024-08-01,2029-12-01,,,0.0,63.99474375821288,,0.0,,0.0,0.0032209879752719776,2024,1134.745,1,0.0032209879752719776,LOW
425,616587,Badampahar-Kendujhargarh new line [82.06 km],CAO/C/SER,Ministry of Railways,Railways,Odisha,08/2024,09/2025,12/2029,-,,1875.72,1875.72,2.35,0.0,2024-08-01,2025-09-01,2029-12-01,,,0.0,50.98554533508541,,0.0,,0.0,0.001252852238073913,2024,1875.72,1,0.001252852238073913,LOW
426,616588,Buramara - Chakulia 59.96 km PB9/SECR/2023-24,CAO/C/SER SER mor,Ministry of Railways,Railways,"Multi-States
(Jharkhand,
Odisha, West
Bengal)",08/2024,08/2024,12/2029,-,,1459.13,1459.13,11.7,2.0,2024-08-01,2024-08-01,2029-12-01,,,0.0,63.99474375821288,,0.0,,0.0,0.008018476763550882,2024,729.565,1,0.008018476763550882,LOW
427,616594,"Interception & Diversion with Rehabilitation of sewerage scheme at Agra under Hybrid
annuity based PPP model-Namami Gange Programme",National Mission for Clean Ganga,"Department of Water Resources, River Development & GR",Waste & Water,Uttar Pradesh,05/2020,04/2023,04/2025,12/2026,,842.25,842.25,208.64,84.0,2020-05-01,2023-04-01,2025-04-01,2026-12-01,,0.0,24.014454664914584,44.021024967148485,20.0065703022339,,20.0065703022339,0.24771742356782425,2020,10.026785714285714,0,0.24771742356782425,LOW
428,616600,"Interception and Diversion and STP works in Bhagalpur under Hybrid annuity based
PPP mode-Namami Gange Programme",National Mission for Clean Ganga,"Department of Water Resources, River Development & GR",Waste & Water,Bihar,10/2017,03/2022,02/2025,12/2026,,413.29,413.29,126.67,97.0,2017-10-01,2022-03-01,2025-02-01,2026-12-01,,0.0,35.08541392904073,57.03022339027595,21.944809461235216,,21.944809461235216,0.3064918096252026,2017,4.260721649484537,0,0.3064918096252026,LOW
429,616604,"Pollution Abatement works for River Ganga at Hooghly Chinsurah- Municipal Town
Interception & Diversion with STP",National Mission for Clean Ganga,"Department of Water Resources, River Development & GR",Waste & Water,West Bengal,05/2018,12/2021,03/2025,08/2026,,154.73,154.73,102.04,94.0,2018-05-01,2021-12-01,2025-03-01,2026-08-01,,0.0,38.96189224704336,55.97897503285151,17.01708278580815,,17.01708278580815,0.6594713371679701,2018,1.6460638297872339,0,0.6594713371679701,LOW
430,616605,"Pollution Abatement Works for River Kali Meerut under Meerut Municipality
Interception & Diversion with STP",National Mission for Clean Ganga,"Department of Water Resources, River Development & GR",Waste & Water,Uttar Pradesh,05/2020,11/2024,12/2024,03/2027,,690.71,690.71,34.79,57.0,2020-05-01,2024-11-01,2024-12-01,2027-03-01,,0.0,0.9855453350854139,27.92378449408673,26.938239159001313,,26.938239159001313,0.050368461438230226,2020,12.117719298245614,0,0.050368461438230226,MEDIUM
431,616611,"Sewage Treatment Plant 100MLD and Sewerage Network 288 km in Digha-Patna
under Hybrid annuity based PPP mode-Namami Gange Programme",National Mission for Clean Ganga,"Department of Water Resources, River Development & GR",Waste & Water,Bihar,08/2017,07/2019,12/2025,09/2026,,824.0,824.0,403.34,59.0,2017-08-01,2019-07-01,2025-12-01,2026-09-01,,0.0,77.03679369250985,86.03810775295663,9.001314060446788,,9.001314060446788,0.4894902912621359,2017,13.966101694915254,0,0.4894902912621359,LOW
432,616612,"Sewage Treatment Plant 50MLD and Sewerage Network 150 km in Kankarbagh
Patna under Hybrid annuity based PPP mode Namami Gange Programme",NMCG1,"Department of Water Resources, River Development & GR",Waste & Water,Bihar,08/2017,07/2019,12/2025,-,,578.89,578.89,174.61,55.0,2017-08-01,2019-07-01,2025-12-01,,,0.0,77.03679369250985,,0.0,,0.0,0.30162897959888757,2017,10.525272727272727,0,0.30162897959888757,LOW
433,616615,"Sewer Network, SPS and STP at Begusarai",National Mission for Clean Ganga,"Department of Water Resources, River Development & GR",Waste & Water,Bihar,03/2010,03/2018,04/2025,12/2026,,230.06,230.06,261.82,97.0,2010-03-01,2018-03-01,2025-04-01,2026-12-01,,0.0,85.0197109067017,105.0262812089356,20.006570302233897,,20.006570302233897,1.1380509432322004,2010,2.3717525773195876,0,1.1380509432322004,LOW
434,616616,"Sewer Networks, SPS and STP at Hajipur",National Mission for Clean Ganga,"Department of Water Resources, River Development & GR",Waste & Water,Bihar,03/2010,03/2018,06/2025,12/2026,,305.19,305.19,346.46,95.0,2010-03-01,2018-03-01,2025-06-01,2026-12-01,,0.0,87.02365308804205,105.0262812089356,18.002628120893547,,18.002628120893547,1.1352272354926438,2010,3.2125263157894737,0,1.1352272354926438,LOW
435,616670,"Transmission System for evacuation of Power from Rajasthan REZ Ph-IV [Part-4 3.5
GW] Part A [SPV name POWERGRID Ghiror Transmission Limited]",Power Grid Corporation of India Limited [POWERGRID],Ministry of Power,Transmission & Distribution,"Multi-States
(Rajasthan, Uttar
Pradesh)",12/2024,12/2024,12/2026,06/2027,,5846.0,5846.0,1953.73,40.71,2024-12-01,2024-12-01,2026-12-01,2027-06-01,,0.0,23.98160315374507,29.96057818659658,5.978975032851512,,5.978975032851512,0.33419945261717415,2024,143.60108081552443,1,0.33419945261717415,LOW
436,616671,"Transmission System under ISTS for evacuation of Power from Kudankulam Unit-3&4
[2x1000 MW] [SPV Name POWERGRID Kudankulam Tarnsmission Limited]",Power Grid Corporation of India Limited [POWERGRID],Ministry of Power,Transmission & Distribution,Tamil Nadu,01/2025,01/2025,12/2026,03/2027,,548.0,548.0,208.24,23.78,2025-01-01,2025-01-01,2026-12-01,2027-03-01,,0.0,22.963206307490143,25.919842312746386,2.956636005256243,,2.956636005256243,0.38,2025,23.04457527333894,0,0.38,LOW
437,616672,"System Strengthening at Koppal-II and GadagII for integration of RE generation
projects [SPV Name POWERGRID Koppal Gadag Augmentation Transmission
Limited]",Power Grid Corporation of India Limited [POWERGRID],Ministry of Power,Transmission & Distribution,Karnataka,01/2025,01/2025,06/2027,-,,1354.0,1354.0,338.5,38.07,2025-01-01,2025-01-01,2027-06-01,,,0.0,28.942181340341655,,0.0,,0.0,0.25,2025,35.56606251641713,1,0.25,LOW
438,616691,"Upgradation & Extension of ESIC Hospital and Construction of PG Hostel / Staff
Housing for ESIC Hospital at Andheri, Mumbai",Employee's State Insurance Company [ESIC],Ministry of Labour and Employment,Healthcare,Maharashtra,12/2008,06/2009,08/2025,09/2026,,260.13,260.13,216.46,89.0,2008-12-01,2009-06-01,2025-08-01,2026-09-01,,0.0,193.98817345597897,206.99737187910642,13.009198423127458,,13.009198423127458,0.8321224003382924,2008,2.9228089887640447,0,0.8321224003382924,LOW
439,616694,Flyover between Siju & Paradeep coaching yard 7 km PB73/2023-24/NR,CAO/C/ECOR ECoR mor,Ministry of Railways,Railways,Odisha,04/2023,10/2023,07/2028,-,,200.77,200.77,55.91,0.0,2023-04-01,2023-10-01,2028-07-01,,,0.0,56.99737187910644,,0.0,,0.0,0.27847786023808335,2023,200.77,0,0.27847786023808335,LOW
440,616695,Construction of Paradeep- Badabandha 3rd & 4th line 18.51 km PB34/ECOR/2023-24,CAO/C/ECOR ECoR mor,Ministry of Railways,Railways,Odisha,08/2023,11/2025,11/2028,-,,300.15,300.15,21.5,7.0,2023-08-01,2025-11-01,2028-11-01,,,0.0,36.00525624178712,,0.0,,0.0,0.07163085124104615,2023,42.878571428571426,0,0.07163085124104615,LOW
441,616696,RINGUS KHATUSHYAMJI NEW LINE,North Western Railway [NWR],Ministry of Railways,Railways,Rajasthan,03/2024,03/2024,03/2028,-,,254.06,254.06,2.94,0.0,2024-03-01,2024-03-01,2028-03-01,,,0.0,47.99605781865966,,0.0,,0.0,0.011572069589860663,2024,254.06,0,0.011572069589860663,LOW
442,616697,"3rd & 4 th line Vadlapudi-Gate Jn. incl. tie line between Gangavaram Port-
Visakhapatnam Steel Plant12.04 km PB73/2023-24/NR",CAO/C/SCoR SCoR mor,Ministry of Railways,Railways,Andhra Pradesh,04/2023,03/2024,06/2026,-,,154.28,154.28,89.67,87.0,2023-04-01,2024-03-01,2026-06-01,,,0.0,27.003942181340342,,0.0,,0.0,0.5812159709618875,2023,1.7733333333333334,0,0.5812159709618875,LOW
443,616699,Multi tracking of Son Nagar-Andal 374.53 rkm & 814.38 tkm PB34/ECOR/2023-24,CAO/Con/South/MHX ECR mor,Ministry of Railways,Railways,"Multi-States
(Bihar, Jharkhand,
Uttar Pradesh,
West Bengal)",08/2023,09/2025,03/2028,-,,12333.57,12333.57,1152.79,3.0,2023-08-01,2025-09-01,2028-03-01,,,0.0,29.96057818659658,,0.0,,0.0,0.09346766589073562,2023,4111.19,1,0.09346766589073562,LOW
444,616701,Lumding-Furkating section 140 km Umbrella work PB57/2019-20/NR,CAO/C-1/NFR NFR mor,Ministry of Railways,Railways,Assam,02/2024,04/2025,02/2028,-,,2123.7,2123.7,200.23,1.0,2024-02-01,2025-04-01,2028-02-01,,,0.0,34.03416557161629,,0.0,,0.0,0.09428356170833922,2024,2123.7,1,0.09428356170833922,LOW
445,616702,Malkangiri Pandurangapuram new railway line project,Indian Railways,Ministry of Railways,Railways,"Multi-States
(Andhra Pradesh,
Odisha,
Telangana)",08/2024,01/2027,11/2031,-,,3591.76,3591.76,0.0,0.0,2024-08-01,2027-01-01,2031-11-01,,,0.0,57.98291721419185,,0.0,,0.0,0.0,2024,3591.76,1,0.0,LOW
446,616839,Gunupur - Therubali new line 73.62 km,CAO/C/ECOR ECoR mor,Ministry of Railways,Railways,Odisha,08/2024,05/2026,12/2029,-,,1165.89,1165.73,1.95,0.0,2024-08-01,2026-05-01,2029-12-01,,,-0.00013723421592095467,43.03547963206307,,0.0,,0.0,0.0016727715680303328,2024,1165.89,1,0.0016725420065357792,LOW
447,616840,RAS- MERTA CITY NEW LINE INCL BYPASS AT MERTA ROAD,North Western Railway [NWR],Ministry of Railways,Railways,Rajasthan,02/2024,,03/2028,-,,947.0,947.0,1.36,0.0,2024-02-01,,2028-03-01,,,0.0,,,0.0,,0.0,0.001436114044350581,2024,947.0,0,0.001436114044350581,LOW
448,616841,Pushkar - Merta Katyasani 51.346 km,CAOC/NWR NWR mor,Ministry of Railways,Railways,Rajasthan,02/2024,08/2024,12/2026,12/2028,,799.64,799.64,242.08,7.0,2024-02-01,2024-08-01,2026-12-01,2028-12-01,,0.0,27.989487516425754,52.00394218134034,24.014454664914588,,24.014454664914588,0.30273623130408683,2024,114.23428571428572,0,0.30273623130408683,MEDIUM
449,616842,LUNI- SAMDARI- BHILDI DOUBLING,North Western Railway [NWR],Ministry of Railways,Railways,"Multi-States
(Gujarat,
Rajasthan)",02/2024,02/2024,07/2027,-,,3085.59,3085.59,962.77,36.0,2024-02-01,2024-02-01,2027-07-01,,,0.0,40.93298291721419,,0.0,,0.0,0.31202136382345025,2024,85.71083333333334,1,0.31202136382345025,LOW
450,616843,Ajmer-Chanderiya section 178.28 km Umbrella work PB57/2019-20/NR,CAOC/NWR NWR mor,Ministry of Railways,Railways,Rajasthan,02/2024,09/2024,06/2027,03/2028,,1634.79,1634.79,560.17,23.0,2024-02-01,2024-09-01,2027-06-01,2028-03-01,,0.0,32.95006570302234,41.95137976346912,9.00131406044678,,9.00131406044678,0.3426556316101762,2024,71.07782608695652,1,0.3426556316101762,LOW
451,616856,Doubling between Bhadrachalam Road and Dornakal,South Central Railway [SCR] - II,Ministry of Railways,Railways,Telangana,08/2023,04/2025,04/2029,-,,770.12,770.12,87.94,0.06,2023-08-01,2025-04-01,2029-04-01,,,0.0,47.99605781865966,,0.0,,0.0,0.11418999636420298,2023,12835.333333333334,0,0.11418999636420298,LOW
452,616857,"Doubling between Motumari Vishnupuram 88.81 km and Rail over Rail RoR at
Motumari 10.877 Km",CAO/C/SCoR SCoR mor,Ministry of Railways,Railways,"Multi-States
(Andhra Pradesh,
Telangana)",02/2024,07/2025,03/2029,-,,1595.55,1595.55,327.62,22.0,2024-02-01,2025-07-01,2029-03-01,,,0.0,43.98817345597897,,0.0,,0.0,0.20533358403058508,2024,72.52499999999999,1,0.20533358403058508,LOW
453,616858,"Construction of Field Gas Gathering Station at Baghjan area for collection,
processing & transportation of natural Gas to be produced from Baghjan Field",Oil India Limited,Ministry of Petroleum & Natural Gas,Oil & Gas,Assam,12/2020,12/2020,03/2024,11/2026,,430.76,430.76,348.65,95.9,2020-12-01,2020-12-01,2024-03-01,2026-11-01,,0.0,38.96189224704336,70.99211563731932,32.03022339027596,,32.03022339027596,0.8093834153589005,2020,4.491762252346193,0,0.8093834153589005,MEDIUM
454,616879,Demo Bio-ATF Project,Mangalore Refinery and Petrochemicals Limited,Ministry of Petroleum & Natural Gas,Oil & Gas,Karnataka,03/2024,03/2024,01/2027,-,,364.0,364.0,91.39,54.8,2024-03-01,2024-03-01,2027-01-01,,,0.0,34.03416557161629,,0.0,,0.0,0.25107142857142856,2024,6.642335766423358,0,0.25107142857142856,LOW
455,616886,Delhi University Eastern Campus at Surajmal Vihar,Delhi University,Department of Higher Education,Education,Delhi,09/2024,03/2025,10/2026,-,,373.0,373.0,31.53,14.0,2024-09-01,2025-03-01,2026-10-01,,,0.0,19.021024967148488,,0.0,,0.0,0.08453083109919571,2024,26.642857142857142,0,0.08453083109919571,LOW
456,616933,Lube Modernization & Bottom Upgradation Project at Mumbai Refinery,Hindustan Petroleum Corporation Limited,Ministry of Petroleum & Natural Gas,Oil & Gas,Maharashtra,12/2024,12/2024,03/2028,08/2029,,4679.0,6008.0,314.9,14.1,2024-12-01,2024-12-01,2028-03-01,2029-08-01,,0.28403505022440695,38.96189224704336,55.97897503285151,17.01708278580815,,17.01708278580815,0.05241344873501997,2024,331.8439716312057,1,0.06730070527890575,MEDIUM
457,616950,PRP-VIII [Group-A],Oil and Natural Gas Corporation Limited [ONGC],Ministry of Petroleum & Natural Gas,Oil & Gas,Offshore,09/2024,09/2024,02/2026,-,,1589.4,1486.4,629.46,60.2,2024-09-01,2024-09-01,2026-02-01,,,-0.06480432867748835,17.017082785808146,,0.0,,0.0,0.42347954790096876,2024,26.40199335548173,1,0.39603624009060023,LOW
458,616983,Kosamba Umarpada GC PROJECT,Ministry of Railways-,Ministry of Railways,Railways,Gujarat,07/2023,07/2023,06/2027,-,,467.58,467.58,70.54,16.0,2023-07-01,2023-07-01,2027-06-01,,,0.0,47.010512483574246,,0.0,,0.0,0.1508618845972882,2023,29.22375,0,0.1508618845972882,LOW
459,617068,"Augmentation of Transformation Capacity by 3x500 MVA, 400/220 KV ICTS [6th-8th]
and 1x1500 MVA, 765/400 KV ICT [4th] at Bidar PS [SPV Name- POWERGRID Bidar
Augmentation Transmission Limited]",Power Grid Corporation of India Limited [POWERGRID],Ministry of Power,Transmission & Distribution,Karnataka,02/2025,02/2025,06/2027,-,,288.0,288.0,28.8,18.75,2025-02-01,2025-02-01,2027-06-01,,,0.0,27.92378449408673,,0.0,,0.0,0.1,2025,15.36,0,0.1,LOW
460,617069,"Augmentation of Transformation Capacity at KPS1 [GIS] and KPS2 [GIS] [Phase-V
Part B1 and Part B2 Scheme] [SPV Name- POWERGRID KPS1 and 2 Augmentation
Transmission Limited]",Power Grid Corporation of India Limited [POWERGRID],Ministry of Power,Transmission & Distribution,Gujarat,02/2025,02/2025,02/2027,-,,466.0,466.0,154.9,37.0,2025-02-01,2025-02-01,2027-02-01,,,0.0,23.98160315374507,,0.0,,0.0,0.33240343347639484,2025,12.594594594594595,0,0.33240343347639484,LOW
461,617179,"Transmission Scheme for evacuation of Power from Ratle HEP [850 MW] & kiru [624
MW] Part B",Power Grid Corporation of India Limited [POWERGRID],Ministry of Power,Transmission & Distribution,"Jammu and
Kashmir",07/2024,07/2024,07/2026,06/2027,,218.6,218.6,3.72,1.7,2024-07-01,2024-07-01,2026-07-01,2027-06-01,,0.0,23.98160315374507,34.98685939553219,11.005256241787123,,11.005256241787123,0.017017383348581886,2024,128.58823529411765,0,0.017017383348581886,LOW
462,617181,"Augmentation at Fatehgarh-II PS, Fatehgarh-IV PS [Section-II] and Barmer-I PS
[POWERGRID Fatehgarh Barmer Augmentation Transmission Limited]",Power Grid Corporation of India Limited [POWERGRID],Ministry of Power,Transmission & Distribution,Rajasthan,03/2025,03/2025,12/2026,06/2027,,404.0,404.0,32.32,17.2,2025-03-01,2025-03-01,2026-12-01,2027-06-01,,0.0,21.02496714848883,27.003942181340342,5.978975032851512,,5.978975032851512,0.08,2025,23.48837209302326,0,0.08,LOW
463,617182,"Augmentation of Banaskantha [Raghanesda] PS [GIS] [POWERGRID Banaskantha
Transco Limited]",Power Grid Corporation of India Limited [POWERGRID],Ministry of Power,Transmission & Distribution,Gujarat,03/2025,03/2025,03/2027,-,,172.0,172.0,61.92,42.0,2025-03-01,2025-03-01,2027-03-01,,,0.0,23.98160315374507,,0.0,,0.0,0.36,2025,4.095238095238095,0,0.36,LOW
464,617183,"Transmission system strengthening at Kurnool- III PS for integration of additional RE
generation projects [POWERGRID Kurnool III PS RE Transmission Limited]",Power Grid Corporation of India Limited [POWERGRID],Ministry of Power,Transmission & Distribution,Andhra Pradesh,03/2025,03/2025,12/2027,-,,2886.0,2886.0,894.66,43.89,2025-03-01,2025-03-01,2027-12-01,,,0.0,33.01576872536137,,0.0,,0.0,0.31,2025,65.7552973342447,1,0.31,LOW
465,617184,"Transmission Scheme for integration of Davanagere/ Chitradurga and Bellary REZ in
Karnataka [POWERGRID Chitradurga Bellary REZ Transmission Limited]",Power Grid Corporation of India Limited [POWERGRID],Ministry of Power,Transmission & Distribution,Karnataka,03/2025,03/2025,09/2027,-,,3453.0,3453.0,552.48,23.01,2025-03-01,2025-03-01,2027-09-01,,,0.0,30.02628120893561,,0.0,,0.0,0.16,2025,150.0651890482399,1,0.16,LOW
466,617185,"Transmission System for Integration of Kurnool-IV REZ Phase-I [for 4.5 GW]
[POWERGRID Kurnool-IV Transmission Limited]",Power Grid Corporation of India Limited [POWERGRID],Ministry of Power,Transmission & Distribution,"Multi-States
(Andhra Pradesh,
Karnataka)",03/2025,03/2025,03/2027,09/2027,,5550.0,5550.0,1776.0,28.77,2025-03-01,2025-03-01,2027-03-01,2027-09-01,,0.0,23.98160315374507,30.02628120893561,6.044678055190541,,6.044678055190541,0.32,2025,192.9092805005214,1,0.32,LOW
467,617186,"Rajasthan REZ Ph-V [Part-1- 4 GW] [Sirohi/Nagaur] Complex [Rajasthan V Power
Transmission Limited]",Power Grid Corporation of India Limited [POWERGRID],Ministry of Power,Transmission & Distribution,"Multi-States
(Madhya Pradesh,
Rajasthan)",03/2025,03/2025,03/2027,06/2027,,5028.0,5028.0,1508.4,34.03,2025-03-01,2025-03-01,2027-03-01,2027-06-01,,0.0,23.98160315374507,27.003942181340342,3.0223390275952724,,3.0223390275952724,0.30000000000000004,2025,147.75198354393183,1,0.30000000000000004,LOW
468,617188,"Sipat Super Thermal Power Project, Stage-III [1x800 MW]",National Thermal Power Corporation [NTPC],Ministry of Power,Electricity Generation,Chhattisgarh,09/2024,09/2024,09/2029,11/2029,,9791.0,9791.0,1910.55,22.31,2024-09-01,2024-09-01,2029-09-01,2029-11-01,,0.0,59.98685939553219,61.990801576872535,2.003942181340342,,2.003942181340342,0.19513328567051375,2024,438.86149708650834,1,0.19513328567051375,LOW
469,617200,KHARSIA- NAYA RAIPUR-PARMALKASA 5th and 6th Line [278KM],CAO/C/SECR,Ministry of Railways,Railways,Chhattisgarh,04/2025,04/2025,03/2031,-,,7853.84,7853.84,0.64,0.0,2025-04-01,2025-04-01,2031-03-01,,,0.0,70.9592641261498,,0.0,,0.0,8.148880038299736e-05,2025,7853.84,1,8.148880038299736e-05,LOW
470,617201,Gondia-Balharshah [Chanda Fort] Doubling [240 Km],South East Central Railway,Ministry of Railways,Railways,Maharashtra,04/2025,04/2025,03/2031,-,,4373.04,4373.04,1.79,2.0,2025-04-01,2025-04-01,2031-03-01,,,0.0,70.9592641261498,,0.0,,0.0,0.0004093262352962699,2025,2186.52,1,0.0004093262352962699,LOW
471,617206,Delhi Metro Rail Phase-IV [Rithala - Kundli Corridor],Delhi Metro Rail Corporation Limited [DMRC],Ministry of Housing & Urban Affairs,Urban Public Transport,"Multi-States (Delhi,
Haryana)",01/2025,01/2025,01/2029,-,,6230.99,6230.99,800.48,5.36,2025-01-01,2025-01-01,2029-01-01,,,0.0,47.99605781865966,,0.0,,0.0,0.12846754689062254,2025,1162.498134328358,1,0.12846754689062254,LOW
472,617207,Delhi Metro Rail Phase-IV [2 Corridors],Delhi Metro Rail Corporation Limited [DMRC],Ministry of Housing & Urban Affairs,Urban Public Transport,Delhi,03/2024,03/2024,03/2029,-,,8399.81,8399.81,183.23,4.31,2024-03-01,2024-03-01,2029-03-01,,,0.0,59.98685939553219,,0.0,,0.0,0.021813588640695443,2024,1948.9118329466357,1,0.021813588640695443,LOW
473,617210,Tirupati-Pakala-Katpadi Doubling 104.39 Km Item83/NR/2024-25,CAO/C/SCoR SCoR mor,Ministry of Railways,Railways,"Multi-States
(Andhra Pradesh,
Tamil Nadu)",04/2025,04/2025,04/2029,-,,1215.56,1215.56,0.0,0.0,2025-04-01,2025-04-01,2029-04-01,,,0.0,47.99605781865966,,0.0,,0.0,0.0,2025,1215.56,1,0.0,LOW
474,617211,Doubling of Guntur Bibinagar 239 Km,South Central Railway [SCR] - II,Ministry of Railways,Railways,"Multi-States
(Andhra Pradesh,
Telangana)",08/2023,08/2023,03/2029,-,,2853.23,2853.23,357.74,2.6,2023-08-01,2023-08-01,2029-03-01,,,0.0,66.98423127463863,,0.0,,0.0,0.12538070888081226,2023,1097.3961538461538,1,0.12538070888081226,LOW
475,617212,Doubling between Mudkhed Medchal & Mahbubnagar Dhone section 417.88 Km,South Central Railway [SCR] - II,Ministry of Railways,Railways,"Multi-States
(Andhra Pradesh,
Maharashtra,
Telangana)",08/2023,08/2023,03/2029,08/2029,,4686.09,4686.09,640.06,21.0,2023-08-01,2023-08-01,2029-03-01,2029-08-01,,0.0,66.98423127463863,72.01051248357425,5.026281208935615,,5.026281208935615,0.13658721876873894,2023,223.14714285714285,1,0.13658721876873894,LOW
476,617213,"Varanasi- Pt. Deen Dayal Upadhyaya - Multitracking 15 km, including construction of a
new Rail- cum- Road Bridge across Ganga River",CAO/C-II/NR NR mor,Ministry of Railways,Railways,Uttar Pradesh,10/2024,08/2025,10/2029,-,,2464.46,2464.46,109.93,5.0,2024-10-01,2025-08-01,2029-10-01,,,0.0,50.0,,0.0,,0.0,0.0446061206106003,2024,492.892,1,0.0446061206106003,LOW
477,617214,"South Central Railway- Rail connectivity to Amaravati, Capital of Andhra Pradesh
Errupalem- Amaravati- Namburu New line 57 km PB7/WR/2023-24",CAO/C/SCoR SCoR mor,Ministry of Railways,Railways,"Multi-States
(Andhra Pradesh,
Telangana)",11/2024,06/2026,03/2027,-,,2047.4,2047.4,155.0,0.0,2024-11-01,2026-06-01,2027-03-01,,,0.0,8.968462549277266,,0.0,,0.0,0.07570577317573507,2024,2047.4,1,0.07570577317573507,LOW
478,617215,Doubling between Parbhani-Parli Vaijnath stations 64.71 km PB34/CR/2023-24,CAOCON/SCR SCR mor,Ministry of Railways,Railways,Maharashtra,12/2023,05/2025,03/2028,-,,769.93,769.93,174.3,1.0,2023-12-01,2025-05-01,2028-03-01,,,0.0,34.00131406044678,,0.0,,0.0,0.22638421674697704,2023,769.93,0,0.22638421674697704,LOW
479,617216,"South Central Railway- 3rd line between Gudur-Renigunta stations 83.17 km
PB34/CR/2023-24",CAO/C/SCoR SCoR mor,Ministry of Railways,Railways,Andhra Pradesh,10/2024,10/2024,03/2027,-,,877.34,877.34,53.46,0.0,2024-10-01,2024-10-01,2027-03-01,,,0.0,28.942181340341655,,0.0,,0.0,0.0609341874301867,2024,877.34,0,0.0609341874301867,LOW
480,617221,"Construction of Girls Hostel 400 seater, Boys Hostel 600 seater, Academic Block,
International Hostel 100 seater, VC Residence and Purchase of Equipment",Central University of Punjab,Department of Higher Education,Education,Punjab,08/2024,04/2025,10/2027,-,,210.99,210.99,99.02,58.0,2024-08-01,2025-04-01,2027-10-01,,,0.0,29.993429697766096,,0.0,,0.0,0.4693113417697521,2024,3.6377586206896555,0,0.4693113417697521,LOW
481,617224,Gorakhpur-Valmikinagar Doubling project,NER,Ministry of Railways,Railways,"Multi-States
(Bihar, Uttar
Pradesh)",08/2023,03/2024,12/2027,-,,1120.0,1120.0,442.7,32.0,2023-08-01,2024-03-01,2027-12-01,,,0.0,45.006570302233904,,0.0,,0.0,0.3952678571428571,2023,35.0,1,0.3952678571428571,LOW
482,617225,PCMC To Nigdi- Extension Of North South Corridor Of Phase-1,Maharashtra Metro Rail Corporation Limited [MMRCL],Ministry of Housing & Urban Affairs,Urban Public Transport,Maharashtra,10/2023,10/2023,01/2027,-,,910.18,960.18,322.59,49.12,2023-10-01,2023-10-01,2027-01-01,,,0.05493418884176757,39.02759526938239,,0.0,,0.0,0.33596825595200897,2023,18.52972312703583,0,0.35442439956931593,LOW
483,617226,Pune Metro Phase-1 Extension line towards south from Swargate to Katraj,Maharashtra Metro Rail Corporation Limited [MMRCL],Ministry of Housing & Urban Affairs,Urban Public Transport,Maharashtra,09/2024,09/2024,03/2029,-,,2954.53,2954.53,190.07,9.04,2024-09-01,2024-09-01,2029-03-01,,,0.0,53.942181340341655,,0.0,,0.0,0.064331721119772,2024,326.8285398230089,1,0.064331721119772,LOW
484,617231,"East Central Railway - Construction of Bulb line at Nabinagar Ankorah 17.49Km
PB45/ECoR/2024-25",CAO/Con/South/MHX ECR mor,Ministry of Railways,Railways,Bihar,06/2024,07/2026,06/2028,-,,611.74,611.74,0.0,0.0,2024-06-01,2026-07-01,2028-06-01,,,0.0,23.028909329829172,,0.0,,0.0,0.0,2024,611.74,0,0.0,LOW
485,617233,WAGHODA UG MINE [1.02 MTY],WCL - CIL,Ministry of Coal,Coal,Maharashtra,01/2024,01/2025,03/2030,-,,379.3,379.3,0.0,0.11,2024-01-01,2025-01-01,2030-03-01,,,0.0,61.925098554533506,,0.0,,0.0,0.0,2024,3448.1818181818185,0,0.0,LOW
486,617239,"Narkatiaganj-Raxaul-Sitamarhi-Darbhanga & Sitamarhi-Muzaffarpur Sections doubling
256 km Umbrella work PB57/2019-20/NR",CAO/Con/North/MHX ECR mor,Ministry of Railways,Railways,Bihar,11/2024,05/2026,11/2029,03/2030,,4079.95,4079.96,18.9,0.0,2024-11-01,2026-05-01,2029-11-01,2030-03-01,,2.451010429102876e-06,42.04993429697766,45.992115637319316,3.942181340341655,,3.942181340341655,0.004632398356846635,2024,4079.95,1,0.004632409710903319,LOW
487,617240,Murarai - Barharwa 3rd line,Eastern Railway [ER] - II,Ministry of Petroleum & Natural Gas,Oil & Gas,"Multi-States
(Jharkhand, West
Bengal)",01/2026,,05/2028,-,,935.19,935.19,0.0,0.0,2026-01-01,,2028-05-01,,,0.0,,,0.0,,0.0,0.0,2026,935.19,0,0.0,LOW
488,617242,Installation of New Bar Mill at Durgapur Steel Plant,Steel Authority of India Limited [SAIL],Ministry of Steel,Steel,West Bengal,07/2024,08/2024,06/2027,-,,2115.44,2115.44,935.57,67.5,2024-07-01,2024-08-01,2027-06-01,,,0.0,33.96846254927726,,0.0,,0.0,0.4422578754301706,2024,31.339851851851854,1,0.4422578754301706,LOW
489,617243,Replacement of Hot Leveller No.1 of Plate Mill at Bhilai Steel Plant,Steel Authority of India Limited [SAIL],Ministry of Steel,Steel,Chhattisgarh,07/2024,08/2024,07/2026,-,,198.62,198.62,129.25,82.79,2024-07-01,2024-08-01,2026-07-01,,,0.0,22.963206307490143,,0.0,,0.0,0.6507401067364817,2024,2.399082014736079,0,0.6507401067364817,LOW
490,617245,Katihar-Kumedpur & Katihar-Mukuria 64.5 km Umbrella work PB57/2019-20/NR,CAO/C-II/NFR NFR mor,Ministry of Railways,Railways,"Multi-States
(Bihar, West
Bengal)",08/2022,10/2023,08/2027,02/2027,,942.64,1961.0,952.95,65.0,2022-08-01,2023-10-01,2027-08-01,2027-02-01,,1.0803275905966223,45.992115637319316,40.04599211563732,-5.946123521681997,,-5.946123521681997,0.48595104538500766,2022,14.502153846153846,0,1.0109373673937028,MEDIUM
491,617246,Up-gradation of Blast Furnace No. 3 at Durgapur Steel Plant,Steel Authority of India Limited [SAIL],Ministry of Steel,Steel,West Bengal,09/2024,10/2024,10/2027,10/2027,,758.09,758.09,316.01,62.17,2024-09-01,2024-10-01,2027-10-01,2027-10-01,,0.0,35.972404730617605,35.972404730617605,0.0,,0.0,0.41685024205569254,2024,12.193823387485926,0,0.41685024205569254,LOW
492,617248,Third Ladle Furnace in Secondary Refinery Unit at IISCO Steel Plant,Steel Authority of India Limited [SAIL],Ministry of Steel,Steel,West Bengal,11/2024,12/2024,07/2026,11/2026,,227.96,227.96,111.44,74.55,2024-11-01,2024-12-01,2026-07-01,2026-11-01,,0.0,18.95532194480946,22.996057818659658,4.040735873850199,,4.040735873850199,0.488857694332339,2024,3.0578135479543933,0,0.488857694332339,LOW
493,617249,Replacement of existing Grinders in CRM-I & II at Bokaro Steel Plant,Steel Authority of India Limited [SAIL],Ministry of Steel,Steel,Jharkhand,01/2025,02/2025,01/2027,-,,211.94,211.94,60.6,62.05,2025-01-01,2025-02-01,2027-01-01,,,0.0,22.963206307490143,,0.0,,0.0,0.2859299801830707,2025,3.4156325543916197,0,0.2859299801830707,LOW
494,617250,Secondary Emission Control in Converters of SMS-II at Bokaro Steel Plant,Steel Authority of India Limited [SAIL],Ministry of Steel,Steel,Jharkhand,01/2025,02/2025,10/2026,04/2027,,207.13,207.13,103.47,55.91,2025-01-01,2025-02-01,2026-10-01,2027-04-01,,0.0,19.940867279894874,25.919842312746386,5.978975032851512,,5.978975032851512,0.4995413508424661,2025,3.7047039885530317,0,0.4995413508424661,LOW
495,617251,Revamping of Air Pollution Control Systems of SP-1 at Durgapur Steel Plant,Steel Authority of India Limited [SAIL],Ministry of Steel,Steel,West Bengal,07/2024,12/2024,05/2026,12/2026,,196.4,196.4,65.74,34.58,2024-07-01,2024-12-01,2026-05-01,2026-12-01,,0.0,16.95137976346912,23.98160315374507,7.03022339027595,,7.03022339027595,0.3347250509164969,2024,5.679583574320417,0,0.3347250509164969,LOW
496,617252,Anand Nagar - Ghughuli via Maharajganj 53.37 km,CAOC/NER NER mor,Ministry of Railways,Railways,Uttar Pradesh,08/2023,01/2026,03/2028,-,,958.27,1501.1,888.5,12.0,2023-08-01,2026-01-01,2028-03-01,,,0.5664687405428532,25.952693823915897,,0.0,,0.0,0.5918992738658317,2023,79.85583333333334,0,0.9271917100608388,MEDIUM-HIGH
497,617253,Revamping of old sub-systems of Blast Furnace 3 at Bokaro Steel Plant,Steel Authority of India Limited [SAIL],Ministry of Steel,Steel,Jharkhand,08/2023,10/2023,05/2026,,07/2025,513.82,513.82,415.18,100.0,2023-08-01,2023-10-01,2026-05-01,,2025-07-01,0.0,30.97897503285151,,0.0,20.992115637319316,-9.986859395532193,0.808026157019968,2023,5.1382,0,0.808026157019968,LOW
498,617254,"Replacement of remaining 04 sets of Battery Cyclones with 04 Nos. of ESPs in Sinter
Plant-1 at Bokaro Steel Plant",Steel Authority of India Limited [SAIL],Ministry of Steel,Steel,Jharkhand,03/2024,04/2024,06/2026,04/2027,,260.37,260.37,127.53,53.15,2024-03-01,2024-04-01,2026-06-01,2027-04-01,,0.0,25.985545335085412,35.972404730617605,9.986859395532193,,9.986859395532193,0.4898029726927065,2024,4.898777046095955,0,0.4898029726927065,LOW
499,617255,"Replacement of Converter Vessels, Trunnion Rings, Support System & Installation of
Secondary Emission at Bhilai Steel Plant",Steel Authority of India Limited [SAIL],Ministry of Steel,Steel,Chhattisgarh,10/2023,12/2023,06/2026,09/2026,,471.83,471.83,266.11,74.3,2023-10-01,2023-12-01,2026-06-01,2026-09-01,,0.0,29.993429697766096,33.01576872536137,3.0223390275952724,,3.0223390275952724,0.5639955068562831,2023,6.350336473755047,0,0.5639955068562831,LOW
500,617256,Rebuilding of Coke Oven Battery No.7 & 8 at Bhilai Steel Plant,Steel Authority of India Limited [SAIL],Ministry of Steel,Steel,Chhattisgarh,11/2023,01/2024,10/2025,09/2026,,884.1,884.1,693.83,94.73,2023-11-01,2024-01-01,2025-10-01,2026-09-01,,0.0,20.992115637319316,31.99737187910644,11.005256241787123,,11.005256241787123,0.7847867888247936,2023,9.33284070516204,0,0.7847867888247936,LOW
501,617257,Rebuilding of Coke Oven Battery No.6 at Bokaro Steel Plant,Steel Authority of India Limited [SAIL],Ministry of Steel,Steel,Jharkhand,11/2023,12/2023,11/2026,11/2027,,627.31,627.31,347.42,68.07,2023-11-01,2023-12-01,2026-11-01,2027-11-01,,0.0,35.019710906701704,47.010512483574246,11.990801576872542,,11.990801576872542,0.553825062568746,2023,9.215660349640077,0,0.553825062568746,LOW
502,617269,"Transmission System for Strengthening to facilitate evacuation of power from
Bhadla/Bikaner Complex",Power Grid Corporation of India Limited [POWERGRID],Ministry of Power,Transmission & Distribution,Uttar Pradesh,12/2024,12/2024,06/2026,12/2026,,212.81,212.81,12.76,12.07,2024-12-01,2024-12-01,2026-06-01,2026-12-01,,0.0,17.969776609724047,23.98160315374507,6.011826544021023,,6.011826544021023,0.0599595883652084,2024,17.63131731565866,0,0.0599595883652084,LOW
503,617270,Eastern Region Expansion Scheme-44 [ERES-44],Power Grid Corporation of India Limited [POWERGRID],Ministry of Power,Transmission & Distribution,"Multi-States
(Bihar, West
Bengal)",11/2024,11/2024,05/2026,09/2027,,408.94,408.94,6.13,1.5,2024-11-01,2024-11-01,2026-05-01,2027-09-01,,0.0,17.936925098554532,33.96846254927726,16.03153745072273,,16.03153745072273,0.014989974079327041,2024,272.62666666666667,0,0.014989974079327041,LOW
504,617271,Eastern Region Expansion Scheme-43 [ERES-43],Power Grid Corporation of India Limited [POWERGRID],Ministry of Power,Transmission & Distribution,"Multi-States
(Bihar, Odisha,
West Bengal)",09/2024,09/2024,03/2026,09/2026,,342.69,342.69,143.93,29.75,2024-09-01,2024-09-01,2026-03-01,2026-09-01,,0.0,17.936925098554532,23.98160315374507,6.044678055190538,,6.044678055190538,0.42000058361784703,2024,11.518991596638655,0,0.42000058361784703,LOW
505,617272,"Implementation of LILO of both circuits of 400KV vindhyachal PS-Sasan D/C Line at
Hindalco Switchyard",Power Grid Corporation of India Limited [POWERGRID],Ministry of Power,Transmission & Distribution,Madhya Pradesh,06/2024,06/2024,12/2026,-,,370.0,370.0,148.0,55.26,2024-06-01,2024-06-01,2026-12-01,,,0.0,29.993429697766096,,0.0,,0.0,0.4,2024,6.69562070213536,0,0.4,LOW
506,617278,KOLARPIMPRI EXPANSION OC [2.5,WCL - CIL,Ministry of Coal,Coal,Maharashtra,06/2024,02/2025,03/2030,-,,630.37,630.37,0.61,0.4,2024-06-01,2025-02-01,2030-03-01,,,0.0,60.906701708278575,,0.0,,0.0,0.0009676856449386868,2024,1575.925,0,0.0009676856449386868,LOW
507,617279,"Transmission System for evacuation of power from Mahan Energen Limited
Generating Station in Madhya Pradesh [SPV Name - POWERGRID MEL Power
Transmission Limited]",Power Grid Corporation of India Limited [POWERGRID],Ministry of Power,Transmission & Distribution,Madhya Pradesh,06/2025,06/2025,12/2027,-,,558.0,558.0,180.9,18.47,2025-06-01,2025-06-01,2027-12-01,,,0.0,29.993429697766096,,0.0,,0.0,0.3241935483870968,2025,30.211153221440174,0,0.3241935483870968,LOW
508,617280,"Construction of Basement + Ground Floor+ 10 Storeyed building for State of the Art
Director General, GSI Building at plot No.GN-40, Sector-V, Salt Lake, Kolkata",Central Public Works Department [CPWD],Ministry of Mines,Construction,West Bengal,04/2019,02/2020,08/2026,-,,255.37,255.37,98.94,64.0,2019-04-01,2020-02-01,2026-08-01,,,0.0,77.95663600525624,,0.0,,0.0,0.3874378352978032,2019,3.99015625,0,0.3874378352978032,LOW
509,617282,"C/o 184 MS Flats for Hon'ble MPs at BKS Marg, New Delhi",Central Public Works Department [CPWD],Ministry of Housing & Urban Affairs,Construction,Delhi,01/2022,05/2022,05/2025,09/2025,09/2025,646.53,646.52,540.04,100.0,2022-01-01,2022-05-01,2025-05-01,2025-09-01,2025-09-01,-1.5467186364114434e-05,36.00525624178712,40.04599211563732,4.0407358738501955,40.04599211563732,4.0407358738501955,0.8353028521932809,2022,6.4653,0,0.8352899324083956,LOW
510,617284,Chunar-Chopan doubling project,North Central Railway,Ministry of Railways,Railways,Uttar Pradesh,08/2023,01/2025,03/2028,-,,1423.96,1423.96,151.57,18.5,2023-08-01,2025-01-01,2028-03-01,,,0.0,37.943495400788436,,0.0,,0.0,0.10644259670215454,2023,76.97081081081082,1,0.10644259670215454,LOW
511,617287,KUSMUNDA OC EXPANSION PROJECT,SECL - CIL,Ministry of Coal,Coal,Chhattisgarh,11/2024,11/2024,03/2030,-,,4516.88,4516.88,847.19,23.75,2024-11-01,2024-11-01,2030-03-01,,,0.0,63.92904073587385,,0.0,,0.0,0.18756088273321408,2024,190.1844210526316,1,0.18756088273321408,LOW
512,617288,MANIKPUR OC EXPANSION PROJECT,SECL - CIL,Ministry of Coal,Coal,Chhattisgarh,01/2025,01/2025,03/2029,-,,382.61,382.61,138.87,21.29,2025-01-01,2025-01-01,2029-03-01,,,0.0,49.93429697766097,,0.0,,0.0,0.36295444447348474,2025,17.971348050728043,0,0.36295444447348474,LOW
513,617290,Jeypore - Malkangiri New BG Line Project,Indian Railways,Ministry of Railways,Railways,Odisha,02/2018,,12/2030,-,,2343.64,2343.64,630.83,13.0,2018-02-01,,2030-12-01,,,0.0,,,0.0,,0.0,0.26916676622689495,2018,180.28,1,0.26916676622689495,LOW
514,617299,50 MW Wind Power Project,NLC India Limited,Ministry of Coal,Electricity Generation,Gujarat,07/2022,01/2024,06/2025,12/2026,,383.84,383.84,333.34,52.0,2022-07-01,2024-01-01,2025-06-01,2026-12-01,,0.0,16.98423127463863,34.98685939553219,18.00262812089356,,18.00262812089356,0.8684347644852022,2022,7.381538461538461,0,0.8684347644852022,LOW
515,617302,Durgapur - Haldia Pipeline [Section-3B of JHBDPL Project],Gas Authority of India Limited [GAIL],Ministry of Petroleum & Natural Gas,Oil & Gas,West Bengal,03/2017,03/2017,12/2020,09/2026,,1740.0,2583.0,2380.8,95.7,2017-03-01,2017-03-01,2020-12-01,2026-09-01,,0.4844827586206897,45.039421813403415,114.02759526938239,68.98817345597897,,68.98817345597897,0.9217189314750291,2017,18.18181818181818,1,1.3682758620689657,MEDIUM-HIGH
516,617303,"City Gas Distribution Project at Khagaria, Saharsa and Madhepura",Ministry of Petroleum & Natural Gas,Ministry of Petroleum & Natural Gas,Oil & Gas,Bihar,03/2019,03/2019,03/2030,09/2025,09/2025,163.0,163.0,96.95,100.0,2019-03-01,2019-03-01,2030-03-01,2025-09-01,2025-09-01,0.0,131.99737187910642,78.05519053876478,-53.94218134034165,78.05519053876478,-53.94218134034165,0.5947852760736196,2019,1.63,0,0.5947852760736196,LOW
517,617304,"Setting up of LPG Plant with Rail Unloading Facility at Hathua, Dist. Gopalganj, Bihar",Bharat Petroleum Corporation Limited [BPCL],Ministry of Petroleum & Natural Gas,Oil & Gas,Bihar,10/2023,10/2023,03/2027,-,,340.15,340.15,186.21,56.0,2023-10-01,2023-10-01,2027-03-01,,,0.0,40.9658344283837,,0.0,,0.0,0.5474349551668383,2023,6.074107142857143,0,0.5474349551668383,LOW
518,617320,New B.G Railway Line between Jeypore & Navarangpur [38 Km] with Electrification,Indian Railway and Govt of Odisha,Ministry of Railways,Railways,Odisha,07/2017,09/2022,09/2025,-,,747.91,747.91,7.21,0.0,2017-07-01,2022-09-01,2025-09-01,,,0.0,36.00525624178712,,0.0,,0.0,0.009640197349948523,2017,747.91,0,0.009640197349948523,LOW
519,617321,Godhani-Kalumna Chord 13.7 km,Ministry of Railways,Ministry of Railways,Railways,Offshore,07/2018,07/2018,07/2028,-,,150000.0,150000.0,1940.0,11.0,2018-07-01,2018-07-01,2028-07-01,,,0.0,120.0065703022339,,0.0,,0.0,0.012933333333333333,2018,13636.363636363636,1,0.012933333333333333,LOW
520,617322,Kalipahari Bakhtarnagar 5th line,Eastern Railway [ER] - I,Ministry of Railways,Railways,West Bengal,08/2024,07/2025,06/2027,06/2027,,350.46,350.46,0.0,0.0,2024-08-01,2025-07-01,2027-06-01,2027-06-01,,0.0,22.996057818659658,22.996057818659658,0.0,,0.0,0.0,2024,350.46,0,0.0,LOW
521,617326,"Implementation of Transmission Systems in the State of Jharkhand consisting of
400/220/132/33 kV transmission lines and substations under Jharkhand Consultancy
Project",Power Grid Corporation of India Limited [POWERGRID],Ministry of Power,Transmission & Distribution,Jharkhand,02/2012,02/2012,03/2026,06/2027,,1842.25,1842.25,1648.05,96.4,2012-02-01,2012-02-01,2026-03-01,2027-06-01,,0.0,168.92247043363994,183.93561103810774,15.013140604467793,,15.013140604467793,0.894585425430859,2012,19.110477178423235,1,0.894585425430859,LOW
522,617327,Thane Integral Ring Metro Rail Project,Maharashtra Metro Rail Corporation Limited [MMRCL],Ministry of Housing & Urban Affairs,Urban Public Transport,Maharashtra,09/2024,09/2024,09/2029,-,,12200.1,12200.1,101.17,10.04,2024-09-01,2024-09-01,2029-09-01,,,0.0,59.98685939553219,,0.0,,0.0,0.00829255497905755,2024,1215.1494023904384,1,0.00829255497905755,LOW
523,617333,"Construction of surface traingle between Bhadaura and new crossing station Karma
Dildarnagar-Taraghat line 11.1 km PB72/NR/2022-23",CAO/Con/South/MHX ECR mor,Ministry of Railways,Railways,"Multi-States
(Bihar, Uttar
Pradesh)",10/2022,06/2024,02/2027,-,,199.96,199.96,64.04,0.0,2022-10-01,2024-06-01,2027-02-01,,,0.0,32.03022339027595,,0.0,,0.0,0.32026405281056214,2022,199.96,0,0.32026405281056214,LOW
524,617338,Stamp Charge Battery No.12 Battery Proper at IISCO Steel Plant,Steel Authority of India Limited [SAIL],Ministry of Steel,Steel,West Bengal,01/2025,02/2025,07/2028,-,,2518.39,2518.39,472.41,27.66,2025-01-01,2025-02-01,2028-07-01,,,0.0,40.93298291721419,,0.0,,0.0,0.18758413113139746,2025,91.04808387563267,1,0.18758413113139746,LOW
525,617345,"SER Upgradation of maintenance infrastructure at Shalimar into Vande Bharat Chair
Car maintenance cum workshop depot",South Eastern Railway - JH,Ministry of Railways,Railways,West Bengal,03/2024,12/2024,10/2026,-,,226.87,226.87,86.69,50.0,2024-03-01,2024-12-01,2026-10-01,,,0.0,21.97766097240473,,0.0,,0.0,0.3821131044210341,2024,4.5374,0,0.3821131044210341,LOW
526,617361,Babupeth - Sasti New Rail Line [13.114 KMs],CentralRailway,Ministry of Railways,Railways,Maharashtra,10/2024,10/2024,03/2028,-,,362.81,362.81,0.48,0.0,2024-10-01,2024-10-01,2028-03-01,,,0.0,40.9658344283837,,0.0,,0.0,0.0013230065323447534,2024,362.81,0,0.0013230065323447534,LOW
527,617364,"Central Railway - Double chord line between Nilaje and Kopar 4.495 km
PB34/CR/2023-24",CAOC/CR CR mor,Ministry of Railways,Railways,Maharashtra,07/2023,12/2024,07/2028,-,,338.33,205.0,57.54,15.0,2023-07-01,2024-12-01,2028-07-01,,,-0.39408270032217063,42.96977660972404,,0.0,,0.0,0.28068292682926826,2023,22.555333333333333,0,0.17007064109006,LOW
528,617370,Doubling between Jaunpur Jn - Zaffarabad 6.28 km PB73/2023-24/NR,CAOC/NR NR mor,Ministry of Railways,Railways,Uttar Pradesh,03/2023,04/2025,01/2027,-,,180.66,237.38,78.47,22.0,2023-03-01,2025-04-01,2027-01-01,,,0.3139599247204694,21.02496714848883,,0.0,,0.0,0.33056702333810767,2023,8.211818181818181,0,0.4343518211004096,LOW
529,617372,"Pradhankhunta Jn-Patherdih Bazar-Bhojudih 17.1 km Umbrella work PB57/2019-
20/NR",CAO/Con/South/MHX ECR mor,Ministry of Railways,Railways,Jharkhand,11/2022,09/2025,11/2027,03/2026,,349.22,349.22,162.92,60.0,2022-11-01,2025-09-01,2027-11-01,2026-03-01,,0.0,25.985545335085412,5.946123521681997,-20.039421813403415,,-20.039421813403415,0.46652539946165733,2022,5.820333333333334,0,0.46652539946165733,LOW
530,617373,Jhajha-Batai New Line Project,East Central Railway [ECR] - I,Ministry of Railways,Railways,Bihar,03/2023,03/2023,03/2027,-,,588.18,588.18,3.05,0.0,2023-03-01,2023-03-01,2027-03-01,,,0.0,47.99605781865966,,0.0,,0.0,0.005185487435818967,2023,588.18,0,0.005185487435818967,LOW
531,617374,"Dallirajhara - Rowghat New Rail Line Project, Phase-I",Rail Vikas Nigam Limited,Ministry of Railways,Railways,Chhattisgarh,07/2009,11/2009,03/2025,02/2026,,1516.45,1881.26,2154.73,98.0,2009-07-01,2009-11-01,2025-03-01,2026-02-01,,0.24056843285304488,183.93561103810774,195.00657030223388,11.070959264126145,,11.070959264126145,1.1453653402506832,2009,15.473979591836736,1,1.4209040851989845,LOW
532,617375,North Eastern Region Expansion Scheme-XXIII [NERES-XXIII],Power Grid Corporation of India Limited [POWERGRID],Ministry of Power,Transmission & Distribution,Arunachal Pradesh,08/2025,08/2025,02/2028,-,,209.38,209.38,3.14,3.89,2025-08-01,2025-08-01,2028-02-01,,,0.0,30.02628120893561,,0.0,,0.0,0.014996656796255612,2025,53.825192802056556,0,0.014996656796255612,LOW
533,617379,Development of New Bijwasan Railway Terminal,Northern Railways,Ministry of Railways,Railways,Delhi,02/2008,03/2013,03/2020,12/2026,,446.21,446.21,565.7,80.0,2008-02-01,2013-03-01,2020-03-01,2026-12-01,,0.0,84.00131406044677,165.0131406044678,81.01182654402102,,81.01182654402102,1.267788709352099,2008,5.577624999999999,0,1.267788709352099,MEDIUM-HIGH
534,617390,Sardega -Bhalumuda New Double line [37.24 Km],SECR,Ministry of Railways,Railways,"Multi-States
(Chhattisgarh,
Odisha)",09/2024,09/2024,03/2028,-,,1281.81,1281.81,130.14,5.0,2024-09-01,2024-09-01,2028-03-01,,,0.0,41.95137976346912,,0.0,,0.0,0.10152830762749548,2024,256.36199999999997,1,0.10152830762749548,LOW
535,617391,Augmentation of Transformation Capacity at Bhuj-II PS [GIS],Power Grid Corporation of India Limited [POWERGRID],Ministry of Power,Transmission & Distribution,Gujarat,02/2025,02/2025,11/2026,06/2027,,488.29,488.29,14.64,7.2,2025-02-01,2025-02-01,2026-11-01,2027-06-01,,0.0,20.9592641261498,27.92378449408673,6.964520367936927,,6.964520367936927,0.02998218271928567,2025,67.81805555555556,0,0.02998218271928567,LOW
536,617403,SADULPUR - CHURU DOUBLING PROJECT,North Western Railway [NWR],Ministry of Railways,Railways,Rajasthan,01/2024,01/2024,06/2026,-,,468.64,468.64,197.84,95.0,2024-01-01,2024-01-01,2026-06-01,,,0.0,28.97503285151117,,0.0,,0.0,0.4221577330146808,2024,4.933052631578947,0,0.4221577330146808,LOW
537,617404,"North Western Railway - New line between Ramdevra and Pokhran via Bhairav Gufa
- Kailash Tekri 13.38 Km PB30/NR/2025-26",CAOC/NWR NWR mor,Ministry of Railways,Railways,Rajasthan,04/2025,05/2026,03/2028,-,,189.21,189.21,57.31,3.0,2025-04-01,2026-05-01,2028-03-01,,,0.0,22.010512483574242,,0.0,,0.0,0.30289096770783785,2025,63.07,0,0.30289096770783785,LOW
538,617405,Jamnagar Transmission Limited,Adani Transmission Limited,Ministry of Power,Transmission & Distribution,Gujarat,10/2024,10/2024,10/2026,09/2027,,4000.0,4000.0,698.0,24.0,2024-10-01,2024-10-01,2026-10-01,2027-09-01,,0.0,23.98160315374507,34.98685939553219,11.005256241787123,,11.005256241787123,0.1745,2024,166.66666666666666,1,0.1745,LOW
539,617406,RATLAM- DUNGARPUR VIA BANSWARA NEW LINE PROJECT,North Western Railway [NWR],Ministry of Railways,Railways,"Multi-States
(Madhya Pradesh,
Rajasthan)",10/2015,05/2023,03/2028,-,,2417.24,2417.24,7.7,8.0,2015-10-01,2023-05-01,2028-03-01,,,0.0,58.01576872536136,,0.0,,0.0,0.0031854511757210707,2015,302.155,1,0.0031854511757210707,LOW
540,617408,NATHDWARA- NATHDWARA TOWN NL,North Western Railway [NWR],Ministry of Railways,Railways,Rajasthan,03/2019,04/2024,03/2027,-,,166.33,166.33,112.55,15.0,2019-03-01,2024-04-01,2027-03-01,,,0.0,34.95400788436268,,0.0,,0.0,0.6766668670714844,2019,11.088666666666667,0,0.6766668670714844,MEDIUM
541,617409,Railway Manufacturing Unit,RVNL - II,Ministry of Railways,Railways,Telangana,07/2016,02/2023,12/2026,03/2026,,521.36,521.36,492.12,91.0,2016-07-01,2023-02-01,2026-12-01,2026-03-01,,0.0,45.959264126149804,36.925098554533506,-9.034165571616299,,-9.034165571616299,0.9439159122295535,2016,5.729230769230769,0,0.9439159122295535,LOW
542,617412,"Construction of One Tower of Office Complex and another Tower of Residential
quarters i/c internal water supply, sanitary installation and all development and bulk
services, Horticulture works on EPC Mode-I basis i/c comprehensive operation and
maintenance of Civil, E&M services for 7 years after completion of original
construction work for Ranga Reddy, Secunderabad, Medchal, AuditI, Audit-II
Commissionerates of Central Tax at Khajaguda, Serilingampally, Hyderabad",Central Public Works Department - CPWD,Ministry of Housing & Urban Affairs,Construction,Telangana,03/2024,11/2024,09/2027,-,,644.0,644.0,188.69,26.0,2024-03-01,2024-11-01,2027-09-01,,,0.0,33.96846254927726,,0.0,,0.0,0.29299689440993787,2024,24.76923076923077,0,0.29299689440993787,LOW
543,617413,"Mobile connectivity in Left Wing Extremism [LWE] affected areas-Phase 1
Upgradation",Department of Telecommunications [DoT],Department of Telecommunications,Telecommunication,"Multi-States
(Andhra Pradesh,
Bihar,
Chhattisgarh,
Jharkhand,
Madhya Pradesh,
Maharashtra,
Odisha,
Telangana, Uttar
Pradesh, West
Bengal)",04/2022,05/2024,05/2025,12/2026,,1884.6,1884.6,376.8,99.31,2022-04-01,2024-05-01,2025-05-01,2026-12-01,,0.0,11.990801576872535,31.011826544021023,19.021024967148488,,19.021024967148488,0.1999363260108246,2022,18.976940892155874,1,0.1999363260108246,LOW
544,617416,"Revised Jharia Master Plan for Dealing with Fire, Subsidence & Rehabilitation of
affected families in Jharia Coalfield- Reg",Bharat Coking Coal Limited [BCCL],Ministry of Coal,Coal,Jharkhand,06/2025,07/2025,12/2028,-,,5940.47,5940.47,520.75,34.0,2025-06-01,2025-07-01,2028-12-01,,,0.0,41.03153745072273,,0.0,,0.0,0.08766141399586228,2025,174.71970588235294,1,0.08766141399586228,LOW
545,617422,Bodwad Parisar Sinchan Yojna,Department of Water Resources-MH,"Department of Water Resources, River Development & GR",Water Resources,Maharashtra,05/2002,01/2017,07/2027,-,,1923.81,1923.81,338.91,49.6,2002-05-01,2017-01-01,2027-07-01,,,0.0,125.91984231274638,,0.0,,0.0,0.1761660455034541,2002,38.786491935483866,1,0.1761660455034541,LOW
546,617727,Orvakal Industrial Area,NICDC,Department for Promotion of Industry & Internal Trade,Real Estate,Andhra Pradesh,08/2024,10/2025,10/2028,-,,2786.0,2786.0,356.05,16.22,2024-08-01,2025-10-01,2028-10-01,,,0.0,36.00525624178712,,0.0,,0.0,0.1277997128499641,2024,171.7632552404439,1,0.1277997128499641,LOW
547,617729,Kopparthy Industrial Area,NICDC,Department for Promotion of Industry & Internal Trade,Real Estate,Andhra Pradesh,08/2024,10/2025,10/2028,-,,2136.0,2136.0,39.75,5.39,2024-08-01,2025-10-01,2028-10-01,,,0.0,36.00525624178712,,0.0,,0.0,0.018609550561797753,2024,396.28942486085344,1,0.018609550561797753,LOW
548,617730,600 MW Khavda Solar Power Project,NLC India Limited [NLCIL],Ministry of Coal,Electricity Generation,Gujarat,08/2023,06/2024,06/2026,12/2026,,3335.85,3335.85,2122.95,62.0,2023-08-01,2024-06-01,2026-06-01,2026-12-01,,0.0,23.98160315374507,29.993429697766096,6.011826544021027,,6.011826544021027,0.6364045145914834,2023,53.80403225806452,1,0.6364045145914834,LOW
549,617764,North Dhadu Western Part OCP,NLC India Limited [NLCIL],Ministry of Coal,Coal,Jharkhand,10/2023,12/2023,03/2029,-,,1354.2,1354.2,233.77,40.0,2023-10-01,2023-12-01,2029-03-01,,,0.0,62.97634691195795,,0.0,,0.0,0.17262590459311772,2023,33.855000000000004,1,0.17262590459311772,LOW
550,617801,Provision of ICT Augmentation & Bus Reactor at Bhuj-II PS,Power Grid Corporation of India Limited [POWERGRID],Ministry of Power,Transmission & Distribution,Gujarat,03/2025,03/2025,12/2026,06/2027,,581.74,581.74,17.45,7.2,2025-03-01,2025-03-01,2026-12-01,2027-06-01,,0.0,21.02496714848883,27.003942181340342,5.978975032851512,,5.978975032851512,0.029996218241826245,2025,80.79722222222222,0,0.029996218241826245,LOW
551,617802,"Augmentation of Transformation Capacity and Implementation of Line Bays at
Mandsaur S/S for RE Interconnection [SPV Name- POWERGRID Mandsaur I RE
Transmission Limited]",Power Grid Corporation of India Limited [POWERGRID],Ministry of Power,Transmission & Distribution,Madhya Pradesh,10/2025,10/2025,03/2028,-,,319.0,319.0,17.23,4.8,2025-10-01,2025-10-01,2028-03-01,,,0.0,28.97503285151117,,0.0,,0.0,0.05401253918495298,2025,66.45833333333334,0,0.05401253918495298,LOW
552,617803,"Transmission System Strengthening at Davanagere for Integration of RE Generation
[SPV Name - POWERGRID Davanagere Power Transmission Limited]",Power Grid Corporation of India Limited [POWERGRID],Ministry of Power,Transmission & Distribution,Karnataka,09/2025,09/2025,09/2027,-,,379.0,379.0,17.06,2.5,2025-09-01,2025-09-01,2027-09-01,,,0.0,23.98160315374507,,0.0,,0.0,0.0450131926121372,2025,151.6,0,0.0450131926121372,LOW
553,617804,"Mechanization of Berth No.14 for handling Containers and other cargo on DBFOT
basis - Phase II",New Mangalore Port Authority,"Ministry of Ports, Shipping and Waterways",Shipping,Karnataka,12/2023,06/2024,03/2027,-,,153.23,153.23,97.45,95.0,2023-12-01,2024-06-01,2027-03-01,,,0.0,32.95006570302234,,0.0,,0.0,0.6359720681328722,2023,1.6129473684210525,0,0.6359720681328722,LOW
554,617806,"Transmission System for Integration of Ananthapur 2 REZ Phase 1 for 4.5 GW. SPV
Name Anantapuram 2 REZ Transmission Ltd",Sterlite Power,Ministry of Power,Transmission & Distribution,"Multi-States
(Andhra Pradesh,
Karnataka)",08/2024,03/2025,03/2027,-,,4535.99,4535.99,1207.57,64.0,2024-08-01,2025-03-01,2027-03-01,,,0.0,23.98160315374507,,0.0,,0.0,0.2662197227066197,2024,70.87484375,1,0.2662197227066197,LOW
555,617807,"Inter-regional [NR-WR] Transmission System strengthening to relieve the loading of
765 kV Vindhyachal-Varanasi D/c line",Power Grid Corporation of India Limited [POWERGRID],Ministry of Power,Transmission & Distribution,"Multi-States
(Bihar, Uttar
Pradesh)",10/2025,10/2025,10/2027,-,,2368.0,2368.0,157.94,6.38,2025-10-01,2025-10-01,2027-10-01,,,0.0,23.98160315374507,,0.0,,0.0,0.06669763513513513,2025,371.15987460815046,1,0.06669763513513513,LOW
556,617808,Inter-Regional Strengthening between SR Grid and WR Grid,Power Grid Corporation of India Limited [POWERGRID],Ministry of Power,Transmission & Distribution,"Multi-States
(Karnataka,
Maharashtra)",10/2025,10/2025,10/2027,-,,1007.0,1007.0,50.35,3.0,2025-10-01,2025-10-01,2027-10-01,,,0.0,23.98160315374507,,0.0,,0.0,0.05,2025,335.6666666666667,1,0.05,LOW
557,617818,"City Gas Distribution [CGD] Project in Gajapati, Kandhamal, Boudh, & Sonepur GA",GAIL Gas,Ministry of Petroleum & Natural Gas,Oil & Gas,Odisha,02/2022,02/2022,12/2031,-,,514.91,514.91,25.77,5.8,2022-02-01,2022-02-01,2031-12-01,,,0.0,117.93692509855452,,0.0,,0.0,0.050047581130683035,2022,88.77758620689654,0,0.050047581130683035,LOW
558,617819,"City Gas Distribution [CGD] Project in Kondagaon, Bastar, Sukma, Narayanpur,
Bijapur & Dantewada GA",GAIL Gas,Ministry of Petroleum & Natural Gas,Oil & Gas,Chhattisgarh,06/2022,06/2022,06/2030,-,,557.04,557.04,11.63,2.2,2022-06-01,2022-06-01,2030-06-01,,,0.0,95.99211563731932,,0.0,,0.0,0.02087821341375844,2022,253.19999999999996,0,0.02087821341375844,LOW
559,617822,"ATF Pipeline from BPCLs Malkapur POL Installation to Hyderabad International
airport",Bharat Petroleum Corporation Limited [BPCL],Ministry of Petroleum & Natural Gas,Oil & Gas,Telangana,03/2025,03/2025,09/2027,-,,215.0,215.0,46.87,29.1,2025-03-01,2025-03-01,2027-09-01,,,0.0,30.02628120893561,,0.0,,0.0,0.218,2025,7.388316151202749,0,0.218,LOW
560,617824,"Bakhtiyarpur-Rajgir-Tilaiya [Single line section]104km
(East Central Railway (ECR) - II)",Unknown,Ministry of Railways,Railways,Bihar,10/2025,10/2025,10/2029,-,,2017.38,2017.38,0.0,0.0,2025-10-01,2025-10-01,2029-10-01,,,0.0,47.99605781865966,,0.0,,0.0,0.0,2025,2017.38,1,0.0,LOW
561,617827,"Pipeline Rehabilitation Project, Phase-II",Oil India Limited,Ministry of Petroleum & Natural Gas,Oil & Gas,Assam,12/2024,12/2024,12/2029,-,,680.0,680.0,13.53,29.0,2024-12-01,2024-12-01,2029-12-01,,,0.0,59.98685939553219,,0.0,,0.0,0.01989705882352941,2024,23.448275862068964,0,0.01989705882352941,LOW
562,617828,Siliguri-Jhapa Pipeline Project,Indian Oil Corporation Limited [IOCL],Ministry of Petroleum & Natural Gas,Oil & Gas,West Bengal,09/2024,09/2024,08/2029,08/2029,,267.0,267.0,3.19,16.5,2024-09-01,2024-09-01,2029-08-01,2029-08-01,,0.0,58.96846254927726,58.96846254927726,0.0,,0.0,0.011947565543071161,2024,16.181818181818183,0,0.011947565543071161,LOW
563,617829,LPG Bottling Plant at Mualkhang,Indian Oil Corporation Limited [IOCL],Ministry of Petroleum & Natural Gas,Energy Storage,Mizoram,07/2024,07/2024,10/2028,03/2028,,225.71,225.71,32.45,34.0,2024-07-01,2024-07-01,2028-10-01,2028-03-01,,0.0,51.01839684625492,43.98817345597897,-7.03022339027595,,-7.03022339027595,0.14376855256745383,2024,6.638529411764706,0,0.14376855256745383,LOW
564,617830,C2/C3 Vijaipur Pata Pipeline,Gas Authority of India Limited [GAIL],Ministry of Petroleum & Natural Gas,Oil & Gas,Madhya Pradesh,05/2024,05/2024,01/2027,-,,1792.0,1792.0,541.2,73.0,2024-05-01,2024-05-01,2027-01-01,,,0.0,32.03022339027595,,0.0,,0.0,0.3020089285714286,2024,24.54794520547945,1,0.3020089285714286,LOW
565,617832,Koderma-Barkakana Arigada 133 Km,CAO/Con/South/MHX ECR mor,Ministry of Railways,Railways,Jharkhand,06/2025,07/2026,12/2029,-,,2887.11,2887.11,0.85,0.0,2025-06-01,2026-07-01,2029-12-01,,,0.0,41.03153745072273,,0.0,,0.0,0.00029441205911794147,2025,2887.11,1,0.00029441205911794147,LOW
566,617836,Coke Drum Structure Package,Numaligarh Refinery Limited,Ministry of Petroleum & Natural Gas,Oil & Gas,Assam,12/2022,12/2022,12/2025,-,,635.28,635.28,464.46,72.0,2022-12-01,2022-12-01,2025-12-01,,,0.0,36.00525624178712,,0.0,,0.0,0.7311106913486967,2022,8.823333333333332,0,0.7311106913486967,LOW
567,617837,Siliguri Marketing Terminal [SMT] Capacity Augmentation Project,Numaligarh Refinery Limited,Ministry of Petroleum & Natural Gas,Oil & Gas,West Bengal,11/2021,11/2021,12/2025,10/2026,,484.0,484.0,319.32,89.0,2021-11-01,2021-11-01,2025-12-01,2026-10-01,,0.0,48.98160315374507,58.96846254927726,9.986859395532193,,9.986859395532193,0.6597520661157025,2021,5.438202247191011,0,0.6597520661157025,LOW
568,617838,"Augmentation of CCKPL and IDPL Pipelines capacity along with setting up of
Palakkad TOP",Bharat Petroleum Corporation Limited [BPCL],Ministry of Petroleum & Natural Gas,Oil & Gas,Kerala,09/2024,09/2024,08/2028,-,,1130.0,1130.0,324.61,48.8,2024-09-01,2024-09-01,2028-08-01,,,0.0,46.97766097240473,,0.0,,0.0,0.2872654867256637,2024,23.155737704918035,1,0.2872654867256637,LOW
569,617839,"Capacity Augmentation of Kandla LPG Import Terminal [KLIT] from 0.6 MMTPA to 2.5
MMTPA",Indian Oil Corporation Limited [IOCL],Ministry of Petroleum & Natural Gas,Energy Storage,Gujarat,05/2023,05/2023,07/2026,-,,356.86,304.4,168.04,68.0,2023-05-01,2023-05-01,2026-07-01,,,-0.14700442750658532,38.009198423127465,,0.0,,0.0,0.5520367936925099,2023,5.247941176470588,0,0.4708849408731715,LOW
570,617877,Phase B Construction of Permanent Campus of IIT Bhilai,"Indian Institute of Technology, Bhilai",Department of Higher Education,Education,Chhattisgarh,05/2025,01/2026,10/2028,-,,1188.97,1188.97,1.92,0.0,2025-05-01,2026-01-01,2028-10-01,,,0.0,32.98291721419185,,0.0,,0.0,0.001614843099489474,2025,1188.97,1,0.001614843099489474,LOW
571,617878,Phase B of Construction of Permanent Campus of IIT Palakkad,INDIAN INSTITUTE OF TECHNOLOGY PALAKKAD,Department of Higher Education,Education,Kerala,05/2025,01/2026,10/2028,-,,1527.0,1527.0,9.8,0.0,2025-05-01,2026-01-01,2028-10-01,,,0.0,32.98291721419185,,0.0,,0.0,0.00641781270464964,2025,1527.0,1,0.00641781270464964,LOW
572,617880,Desalpar-Hajipir-Luna and Vayor-Lakhpat New Line,Western Railway [WR] - II,Ministry of Railways,Railways,Gujarat,09/2025,09/2025,09/2028,-,,2526.47,2526.47,0.0,0.0,2025-09-01,2025-09-01,2028-09-01,,,0.0,36.00525624178712,,0.0,,0.0,0.0,2025,2526.47,1,0.0,LOW
573,617882,"Setting up IT Infrastructure including Network Security and Hosting at AIIMS, New
Delhi",PMSSY AND Institute of NATIONAL Importance,Ministry of Health & Family Welfare,Healthcare,Delhi,09/2025,09/2025,09/2026,-,,358.19,358.19,53.73,40.0,2025-09-01,2025-09-01,2026-09-01,,,0.0,11.990801576872535,,0.0,,0.0,0.15000418772160026,2025,8.95475,0,0.15000418772160026,LOW
574,617883,"Redevelopment of Residential colonies at Ayur Vigyan Nagar and West Ansari Nagar
campuses of AIIMS, New Delhi",PMSSY AND Institute of NATIONAL Importance,Ministry of Health & Family Welfare,Healthcare,Delhi,10/2016,06/2022,06/2027,-,,4441.0,4441.0,44.44,57.0,2016-10-01,2022-06-01,2027-06-01,,,0.0,59.98685939553219,,0.0,,0.0,0.010006755235307363,2016,77.91228070175438,1,0.010006755235307363,LOW
575,617885,"Rehabilitation and Up-gradation of Nongstoin Wahkaji section of Project Road
Km 0000 to Km 43060 to Intermediate Lane with earthern shoulder under
SARDP-NE Phase-A in the State of Meghalaya on EPC mode. Job No- SARDP-
NE ong-Don-Maw/MG/2020-21/294",MoRTH,Ministry of Road Transport & Highways,Roads & Highways,Meghalaya,08/2020,02/2022,08/2023,08/2026,,302.88,302.88,187.77,99.62,2020-08-01,2022-02-01,2023-08-01,2026-08-01,,0.0,17.936925098554532,53.942181340341655,36.00525624178712,,36.00525624178712,0.6199484944532488,2020,3.0403533427022684,0,0.6199484944532488,MEDIUM
576,617886,"Widening of existing Single lane / Intermediate lane road to 2 lane from Km 101
to Km 125 of NH 61",MoRTH,Ministry of Road Transport & Highways,Roads & Highways,Nagaland,06/2020,06/2024,06/2026,04/2027,,252.2,252.2,0.0,44.46,2020-06-01,2024-06-01,2026-06-01,2027-04-01,,0.0,23.98160315374507,33.96846254927726,9.986859395532193,,9.986859395532193,0.0,2020,5.6725146198830405,0,0.0,LOW
577,617887,Beawer Gomti 4LPS from km 58.245 to km 108.600 Pkg-I,MoRTH,Ministry of Road Transport & Highways,Roads & Highways,Rajasthan,12/2020,10/2021,10/2023,12/2025,12/2025,379.23,379.23,206.48,100.0,2020-12-01,2021-10-01,2023-10-01,2025-12-01,2025-12-01,0.0,23.98160315374507,50.0,26.01839684625493,50.0,26.01839684625493,0.5444716926403501,2020,3.7923,0,0.5444716926403501,MEDIUM
578,617888,"Landslide treatment work on NH 58 from Kodiyala Km. 266.130 to Devprayag Km.
296.925 10 location under EPC mode in the State of Uttarakhand on EPC Mode",MoRTH,Ministry of Road Transport & Highways,Roads & Highways,Uttarakhand,01/2023,02/2024,02/2025,07/2026,,192.54,192.54,0.0,99.0,2023-01-01,2024-02-01,2025-02-01,2026-07-01,,0.0,12.02365308804205,28.942181340341655,16.918528252299605,,16.918528252299605,0.0,2023,1.9448484848484848,0,0.0,LOW
579,617889,"Treatment of landslide zone from location no. 01 to 28 km 62.860 to 152.750 on NH-
12509 in the State of Uttarakhand under EPC mode in NHO Annual Plan 2022-23",MoRTH,Ministry of Road Transport & Highways,Roads & Highways,Uttarakhand,11/2022,06/2023,06/2024,07/2026,,192.22,192.22,0.0,98.5,2022-11-01,2023-06-01,2024-06-01,2026-07-01,,0.0,12.02365308804205,36.990801576872535,24.967148488830485,,24.967148488830485,0.0,2022,1.9514720812182742,0,0.0,MEDIUM
580,617890,"Construction of Champawat Bypass with two lane with paved shoulder configuration
starting from existing chainage 121.700 to existing chainage 129.450 Design Length
9.847 of NH-125 in District-Champawat in the state of Uttrakhand on EPC mode",MoRTH,Ministry of Road Transport & Highways,Roads & Highways,Uttarakhand,02/2025,01/2026,12/2027,-,,220.89,220.89,0.0,8.5,2025-02-01,2026-01-01,2027-12-01,,,0.0,22.963206307490143,,0.0,,0.0,0.0,2025,25.98705882352941,0,0.0,LOW
581,617891,"Construction of Two lane with Paved Shoulder for Fatehpur Bypass Design Km
0.000 to Km 7.400 , Mandawa Bypass Design Km 20.925 to Km 27.300 &
Jhunjhunu Bypass Design Km 41.625 to Km 54.689 of NH-11 on EPC Mode in
the state of Rajasthan ",MoRTH,Ministry of Road Transport & Highways,Roads & Highways,Rajasthan,03/2022,02/2023,09/2025,,08/2024,186.29,186.29,78.06,100.0,2022-03-01,2023-02-01,2025-09-01,,2024-08-01,0.0,30.97897503285151,,0.0,17.969776609724047,-13.009198423127462,0.4190241022062376,2022,1.8629,0,0.4190241022062376,LOW
582,617892,"Construction of 2-lane road of Potin to Pangin section of NH-13 from Km 163.59
to Km 206.66 Package-5 on EPC Mode in the State of Arunachal Pradesh under
Arunachal Pradesh Package of Roads and Highways of SARDP-NE [Job No
SARDP-NE/P-P/Pkg-A/NH-13/Ar.Pr./PWD/2018-19/116]",MoRTH,Ministry of Road Transport & Highways,Roads & Highways,Arunachal Pradesh,03/2019,11/2020,11/2023,10/2026,,450.65,450.65,345.01,96.61,2019-03-01,2020-11-01,2023-11-01,2026-10-01,,0.0,35.972404730617605,70.9592641261498,34.9868593955322,,34.9868593955322,0.7655830467103073,2019,4.664630990580685,0,0.7655830467103073,MEDIUM
583,617893,"Construction of additional major Bridge with 4- lane configuration of length 1.48 km on
NH-60 NH-14 over River Kangshabati from Km. 117.770 to Km 119.250 and
additional major Bridge with 4- lane configuration of length 0.900 km on NH-60 NH-
14 over River Shilabati from Km. 173.220 to Km 174.120 in the district of Paschim
Medinipur of West Bengal under Annual Plan for FY 2023-24 on EPC mode. Job No
014-W8-2023-24/527 ",MoRTH,Ministry of Road Transport & Highways,Roads & Highways,West Bengal,11/2023,11/2025,05/2028,05/2028,,304.83,304.83,0.15,0.0,2023-11-01,2025-11-01,2028-05-01,2028-05-01,,0.0,29.96057818659658,29.96057818659658,0.0,,0.0,0.0004920775514221041,2023,304.83,0,0.0004920775514221041,LOW
584,617894,"Construction or 4 lane Raniganj Bypass of length 5.261 km on NH-60 new NH-14
from km 273.00 of NH to km 478.18 of NH-2 New NH 16 in paschim Bardhaman,
West Bengal in EPC Mode- reg. Job No. 014-WB-2022-23/514",MoRTH,Ministry of Road Transport & Highways,Roads & Highways,West Bengal,03/2023,03/2024,03/2026,05/2027,,410.83,410.83,184.64,67.28,2023-03-01,2024-03-01,2026-03-01,2027-05-01,,0.0,23.98160315374507,37.97634691195795,13.994743758212877,,13.994743758212877,0.44943163839057515,2023,6.106272294887039,0,0.44943163839057515,LOW
585,617895,"Construction of Mangaldoi Bypass NH-15 starting at Ch 26400 and terminating at
Ch 41505 under Rangia NH Division L 15.105 Km in the State of Assam. Job No.
15/AS/2021-22/234",MoRTH,Ministry of Road Transport & Highways,Roads & Highways,Assam,03/2022,04/2023,04/2025,12/2026,,535.03,535.03,209.27,76.32,2022-03-01,2023-04-01,2025-04-01,2026-12-01,,0.0,24.014454664914584,44.021024967148485,20.0065703022339,,20.0065703022339,0.39113694559183604,2022,7.010351153039832,0,0.39113694559183604,LOW
586,617896,"Construction of 4 lane Gauripur Bypass Starting bfrom Km 852.56 of NH-
31Dumardoha Pt-II and Terminating at Km 862.17 Baladmara via. Khudimari Pt.-
II, Fulkumari, Charaldanga, Sajuakuti,Geramari Pt.-III and finally meeting at km
862.17 of NH-17New/ NH-31Old in the State of Assam under EPC Mode Job no.
31/AS/ 2023-24/265",MoRTH,Ministry of Road Transport & Highways,Roads & Highways,Assam,03/2024,04/2025,10/2026,10/2026,,421.15,421.15,0.0,34.0,2024-03-01,2025-04-01,2026-10-01,2026-10-01,,0.0,18.00262812089356,18.00262812089356,0.0,,0.0,0.0,2024,12.386764705882353,0,0.0,LOW
587,617897,"Construction of proposed 4Lane Revelgunj bypass NH-19 in the State of Bihar on
EPC mode connecting NH 19 to 85 origin",MoRTH,Ministry of Road Transport & Highways,Roads & Highways,Bihar,03/2022,07/2023,07/2025,12/2026,,295.24,295.24,44.18,88.65,2022-03-01,2023-07-01,2025-07-01,2026-12-01,,0.0,24.014454664914584,41.03153745072273,17.017082785808146,,17.017082785808146,0.1496409700582577,2022,3.330400451212634,0,0.1496409700582577,LOW
588,617898,"New construction of Major Bridge with Approaches from Km 0.000 to 1.200 Madhopur
-Badabanta section of NH-20 under NHO in Annual Plan 2022-23 in the State of
Odisha",MoRTH,Ministry of Road Transport & Highways,Roads & Highways,Odisha,03/2023,04/2025,10/2027,10/2027,,199.5,199.5,0.32,0.0,2023-03-01,2025-04-01,2027-10-01,2027-10-01,,0.0,29.993429697766096,29.993429697766096,0.0,,0.0,0.0016040100250626567,2023,199.5,0,0.0016040100250626567,LOW
589,617899,"Widening and Strengthening to 4LPS/2LPS from km 0.000 to 35.800 Kuakhia -
Mangalpur section of NH 20 in the state of Odisha on Annual Plan 2021-22",MoRTH,Ministry of Road Transport & Highways,Roads & Highways,Odisha,03/2022,02/2024,02/2026,11/2026,,636.1,636.1,296.5,56.11,2022-03-01,2024-02-01,2026-02-01,2026-11-01,,0.0,24.014454664914584,32.98291721419185,8.968462549277266,,8.968462549277266,0.46612167898129225,2022,11.3366601318838,0,0.46612167898129225,LOW
590,617900,"Upgradation to Two Lane Paved Shoulder in km 33/0 to 126/520 of NH-23 Old
NH-11B Kothun-Lalsot-Karoli-Dholpur road in the state of Rajasthan under EPC
mode Length-93.52 Km",MoRTH,Ministry of Road Transport & Highways,Roads & Highways,Rajasthan,12/2021,09/2022,05/2026,,09/2024,150.11,150.11,12.25,100.0,2021-12-01,2022-09-01,2026-05-01,,2024-09-01,0.0,43.95532194480946,,0.0,24.014454664914584,-19.940867279894878,0.08160682166411298,2021,1.5011,0,0.08160682166411298,LOW
591,617901,"Widening of Pachpadra-Bagundi Section to 4 Lane from Km 73/60 to 95/70 of NH-25
on EPC mode in the state of Rajasthan",MoRTH,Ministry of Road Transport & Highways,Roads & Highways,Rajasthan,01/2022,12/2022,12/2024,07/2026,,194.88,194.88,55.29,98.58,2022-01-01,2022-12-01,2024-12-01,2026-07-01,,0.0,24.014454664914584,42.96977660972404,18.95532194480946,,18.95532194480946,0.2837130541871921,2022,1.9768715763846623,0,0.2837130541871921,LOW
592,617902,construction or By-pass road on NH-26 for Nabrangpur Town,MoRTH,Ministry of Road Transport & Highways,Roads & Highways,Odisha,03/2023,12/2024,12/2026,12/2026,,168.95,168.95,11.13,38.0,2023-03-01,2024-12-01,2026-12-01,2026-12-01,,0.0,23.98160315374507,23.98160315374507,0.0,,0.0,0.06587747854394792,2023,4.446052631578947,0,0.06587747854394792,LOW
593,617904,"Construction of Bypass road to Balangir town from km 72/400 Desing km 0/0 to km
79/800 Design km 11/670 of NH-26 in the State of Odisha",MoRTH,Ministry of Road Transport & Highways,Roads & Highways,Odisha,02/2022,04/2023,10/2025,12/2026,,238.78,238.78,6.79,55.0,2022-02-01,2023-04-01,2025-10-01,2026-12-01,,0.0,30.02628120893561,44.021024967148485,13.994743758212874,,13.994743758212874,0.028436217438646452,2022,4.341454545454545,0,0.028436217438646452,LOW
594,617905,"Construction of 4 lane ROB with approaches in lieu of LC No. RV-172 at km 176.00 of
NH-201 present NH-26 at Kesinga including land acquisition in the state of Odisha on
EPC mode under Annual Plan 2021-22",MoRTH,Ministry of Road Transport & Highways,Roads & Highways,Odisha,12/2021,05/2023,05/2025,05/2027,,324.09,324.09,88.48,78.0,2021-12-01,2023-05-01,2025-05-01,2027-05-01,,0.0,24.014454664914584,47.99605781865966,23.981603153745073,,23.981603153745073,0.2730105834798976,2021,4.154999999999999,0,0.2730105834798976,LOW
595,617906,"Up-gradation of Dhoraji-Jamkandorna-Kalavad Section of NH-927D from Design
Chainage km 0/00 to km 58/115 to Two lane with PS configuration in the State of
Gujarat on EPC",MoRTH,Ministry of Road Transport & Highways,Roads & Highways,Gujarat,10/2022,01/2025,01/2027,01/2027,,246.6,291.19,0.0,35.0,2022-10-01,2025-01-01,2027-01-01,2027-01-01,,0.18081914030819143,23.98160315374507,23.98160315374507,0.0,,0.0,0.0,2022,7.045714285714285,0,0.0,LOW
596,617907,"Rehabilitation and Up-gradation from Km 170700 Bhadrachalam to Km 234567 Konta
on NH-30 to Two lane with Paved Shoulder in the State of Andra Pradesh on EPC
mode",MoRTH,Ministry of Road Transport & Highways,Roads & Highways,Andhra Pradesh,12/2021,09/2022,09/2024,04/2026,,436.09,436.09,221.22,100.0,2021-12-01,2022-09-01,2024-09-01,2026-04-01,,0.0,24.014454664914584,42.96977660972404,18.95532194480946,,18.95532194480946,0.5072806072141072,2021,4.3609,0,0.5072806072141072,LOW
597,617908,Bemetara Bypass NH 30,MoRTH,Ministry of Road Transport & Highways,Roads & Highways,Chhattisgarh,01/2024,04/2025,04/2027,04/2027,,161.96,161.96,0.0,42.0,2024-01-01,2025-04-01,2027-04-01,2027-04-01,,0.0,23.98160315374507,23.98160315374507,0.0,,0.0,0.0,2024,3.856190476190476,0,0.0,LOW
598,617909,"Construction of Rewa Bypass to 4-lane with paved shoulder along with service road
from Ratahara Chowk to Chorhata Chowk Road section of NH-30 from km 00.000 to
19.200 in the State of Madhya Pradesh on Hybrid Annuity Mode HAM",MoRTH,Ministry of Road Transport & Highways,Roads & Highways,Madhya Pradesh,03/2024,02/2025,02/2027,02/2027,,648.05,648.05,0.0,50.0,2024-03-01,2025-02-01,2027-02-01,2027-02-01,,0.0,23.98160315374507,23.98160315374507,0.0,,0.0,0.0,2024,12.960999999999999,0,0.0,LOW
599,617911,"Rehabilitation and upgradation Umaria to Shahdol section of NH-78 from Existing Km.
68/4 to Km. 142/2 to 2LPS including construction of Birshinghpur and Shahdol Bypass
on EPC mode under NHDP-IVA",MoRTH,Ministry of Road Transport & Highways,Roads & Highways,Madhya Pradesh,03/2015,08/2015,07/2017,08/2026,,511.83,613.16,0.0,94.5,2015-03-01,2015-08-01,2017-07-01,2026-08-01,,0.1979758904323701,22.996057818659658,131.99737187910642,109.00131406044676,,109.00131406044676,0.0,2015,5.416190476190476,0,0.0,MEDIUM
600,617912,"Construction of 6 lane flyover from Khapari ROB to Mihan Interchange design
chainage km 8760 to 11450 L- 2.69 km and upgradation of existing 4L PS road to
6LPS with service road by flexible pavement design chainage km 11450 to 14500 L-
3.05 [total project length 5.74 km] in section of Nagpur - Hyderabad NH-44 Old NH-7
in Nagpur district in the state of Maharashtra on HAM mode",MoRTH,Ministry of Road Transport & Highways,Roads & Highways,Maharashtra,03/2024,10/2025,10/2027,10/2027,,619.55,619.55,18.35,8.24,2024-03-01,2025-10-01,2027-10-01,2027-10-01,,0.0,23.98160315374507,23.98160315374507,0.0,,0.0,0.029618271325962398,2024,75.1881067961165,0,0.029618271325962398,LOW
601,617913,"6-laning of km 9.900 to km 19/948 Aramgarh to Shamshabad Section of Hyderabad-
Bangalore section of NH-44 Under NHO EPC basis in the state of Telangana",MoRTH,Ministry of Road Transport & Highways,Roads & Highways,Telangana,01/2018,05/2018,05/2020,06/2026,,283.15,300.7,480.41,92.62,2018-01-01,2018-05-01,2020-05-01,2026-06-01,,0.06198128200600393,24.014454664914584,97.01051248357425,72.99605781865966,,72.99605781865966,1.597638842700366,2018,3.057115093932196,0,1.696662546353523,MEDIUM-HIGH
602,617914,"Upgradation and reconstruction of Shahpura-Dindori Section of NH 45 from Km
103.700 Design to Km 164.580 Design including 3 bypasses Total length 60.88km to
Two lane with paved shoulder configuration along with One time improvement in 03
nos of bypassed built-up areas in a total length of 12.341 km in the State of Madhya
Pradesh on EPC mode",MoRTH,Ministry of Road Transport & Highways,Roads & Highways,Madhya Pradesh,03/2022,01/2024,12/2025,06/2027,,241.23,250.09,50.78,41.25,2022-03-01,2024-01-01,2025-12-01,2027-06-01,,0.03672843344525977,22.996057818659658,40.9658344283837,17.969776609724043,,17.969776609724043,0.20304690311487864,2022,5.848,0,0.21050449778219957,LOW
603,617915,"Upgradation of Dindori-Sagartola-kabichabutra MP-CG border section of NH -45
from km 000Design to km 77.00 Design to Two lane with paved shoulder
configration along with one time improvement in 04 nos. of bypaased built-up
areas in a total length of 9.1 km in the state of Madhya Pradesh on EPC mode",MoRTH,Ministry of Road Transport & Highways,Roads & Highways,Madhya Pradesh,01/2022,09/2023,09/2025,03/2026,03/2026,329.14,319.09,204.39,100.0,2022-01-01,2023-09-01,2025-09-01,2026-03-01,2026-03-01,-0.03053411921978493,24.014454664914584,29.96057818659658,5.946123521681997,29.96057818659658,5.946123521681997,0.6405402864395625,2022,3.2914,0,0.6209819529683417,LOW
604,617916,"Work of 6 laning/Construction of elevated corridor from km 0/0 to 10/170 Narol
Junction to Sarkhej junction including 4 lane Shastri Bridge on Sabarmati river on NH
47 in the State of Gujarat on HAM mode",MoRTH,Ministry of Road Transport & Highways,Roads & Highways,Gujarat,03/2024,08/2025,02/2028,02/2028,,1295.39,1295.39,0.0,35.0,2024-03-01,2025-08-01,2028-02-01,2028-02-01,,0.0,30.02628120893561,30.02628120893561,0.0,,0.0,0.0,2024,37.01114285714286,1,0.0,LOW
605,617917,"Construction of 4 Lane Flyover at Nagpur RTO Chowk To Nagpur University Campus
from Ch 2/250 to 5/100 and 4 lane flyover at wadi/midc junction from km 8/360 to km,
10/300 on NH 53 in state of Maharashtra",MoRTH,Ministry of Road Transport & Highways,Roads & Highways,Maharashtra,03/2021,03/2022,03/2024,04/2025,,478.83,490.52,0.0,95.0,2021-03-01,2022-03-01,2024-03-01,2025-04-01,,0.02441367499947789,24.014454664914584,37.023653088042046,13.009198423127462,,13.009198423127462,0.0,2021,5.040315789473684,0,0.0,LOW
606,617918,"Widening and Strengthening of existing S/L, I/L, & D/L to 2 Lane with PS from Km
256/455 to 256/503, 256/820 to 256/960, 265/760 to 266/010, 266/010 to 266/800,
270/975 to 271/055, 276/460 to 276/560, 276/560 to 276/700, 276/700 to 277/480,
285/780 to 288/290, 288/290 to 291/050 and construction of 3 Nos. of Bypass from
Km 266/800 to 267/300, 270/025 to 270/975, & 284/700 to 285/780 on NH-53 under
NHO in Annual Plan 2022-23 for the State of Odisha",MoRTH,Ministry of Road Transport & Highways,Roads & Highways,Odisha,03/2023,06/2026,12/2027,-,,174.21,174.21,6.43,0.0,2023-03-01,2026-06-01,2027-12-01,,,0.0,18.00262812089356,,0.0,,0.0,0.036909477067906545,2023,174.21,0,0.036909477067906545,LOW
607,617919,"Construction of 4 Nos Grade separtor between km. 281.000 to km. 307.600 km.
286.400 kumhari km. 299.000 Transport Nagar km. 302.000 Power House km.
304.000 Chandra Moura Chowk to km. 305.000 supeia of NH-53 old NH-06 Raipur -
Durg 4 Lane on EPC mode in the state of chhattisgarh job NO. NH-53old NH-06 CG-
2017-18-56",MoRTH,Ministry of Road Transport & Highways,Roads & Highways,Chhattisgarh,03/2018,01/2019,01/2021,08/2025,,349.03,349.03,304.04,97.9,2018-03-01,2019-01-01,2021-01-01,2025-08-01,,0.0,24.014454664914584,78.97503285151117,54.96057818659659,,54.96057818659659,0.8710999054522535,2018,3.565168539325842,0,0.8710999054522535,MEDIUM
608,617920,"Widening and Strengthening to 2LPS including LA from km 318.970 to 353.450
Balikuda-Mulkani Section of NH-55 under NHO in Annual Plan 2022-23 in the State of
Odisha. Job No. NH-55-OD-2022-23-656",MoRTH,Ministry of Road Transport & Highways,Roads & Highways,Odisha,01/2022,06/2025,06/2027,06/2027,,511.54,511.54,7.64,3.0,2022-01-01,2025-06-01,2027-06-01,2027-06-01,,0.0,23.98160315374507,23.98160315374507,0.0,,0.0,0.014935293427688939,2022,170.51333333333335,0,0.014935293427688939,LOW
609,617921,"Widening and strengthening to 2LPS including LA of Kandarpur-Balikuda from km
277/500 to 318/970 of NH-55 in the State of Odisha under Annual Plan 2021-22",MoRTH,Ministry of Road Transport & Highways,Roads & Highways,Odisha,03/2022,06/2023,06/2025,11/2026,,499.79,499.79,131.36,66.0,2022-03-01,2023-06-01,2025-06-01,2026-11-01,,0.0,24.014454664914584,41.03153745072273,17.017082785808146,,17.017082785808146,0.2628303887632806,2022,7.572575757575758,0,0.2628303887632806,LOW
610,617922,"Construction of Jharsuguda Bypass including Land acqusition on NH-49 from km
258.636 to km 283.300 design chainage 258.636 to km 289.876 under NHO in Annual
Plan 2022-23 for the state of Odisha Job No.NH-49-OD-2022-23-655",MoRTH,Ministry of Road Transport & Highways,Roads & Highways,Odisha,09/2021,01/2025,07/2027,07/2027,,587.1,587.1,52.58,25.0,2021-09-01,2025-01-01,2027-07-01,2027-07-01,,0.0,29.927726675427067,29.927726675427067,0.0,,0.0,0.08955884857775506,2021,23.484,0,0.08955884857775506,LOW
611,617923,"Construction of Daspalla Bypass from km 195.250 To 200.635 of NH-57 including
land acquisition in the state of Odisha on EPC mode under Annual Plan 2022-23",MoRTH,Ministry of Road Transport & Highways,Roads & Highways,Odisha,02/2023,05/2025,05/2027,05/2027,,155.97,155.97,53.05,25.0,2023-02-01,2025-05-01,2027-05-01,2027-05-01,,0.0,23.98160315374507,23.98160315374507,0.0,,0.0,0.3401295120856575,2023,6.2388,0,0.3401295120856575,LOW
612,617924,"Construction of bypass to Nayagarh town from km 235.469 to 252.482 of NH-57
including land acquisition in the state of Odisha",MoRTH,Ministry of Road Transport & Highways,Roads & Highways,Odisha,01/2022,05/2023,02/2026,,04/2025,300.33,300.33,103.64,100.0,2022-01-01,2023-05-01,2026-02-01,,2025-04-01,0.0,33.08147174770039,,0.0,23.028909329829172,-10.052562417871219,0.3450870708886891,2022,3.0033,0,0.3450870708886891,LOW
613,617925,"Construction of Bypass to Khordha town from Km 294/000 to 300/300 on NH-57
including LA in the State of Odisha on EPC mode",MoRTH,Ministry of Road Transport & Highways,Roads & Highways,Odisha,02/2022,05/2023,11/2024,08/2026,,157.49,157.49,33.69,92.0,2022-02-01,2023-05-01,2024-11-01,2026-08-01,,0.0,18.068331143232587,39.02759526938239,20.9592641261498,,20.9592641261498,0.21391834402184262,2022,1.7118478260869565,0,0.21391834402184262,LOW
614,617926,"Construction of new 4 lane major bridge with approaches on Sabarmati River near
Dharoi at Km. 82/00 to 86/00 Design length 3.300 km on NH-58 in the State of Gujarat
on Hybrid Annuity Mode HAM",MoRTH,Ministry of Road Transport & Highways,Roads & Highways,Gujarat,03/2024,08/2025,08/2027,08/2027,,398.4,398.4,0.0,53.0,2024-03-01,2025-08-01,2027-08-01,2027-08-01,,0.0,23.98160315374507,23.98160315374507,0.0,,0.0,0.0,2024,7.516981132075471,0,0.0,LOW
615,617927,"Widening to 2LPS between Km 0/0 to 56/0 Khokhara Gujarat Border Vijayanagar
Antrasuba Mathasur road of NH 58 in the State of Gujarat",MoRTH,Ministry of Road Transport & Highways,Roads & Highways,Gujarat,03/2024,09/2025,09/2027,09/2027,,699.19,699.19,0.0,36.0,2024-03-01,2025-09-01,2027-09-01,2027-09-01,,0.0,23.98160315374507,23.98160315374507,0.0,,0.0,0.0,2024,19.421944444444446,0,0.0,LOW
616,617928,"Widening 2 lane to 4-lane from KM 92/320 to Km 115/320 Vav Chokdi-Satlasana to to
Vrundavan Chokdi, Kheralu on NH-58 in the State of Gujarat",MoRTH,Ministry of Road Transport & Highways,Roads & Highways,Gujarat,03/2022,03/2024,03/2026,08/2026,,151.13,171.27,0.0,98.0,2022-03-01,2024-03-01,2026-03-01,2026-08-01,,0.13326275392046594,23.98160315374507,29.00788436268068,5.026281208935611,,5.026281208935611,0.0,2022,1.542142857142857,0,0.0,LOW
617,617929,"Construction of 2 lane with paved shoulder of Kund Bypass from Design Km 35.130 to
Km 47.700 existing Km 33.130 to Km 41.260 of NH-109 in the State of Uttarakhand",MoRTH,Ministry of Road Transport & Highways,Roads & Highways,Uttarakhand,02/2018,05/2018,05/2020,12/2026,,247.41,247.41,114.6,73.5,2018-02-01,2018-05-01,2020-05-01,2026-12-01,,0.0,24.014454664914584,103.02233902759527,79.00788436268068,,79.00788436268068,0.46319873893537045,2018,3.366122448979592,0,0.46319873893537045,MEDIUM
618,617930,"Construction of Bypass on NH-59 from Km 336/350 to 349/910 13.56 km near
Berhampur town including 4-lane RoB in the state of Odisha",MoRTH,Ministry of Road Transport & Highways,Roads & Highways,Odisha,03/2021,03/2022,12/2025,12/2026,,196.94,196.94,59.55,70.0,2021-03-01,2022-03-01,2025-12-01,2026-12-01,,0.0,45.039421813403415,57.03022339027595,11.990801576872535,,11.990801576872535,0.30237635828171017,2021,2.8134285714285716,0,0.30237635828171017,LOW
619,617931,"Construction of ROB and its approaches in lieu of LC No. 10/B/T at Km 307.050 of
NH-60",MoRTH,Ministry of Road Transport & Highways,Roads & Highways,West Bengal,03/2016,08/2023,08/2025,10/2027,,155.87,138.57,20.6,17.08,2016-03-01,2023-08-01,2025-08-01,2027-10-01,,-0.11098992750368904,24.014454664914584,50.0,25.985545335085416,,25.985545335085416,0.14866132640542687,2016,9.125878220140516,0,0.1321614165650863,MEDIUM
620,617932,"Construction of New Four Lane Bypass to Parbhani City Parwa to Asola Km 463/265
to Km 481/180 Design Ch. 19220 to Ch. 34434 Length-15.214 Km section of NH-61
on EPC mode in the State of Maharashtra",MoRTH,Ministry of Road Transport & Highways,Roads & Highways,Maharashtra,03/2022,07/2023,10/2024,10/2026,,496.64,496.64,210.17,70.14,2022-03-01,2023-07-01,2024-10-01,2026-10-01,,0.0,15.045992115637318,39.02759526938239,23.98160315374507,,23.98160315374507,0.4231837951030928,2022,7.080695751354433,0,0.4231837951030928,LOW
621,617933,"Up-gradation to four lane/ Two lane with paved shoulders configuration of Kalyan -
Murbad - Malshej Ghat - Nirmal Road NH- 61 km 15/200 to Km 38/00 and from Km.
58/00 to Km 84/00 Design length 48.58 km of NH-61 on EPC Mode in Thane District
in the state of Maharashtra",MoRTH,Ministry of Road Transport & Highways,Roads & Highways,Maharashtra,02/2023,03/2024,08/2026,08/2026,,984.07,984.07,0.0,100.0,2023-02-01,2024-03-01,2026-08-01,2026-08-01,,0.0,29.00788436268068,29.00788436268068,0.0,,0.0,0.0,2023,9.8407,0,0.0,LOW
622,617934,Nasratpur to Barasgaon section of NH-61 2L / 4L PS from Km.514/00 to 558/200,MoRTH,Ministry of Road Transport & Highways,Roads & Highways,Maharashtra,07/2017,09/2017,09/2019,08/2026,,406.54,406.54,528.24,95.84,2017-07-01,2017-09-01,2019-09-01,2026-08-01,,0.0,23.98160315374507,106.96452036793693,82.98291721419186,,82.98291721419186,1.2993555369705319,2017,4.241861435726211,0,1.2993555369705319,MEDIUM-HIGH
623,617935,"Construction of Elevated corridor from Km. 135.650 to 136.300 on 63, from Km. 249 to
Km. 250.050 on old NH-4 and from Km. 192.910 to Km. 193.350 on NH-218 from
decongestion of traffic in Ranichennamma circle in Hubli city in the state of Karnataka
on EPC basis",MoRTH,Ministry of Road Transport & Highways,Roads & Highways,Karnataka,08/2020,06/2021,06/2024,11/2026,,298.0,349.49,232.09,65.0,2020-08-01,2021-06-01,2024-06-01,2026-11-01,,0.1727852348993289,36.00525624178712,65.01314060446781,29.007884362680684,,29.007884362680684,0.6640819479813442,2020,4.584615384615384,0,0.7788255033557047,MEDIUM
624,617936,"Widening to two/four lane with paved shoulder from Km.180.600 to Km.223.000 of
NH-63 on Nizamabad-Jagadalpur road on EPC mode under NHO in the state of
Telangana",MoRTH,Ministry of Road Transport & Highways,Roads & Highways,Telangana,10/2016,03/2017,03/2019,-,,253.99,183.26,0.0,100.0,2016-10-01,2017-03-01,2019-03-01,,,-0.2784755305326982,23.98160315374507,,0.0,,0.0,0.0,2016,2.5399000000000003,0,0.0,LOW
625,617937,Udgir Raavi Degloor Aadampur phata to Sagroli fata,MoRTH,Ministry of Road Transport & Highways,Roads & Highways,Maharashtra,11/2024,04/2026,04/2028,-,,809.77,809.77,0.93,12.0,2024-11-01,2026-04-01,2028-04-01,,,0.0,24.014454664914584,,0.0,,0.0,0.001148474258122677,2024,67.48083333333334,0,0.001148474258122677,LOW
626,617938,"Rehabilitation And Upgradation to four lane with paved shoulder configuration from km
24350 to km 61875 Jawale - Borgaon Kale of NH-63 in the State of Maharashtra on
EPC mode under Annual Plan 2024-25 Total length - 37.525 Km",MoRTH,Ministry of Road Transport & Highways,Roads & Highways,Maharashtra,12/2024,09/2025,03/2027,03/2027,,574.18,574.18,7.54,20.0,2024-12-01,2025-09-01,2027-03-01,2027-03-01,,0.0,17.936925098554532,17.936925098554532,0.0,,0.0,0.013131770524922499,2024,28.708999999999996,0,0.013131770524922499,LOW
627,617939,"6-Laning of Pune-Hyderabad Section of NH-65 from Km 493/0 to Km 524/0 from
Sangareddy X Roads to Madinaguda in the State of Telangana",MoRTH,Ministry of Road Transport & Highways,Roads & Highways,Telangana,03/2023,07/2024,07/2026,08/2026,,1297.75,1297.75,0.0,45.85,2023-03-01,2024-07-01,2026-07-01,2026-08-01,,0.0,23.98160315374507,25.0,1.0183968462549302,,1.0183968462549302,0.0,2023,28.304252998909487,1,0.0,LOW
628,617940,"Rehabilitation and Upgradation of LB-Nagar to Malkapur section to 6-Lane main
carriageway with service roads, drains cum footpath, including VUPs and widening of
Minor bridge & road safety provisions from Km. 15/00 to Km 40/00 of NH-65 Old NH-9
under NH O for the year 2020-21 in the state of Telangana on EPC Mode",MoRTH,Ministry of Road Transport & Highways,Roads & Highways,Telangana,03/2021,07/2022,07/2024,12/2026,,545.11,545.11,290.36,83.47,2021-03-01,2022-07-01,2024-07-01,2026-12-01,,0.0,24.014454664914584,53.022339027595265,29.00788436268068,,29.00788436268068,0.5326631322118471,2021,6.5306097999281185,0,0.5326631322118471,MEDIUM
629,617941,"4-Laning from End of Zuari approaches to Start of Margao Bypass section of NH-66
from Km 536.800 to Km 543.450",MoRTH,Ministry of Road Transport & Highways,Roads & Highways,Goa,07/2024,02/2026,02/2028,02/2028,,398.25,398.25,0.28,1.0,2024-07-01,2026-02-01,2028-02-01,2028-02-01,,0.0,23.98160315374507,23.98160315374507,0.0,,0.0,0.0007030759573132455,2024,398.25,0,0.0007030759573132455,LOW
630,617942,"Construction of Six lane Elevated Corridor from Km. 508.000 to Km. 513.150 including
approaches on NH-66",MoRTH,Ministry of Road Transport & Highways,Roads & Highways,Goa,04/2023,04/2024,04/2026,10/2026,,641.46,641.46,0.0,99.08,2023-04-01,2024-04-01,2026-04-01,2026-10-01,,0.0,23.98160315374507,29.993429697766096,6.011826544021027,,6.011826544021027,0.0,2023,6.474162293096488,0,0.0,LOW
631,617943,"4-laning of Navelim to Cuncolim Section of NH-66 from Km 554.245 to Km 561.480 on
HAM Mode",MoRTH,Ministry of Road Transport & Highways,Roads & Highways,Goa,12/2024,04/2026,10/2028,10/2028,,746.75,746.75,0.0,0.0,2024-12-01,2026-04-01,2028-10-01,2028-10-01,,0.0,30.02628120893561,30.02628120893561,0.0,,0.0,0.0,2024,746.75,0,0.0,LOW
632,617944,"Kashedi ghat tunnel NH-66 [Bhogaon Khurd - Kashedi section] 4 lanes under NHDP
on EPC mode",MoRTH,Ministry of Road Transport & Highways,Roads & Highways,Maharashtra,09/2018,10/2018,04/2021,04/2021,,680.43,701.46,0.0,98.37,2018-09-01,2018-10-01,2021-04-01,2021-04-01,,0.030906926502358933,29.993429697766096,29.993429697766096,0.0,,0.0,0.0,2018,6.917047880451356,0,0.0,LOW
633,617945,"Balance work of NH-66 from design Km 84/00 to Km 87/100 Indapur Bypass and Km
91/600 to Km 99/100 Mangaon Bypass to four lane with paved shoulder in State of
Maharashtra under NHO on EPC Mode",MoRTH,Ministry of Road Transport & Highways,Roads & Highways,Maharashtra,03/2025,10/2025,04/2027,04/2027,,354.21,354.21,0.0,67.16,2025-03-01,2025-10-01,2027-04-01,2027-04-01,,0.0,17.969776609724047,17.969776609724047,0.0,,0.0,0.0,2025,5.274121500893389,0,0.0,LOW
634,617946,Kashedi to Parshuram Ghat section of NH-66 from Km 161/600 - Km 205/400 - 4L PS,MoRTH,Ministry of Road Transport & Highways,Roads & Highways,Maharashtra,03/2016,02/2018,02/2020,12/2025,,1142.62,1142.62,427.48,97.5,2016-03-01,2018-02-01,2020-02-01,2025-12-01,,0.0,23.98160315374507,93.95532194480946,69.97371879106439,,69.97371879106439,0.37412263044581756,2016,11.719179487179487,1,0.37412263044581756,MEDIUM
635,617947,Arawali Kante section of NH-17New NH-66 4L PS from Km.241/300 to 281/300,MoRTH,Ministry of Road Transport & Highways,Roads & Highways,Maharashtra,03/2016,11/2017,11/2019,03/2026,,1006.99,1443.09,0.17,80.06,2016-03-01,2017-11-01,2019-11-01,2026-03-01,,0.4330728209813403,23.98160315374507,99.93429697766096,75.9526938239159,,75.9526938239159,0.00011780277044397787,2016,12.577941543842119,1,0.00016881994855956863,MEDIUM-HIGH
636,617948,Kante - Wakad section of NH-66 4L PS from Km.281/300 to 332/200,MoRTH,Ministry of Road Transport & Highways,Roads & Highways,Maharashtra,03/2016,11/2017,11/2019,11/2025,,1117.75,2020.56,375.93,90.14,2016-03-01,2017-11-01,2019-11-01,2025-11-01,,0.807702974726012,23.98160315374507,95.99211563731932,72.01051248357425,,72.01051248357425,0.18605238151799502,2016,12.400155313956068,1,0.3363274435249385,HIGH
637,617949,"Tadipatri Bypass Km 0000 to Km 6285 of 4-Lane on NH-67 in Anantapuramu
district of AP state under NHO on EPC Mode under Annual Plan 2022-23",MoRTH,Ministry of Road Transport & Highways,Roads & Highways,Andhra Pradesh,03/2023,03/2024,03/2026,01/2026,01/2026,159.66,159.66,75.74,100.0,2023-03-01,2024-03-01,2026-03-01,2026-01-01,2026-01-01,0.0,23.98160315374507,22.043363994743757,-1.9382391590013128,22.043363994743757,-1.9382391590013128,0.4743830640110234,2023,1.5966,0,0.4743830640110234,LOW
638,617950,"Construction of Srinivasapura Bypass from existing Km 453.890 Design Ch. 0000
to existing Km 461.450 Design Ch 10080 on NH-69 in the State of Karnataka
Under NH O in EPC mode under Annual Plan 2022-23 NH-69-KNT-2022-23-966
dated 22.11.2022",MoRTH,Ministry of Road Transport & Highways,Roads & Highways,Karnataka,11/2022,07/2025,01/2027,01/2027,,204.42,204.42,9.76,22.0,2022-11-01,2025-07-01,2027-01-01,2027-01-01,,0.0,18.035479632063073,18.035479632063073,0.0,,0.0,0.047744839056843756,2022,9.291818181818181,0,0.047744839056843756,LOW
639,617951,"Construction of Chintamani Bypass from Design Ch.0000 Existing Ch.428880 to
Design Ch.15400 Existing Ch.444010 on NH-69 in the State of Karnataka in EPC
Mode under NHO Annual Plan 2022-23. NH-69-KNT-2022-23-989 dated 24.03.2023",MoRTH,Ministry of Road Transport & Highways,Roads & Highways,Karnataka,03/2023,01/2026,07/2027,07/2027,,314.55,314.55,7.02,14.0,2023-03-01,2026-01-01,2027-07-01,2027-07-01,,0.0,17.936925098554532,17.936925098554532,0.0,,0.0,0.022317596566523604,2023,22.467857142857145,0,0.022317596566523604,LOW
640,617954,"Balance work of Rehabilitation and upgrading to 2lane/2lane with paved shoulder
configuration and strengthening from from Km 343.80 to 400.33 of Gowribidanur-
Chik Ballapur section in the state of Karnataka Under Annual Plan 2021-22 under
EPC Mode.-952",MoRTH,Ministry of Road Transport & Highways,Roads & Highways,Karnataka,03/2022,02/2023,10/2025,,02/2025,398.48,398.48,242.02,100.0,2022-03-01,2023-02-01,2025-10-01,,2025-02-01,0.0,31.964520367936924,,0.0,24.014454664914584,-7.950065703022339,0.607357960248946,2022,3.9848000000000003,0,0.607357960248946,LOW
641,617955,"Widening to two lane with paved Shoulders from Km 40.00 to Km 75.00 Existing
chainages of Mangalore - Tumkur section of NH-73 in the State of Karnataka on
EPC Mode under Annual Plan 2021-22 Job No NH-73-KNT-2021-22-945",MoRTH,Ministry of Road Transport & Highways,Roads & Highways,Karnataka,03/2022,03/2023,03/2025,12/2026,,718.52,718.52,312.83,85.0,2022-03-01,2023-03-01,2025-03-01,2026-12-01,,0.0,24.014454664914584,45.039421813403415,21.02496714848883,,21.02496714848883,0.43538106106997715,2022,8.453176470588236,0,0.43538106106997715,LOW
642,617957,"Construction of Jasra Bypass with four lane paved shoulder configurationfrom Km
379.670 on NH-76New NH-35 to Km 18.00 on NH-27New NH-30 on EPC in the State
of Uttar Pradesh",MoRTH,Ministry of Road Transport & Highways,Roads & Highways,Uttar Pradesh,02/2023,03/2024,09/2025,-,,274.06,274.06,0.0,91.85,2023-02-01,2024-03-01,2025-09-01,,,0.0,18.035479632063073,,0.0,,0.0,0.0,2023,2.9837778987479586,0,0.0,LOW
643,617958,Widening & Strenthening from km132.895 to km 190.15 NH-80,MoRTH,Ministry of Road Transport & Highways,Roads & Highways,Bihar,03/2021,11/2022,11/2024,11/2026,,566.1,566.1,293.89,73.21,2021-03-01,2022-11-01,2024-11-01,2026-11-01,,0.0,24.014454664914584,47.99605781865966,23.981603153745073,,23.981603153745073,0.5191485603250309,2021,7.732550198060375,0,0.5191485603250309,LOW
644,617959,"Rehabilitation & Widening work for 2 Lane with Paved Shoulder of Existing NH-80
from km 70.15 to Km 121.025 of Munger-Suttanganj -BhagatpurMirzachowki
section on EPC Mode in the State of Bihar",MoRTH,Ministry of Road Transport & Highways,Roads & Highways,Bihar,03/2021,02/2023,11/2025,,01/2025,477.54,477.54,343.05,100.0,2021-03-01,2023-02-01,2025-11-01,,2025-01-01,0.0,32.98291721419185,,0.0,22.996057818659658,-9.986859395532193,0.7183691418519914,2021,4.7754,0,0.7183691418519914,LOW
645,617960,"Construction of new road at the missing link portion of NH-81 along approved
alignment between Harishchandrapur and Eastern approach of Kalindri Bridge from
Km 46.550 to Km 59.697 in the district of Malda. Job No-081-WB-2015-16/400",MoRTH,Ministry of Road Transport & Highways,Roads & Highways,West Bengal,08/2016,11/2016,11/2018,10/2026,,271.17,291.2,216.61,85.56,2016-08-01,2016-11-01,2018-11-01,2026-10-01,,0.07386510307187363,23.98160315374507,118.95532194480946,94.97371879106439,,94.97371879106439,0.743853021978022,2016,3.1693548387096775,0,0.7987978021167533,MEDIUM
646,617961,Gaya-Hisua-Rajgir-Nalanda-Biharsharif section km0.00 to 92.935 NH-82,MoRTH,Ministry of Road Transport & Highways,Roads & Highways,Bihar,01/2014,11/2016,11/2019,10/2026,,1408.85,2138.16,0.0,97.0,2014-01-01,2016-11-01,2019-11-01,2026-10-01,,0.5176633424424175,35.972404730617605,118.95532194480946,82.98291721419184,,82.98291721419184,0.0,2014,14.52422680412371,1,0.0,HIGH
647,617962,"Construction of Bypass to Madurai Achambathu Viratipathu in between km 6/850
10/382 of NH 49 Extn New NH 85 including Land Acquisition on Engineering,
Procurement & Construction EPC basis Contract under NH O Annual Plan 2021-22 in
the state of Tamil Nadu job No.NH-49 Extn New NH 85 - TN-2021-22-997",MoRTH,Ministry of Road Transport & Highways,Roads & Highways,Tamil Nadu,03/2022,09/2024,08/2026,08/2026,,238.97,260.07,126.56,94.0,2022-03-01,2024-09-01,2026-08-01,2026-08-01,,0.0882956019584048,22.963206307490143,22.963206307490143,0.0,,0.0,0.48663821278886454,2022,2.5422340425531913,0,0.5296062267230196,LOW
648,617963,"Rehabilitation and upgradation to four lane road from km 70.500 to km 78.600 of NH-
92 under EPC mode in the State of Uttar Pradesh",MoRTH,Ministry of Road Transport & Highways,Roads & Highways,Uttar Pradesh,01/2022,01/2025,01/2027,01/2027,,296.02,351.78,75.38,39.0,2022-01-01,2025-01-01,2027-01-01,2027-01-01,,0.18836565096952906,23.98160315374507,23.98160315374507,0.0,,0.0,0.21428165330604354,2022,7.590256410256409,0,0.2546449564218634,LOW
649,617964,"Widening to Four Lane rigid pavement configuration from Km 90.00 to Km 100.800 on
NH-96 Km 42.0 to Km 53.300 as per new NH-330,design length of 11.300 km under
EPC mode in the state of Uttar Pradesh",MoRTH,Ministry of Road Transport & Highways,Roads & Highways,Uttar Pradesh,12/2022,11/2024,11/2026,11/2026,,309.63,309.63,41.92,31.09,2022-12-01,2024-11-01,2026-11-01,2026-11-01,,0.0,23.98160315374507,23.98160315374507,0.0,,0.0,0.1353873978619643,2022,9.959150852364104,0,0.1353873978619643,LOW
650,617965,Kopargaon to Savali Vihir section,MoRTH,Ministry of Road Transport & Highways,Roads & Highways,Maharashtra,06/2022,01/2023,07/2024,08/2026,,195.38,195.38,105.76,93.45,2022-06-01,2023-01-01,2024-07-01,2026-08-01,,0.0,17.969776609724047,42.96977660972404,24.999999999999996,,24.999999999999996,0.5413041252942983,2022,2.0907437132156232,0,0.5413041252942983,MEDIUM
651,617966,"Rehabilitation and Upgrading to 2 lanes/2-lane with paved shoulders configuration and
strengthening of of Birpur and Bihpur Section from km 0.0 to Km 106 of NH 106 under
phase I of National Highways Interconnectivity Improvement Projects NHIIP ICB No.
NHIIP-BR-106-7 [NHIIP-BR-106-7]",MoRTH,Ministry of Road Transport & Highways,Roads & Highways,Bihar,01/2014,10/2016,10/2019,10/2026,,780.77,961.33,0.04,99.74,2014-01-01,2016-10-01,2019-10-01,2026-10-01,,0.23125888545922624,35.972404730617605,119.97371879106439,84.00131406044679,,84.00131406044679,4.1609020835717186e-05,2014,7.8280529376378585,0,5.123147661923486e-05,MEDIUM-HIGH
652,617967,"Construction of Rudraprayag tunnel of length 900.30 MTR including approaches and
one major bridge on river Alaknanda connecting NH-107/old-109 to NH-07old-58 on
EPC mode in the state of Uttarakhand",MoRTH,Ministry of Road Transport & Highways,Roads & Highways,Uttarakhand,02/2021,01/2023,07/2025,07/2026,,251.88,251.88,108.94,99.0,2021-02-01,2023-01-01,2025-07-01,2026-07-01,,0.0,29.96057818659658,41.95137976346912,11.990801576872538,,11.990801576872538,0.4325075432745752,2021,2.5442424242424244,0,0.4325075432745752,LOW
653,617968,"Construction & Widening Including Augustmuni Bypass Ch-16.545 to Ch - 19.890 to
2L/PS from Km 16.545-Km 33.130 & 45.980 -57.975 Augustmuni to Kund & Guptkashi
to Sitapur on NH 109 in UK",MoRTH,Ministry of Road Transport & Highways,Roads & Highways,Uttarakhand,03/2017,02/2018,02/2020,03/2024,,418.89,418.89,426.18,95.0,2017-03-01,2018-02-01,2020-02-01,2024-03-01,,0.0,23.98160315374507,72.93035479632063,48.94875164257556,,48.94875164257556,1.017403136861706,2017,4.409368421052632,0,1.017403136861706,MEDIUM
654,617969,"Construction of 4 Lane ROB and its approaches at the level crossing LC No 29 B of
Km 29 Ekangarsarai at NH 110 New NH 33 & Railway Km 32.63 at Fatwa FUT
Islampur IPR section in the state of Bihar on EPC mode",MoRTH,Ministry of Road Transport & Highways,Roads & Highways,Bihar,03/2023,07/2024,07/2026,12/2026,,201.08,201.08,0.01,62.0,2023-03-01,2024-07-01,2026-07-01,2026-12-01,,0.0,23.98160315374507,29.00788436268068,5.026281208935611,,5.026281208935611,4.9731450169086926e-05,2023,3.2432258064516133,0,4.9731450169086926e-05,LOW
655,617970,"Reconstruction of existing 2 L/IL to 2L with paved shoulder from existing km
52.200 to 92.880 of NH-",MoRTH,Ministry of Road Transport & Highways,Roads & Highways,Uttarakhand,10/2016,06/2017,09/2023,,06/2019,282.08,282.08,352.53,100.0,2016-10-01,2017-06-01,2023-09-01,,2019-06-01,0.0,75.0,,0.0,23.98160315374507,-51.01839684625493,1.249751843448667,2016,2.8207999999999998,0,1.249751843448667,LOW
656,617971,"Up-gradation to Two/Four lane with paved shoulder Configuration of Kondagaon-
Narayanpur from design ch. 0.00 - 48.693 Design Length 47.493 Km. 1.20 Km.
retained on NH-130D under EPC mode in the State Chhattisgarh",MoRTH,Ministry of Road Transport & Highways,Roads & Highways,Chhattisgarh,12/2022,03/2025,03/2027,03/2027,,322.4,322.4,1.14,70.0,2022-12-01,2025-03-01,2027-03-01,2027-03-01,,0.0,23.98160315374507,23.98160315374507,0.0,,0.0,0.0035359801488833746,2022,4.605714285714285,0,0.0035359801488833746,LOW
657,617972,"Upgradation to Two lane with Paved Shoulder Configuration of Narayanpur
Kasturmeta pkg-II from design ch. 48.693 to 70.453 design length21.760 Km. on
NH-130D under EPC mode in the state of Chhattisgarh",MoRTH,Ministry of Road Transport & Highways,Roads & Highways,Chhattisgarh,12/2022,12/2024,06/2026,-,,200.67,200.67,0.0,0.0,2022-12-01,2024-12-01,2026-06-01,,,0.0,17.969776609724047,,0.0,,0.0,0.0,2022,200.67,0,0.0,LOW
658,617973,"Strengthening and widening of existing 2 lane road to two lane paved shoulder
from km 7.750 to 26.542 & km. 32.093 to 45.786 of NH-130 on EPC mode in the
state of chhattisgarh.job No. 130-CG-2017-18-348",MoRTH,Ministry of Road Transport & Highways,Roads & Highways,Chhattisgarh,11/2017,05/2019,06/2023,,11/2020,188.8,188.8,107.79,100.0,2017-11-01,2019-05-01,2023-06-01,,2020-11-01,0.0,49.01445466491458,,0.0,18.068331143232587,-30.946123521681994,0.5709216101694915,2017,1.8880000000000001,0,0.5709216101694915,LOW
659,617974,"Rehabilitation and upgradation of 2 lane with paved shoulder from existing km.
195.175 to km. 220.000 Design Chainage km71.300 to Km. 95.947 Excluding existing
chainage Km 200.300 to Km 202.400 Design chainage Km 76.400 to Km 78.400 on
Dharasu to Yamunotri Road of NH- 134 Old NH-94",MoRTH,Ministry of Road Transport & Highways,Roads & Highways,Uttarakhand,05/2025,10/2025,04/2028,-,,344.73,344.73,0.0,53.74,2025-05-01,2025-10-01,2028-04-01,,,0.0,29.993429697766096,,0.0,,0.0,0.0,2025,6.414774841831038,0,0.0,LOW
660,617975,"Rehabilitation and upgradation to 2 lane with paved shoulder configuration from
km 122.00 Dharasu Bend to km 147.230 Silkyara Bend of NH-94 in the state of
Uttarakhand",MoRTH,Ministry of Road Transport & Highways,Roads & Highways,Uttarakhand,03/2017,11/2017,01/2026,,11/2019,237.79,237.79,196.69,100.0,2017-03-01,2017-11-01,2026-01-01,,2019-11-01,0.0,97.99605781865965,,0.0,23.98160315374507,-74.01445466491458,0.8271584170907104,2017,2.3779,0,0.8271584170907104,LOW
661,617976,"Work of development and construction of elevated corridorfrom km 38/660 to km
42/690 Iscon junction to start point of approach of sanand flyover of NH-147 in the
sate of Gujarat",MoRTH,Ministry of Road Transport & Highways,Roads & Highways,Gujarat,03/2023,06/2024,06/2026,09/2026,,530.2,530.2,58.29,90.0,2023-03-01,2024-06-01,2026-06-01,2026-09-01,,0.0,23.98160315374507,27.003942181340342,3.0223390275952724,,3.0223390275952724,0.10993964541682383,2023,5.891111111111112,0,0.10993964541682383,LOW
662,617977,Development of Chiloda - Gandhinagar- Sarkhej ofNH-147 Package -II,MoRTH,Ministry of Road Transport & Highways,Roads & Highways,Gujarat,04/2018,11/2018,11/2020,07/2022,,211.28,234.44,0.0,99.55,2018-04-01,2018-11-01,2020-11-01,2022-07-01,,0.10961756910261262,24.014454664914584,43.95532194480946,19.940867279894878,,19.940867279894878,0.0,2018,2.1223505775991964,0,0.0,LOW
663,617978,"Rehabilitation, upgradation & widening of existing highway to 2L/4LPS Rigid
Pavement of NH 160 section- Phaltan to Mhaishal near Karnataka Border including
Tasgaon Bypass, from existing chainage Km 301/430 to Km 458/415 in the State of
Maharashtra- Package-II & Package III combined- starting from existing chainage Km
341/300 to Km 394/130 and design chainage Km 340/250 at Dahiwadi Village to Km
392/950 ending at Vita Village in the State of Maharashtra on EPC Mode",MoRTH,Ministry of Road Transport & Highways,Roads & Highways,Maharashtra,03/2024,05/2025,05/2027,05/2027,,631.76,631.76,213.18,85.0,2024-03-01,2025-05-01,2027-05-01,2027-05-01,,0.0,23.98160315374507,23.98160315374507,0.0,,0.0,0.3374382676965937,2024,7.432470588235294,0,0.3374382676965937,LOW
664,617979,"Rehabilitation, upgradation & widening of existing highway to 2L/4LPS Rigid
Pavement of NH 160 section- Phaltan to Mhaisal near Karnataka Border including
Tasgaon Bypass, from existing chainage Km 301/430 to Km 458/415 in the State of
Maharashtra. Package-I starting from existing chainage Km 301/430 at Phaltan Village
Junction of Phaltan Baramati Road Design Chainage -301/430km & ending at
existing chainage Km 341/300 Dahiwadi Village Bus Stop Design chainage Km
340466km in the S",MoRTH,Ministry of Road Transport & Highways,Roads & Highways,Maharashtra,03/2024,05/2025,05/2027,11/2026,,533.76,533.76,0.0,74.29,2024-03-01,2025-05-01,2027-05-01,2026-11-01,,0.0,23.98160315374507,18.035479632063073,-5.946123521681997,,-5.946123521681997,0.0,2024,7.184816260600349,0,0.0,LOW
665,617980,"Construction of six lane elevated corridor from km 7.950 Uppal to km 14.200 of NH-
163 to De-Congest the urban limits of Hyderabad-Bhoopalapatnam section on EPC
mode in the state of Telangana",MoRTH,Ministry of Road Transport & Highways,Roads & Highways,Telangana,03/2018,07/2018,07/2020,12/2027,,626.76,626.76,24.4,54.26,2018-03-01,2018-07-01,2020-07-01,2027-12-01,,0.0,24.014454664914584,113.00919842312746,88.99474375821288,,88.99474375821288,0.038930372072244555,2018,11.551050497604129,0,0.038930372072244555,MEDIUM
666,617981,"Widening to Two with Paved shoulders from Km 59.500 to Km 132.033 of
Manneguda- Ravunapally section of NH-163 Erstwhile SH-4 in the State of
Telangana on EPC mode under NH O Annual Plan 2016-17",MoRTH,Ministry of Road Transport & Highways,Roads & Highways,Telangana,03/2017,05/2017,05/2019,10/2024,10/2024,359.0,359.0,724.23,100.0,2017-03-01,2017-05-01,2019-05-01,2024-10-01,2024-10-01,0.0,23.98160315374507,89.02759526938239,65.04599211563732,89.02759526938239,65.04599211563732,2.0173537604456824,2017,3.59,0,2.0173537604456824,MEDIUM-HIGH
667,617982,"Widening and strengthening of existing 2-lane to 2- lane with paved shoulders
from km 159/0 to 165/4 and 186/0 to 215/0 of NH-163 on EPC mode int the state
of Telangana",MoRTH,Ministry of Road Transport & Highways,Roads & Highways,Telangana,01/2018,06/2018,11/2019,11/2024,11/2024,230.03,230.03,383.3,100.0,2018-01-01,2018-06-01,2019-11-01,2024-11-01,2024-11-01,0.0,17.017082785808146,77.03679369250985,60.019710906701704,77.03679369250985,60.019710906701704,1.6663043950789027,2018,2.3003,0,1.6663043950789027,MEDIUM-HIGH
668,617983,"Widening & Strengthening of Existing 2LPS to 4 lane PS from Km 150000 to Km
159000 and Km 165400 to Km 186000 of NH-163 old NH-202 under NH O for the year
2020-21 on EPC Mode in the state of Telangana",MoRTH,Ministry of Road Transport & Highways,Roads & Highways,Telangana,03/2021,07/2022,07/2024,08/2026,,317.19,300.56,190.86,91.0,2021-03-01,2022-07-01,2024-07-01,2026-08-01,,-0.052429143415618384,24.014454664914584,49.01445466491458,24.999999999999996,,24.999999999999996,0.6350146393398989,2021,3.4856043956043954,0,0.6017213657429301,MEDIUM
669,617984,"Gudivada Town 2 RoB, and Road improvement NH-165",MoRTH,Ministry of Road Transport & Highways,Roads & Highways,Andhra Pradesh,03/2022,05/2023,05/2025,03/2027,,317.22,317.22,158.64,75.2,2022-03-01,2023-05-01,2025-05-01,2027-03-01,,0.0,24.014454664914584,45.992115637319316,21.97766097240473,,21.97766097240473,0.500094571590694,2022,4.218351063829788,0,0.500094571590694,LOW
670,617985,"Widening to two lane with paved shoulders from Km 0/0 to 64/020 Pamarru to
Akiveedu",MoRTH,Ministry of Road Transport & Highways,Roads & Highways,Andhra Pradesh,03/2020,11/2021,11/2023,05/2027,,529.54,588.65,248.31,74.41,2020-03-01,2021-11-01,2023-11-01,2027-05-01,,0.11162518412206825,23.98160315374507,65.93298291721419,41.95137976346912,,41.95137976346912,0.421829610124862,2020,7.116516597231555,0,0.46891641802318995,MEDIUM
671,617986,"Kurnool/Kadapa Border-Jammalamadugu section of NH-167K i.e. Design Ch. Km
248010 to km 269900 to 2",MoRTH,Ministry of Road Transport & Highways,Roads & Highways,Andhra Pradesh,03/2023,12/2024,12/2026,12/2026,,292.63,292.63,0.0,95.77,2023-03-01,2024-12-01,2026-12-01,2026-12-01,,0.0,23.98160315374507,23.98160315374507,0.0,,0.0,0.0,2023,3.055549754620445,0,0.0,LOW
672,617987,"Nandyala-Kurnool/Kadapa Border section of NH-167K i.e. Km 186/000 to Km
250/000Design Ch.186000 to 248010 to 2LPS",MoRTH,Ministry of Road Transport & Highways,Roads & Highways,Andhra Pradesh,10/2024,09/2025,09/2027,09/2027,,691.81,691.81,0.0,49.71,2024-10-01,2025-09-01,2027-09-01,2027-09-01,,0.0,23.98160315374507,23.98160315374507,0.0,,0.0,0.0,2024,13.916918125125727,0,0.0,LOW
673,617988,"Sangameswaram - Atmakuru section from Km 96 to Km 124 & Velegodu- Nandyal
section including Nandyal Bypass from Km 143/6 to 185/9 NH-167K",MoRTH,Ministry of Road Transport & Highways,Roads & Highways,Andhra Pradesh,10/2024,07/2025,07/2027,07/2027,,776.17,644.14,0.0,41.98,2024-10-01,2025-07-01,2027-07-01,2027-07-01,,-0.17010448741899323,23.98160315374507,23.98160315374507,0.0,,0.0,0.0,2024,18.4890424011434,0,0.0,LOW
674,617989,"Construction of Major Bridge at Km.180.865 across river Krishna on NH 167 Hagari
Jadcherla section",MoRTH,Ministry of Road Transport & Highways,Roads & Highways,Karnataka,03/2019,05/2019,11/2021,04/2027,,157.32,187.61,103.33,69.0,2019-03-01,2019-05-01,2021-11-01,2027-04-01,,0.1925375031782356,30.059132720105122,95.0065703022339,64.94743758212877,,64.94743758212877,0.550770214807313,2019,2.28,0,0.6568141367912536,MEDIUM
675,617990,"Construction of bypass road to Adoni town connecting NH-167 Hagari -
Jadcharla road from km.62/700 to 71/400 in Kurnool District in the State of
Andhra Pradesh",MoRTH,Ministry of Road Transport & Highways,Roads & Highways,Andhra Pradesh,03/2023,02/2024,11/2025,,11/2025,242.0,242.0,99.13,100.0,2023-03-01,2024-02-01,2025-11-01,,2025-11-01,0.0,20.992115637319316,,0.0,20.992115637319316,0.0,0.4096280991735537,2023,2.42,0,0.4096280991735537,LOW
676,617991,"Rehabilitation and up-gradation of NH-167 from Km 14/900 to Km70/000 Design Ch.
14/900 to 69/700 Chintakunta to Adoni section to two lane with paved shoulders in the
State of Andhra Pradesh under Corridor Approach through Engineering, Procurement",MoRTH,Ministry of Road Transport & Highways,Roads & Highways,Andhra Pradesh,11/2016,05/2017,05/2019,12/2026,,290.15,290.15,141.83,91.9,2016-11-01,2017-05-01,2019-05-01,2026-12-01,,0.0,23.98160315374507,115.01314060446781,91.03153745072274,,91.03153745072274,0.48881612958814413,2016,3.157236126224156,0,0.48881612958814413,MEDIUM
677,617992,"Rehabilitation & upgradation of NH - 167 from design km 187.723 to 234.434
Miryalaguda to Kodad section to two lane with paved shoulder on EPC mode in
the state of Telangana",MoRTH,Ministry of Road Transport & Highways,Roads & Highways,Telangana,03/2018,09/2018,01/2026,,09/2020,322.81,322.81,154.47,100.0,2018-03-01,2018-09-01,2026-01-01,,2020-09-01,0.0,88.00919842312746,,0.0,24.014454664914584,-63.99474375821288,0.4785167745732784,2018,3.2281,0,0.4785167745732784,LOW
678,617993,"Rehabilitation and upgradation of NH-167 from design km 157.707 to 187.723
design length 30.016 km to two lane with paved shoulders of Alinagar-
Miryalaguda Sec on EPC mode in the state of Telangana",MoRTH,Ministry of Road Transport & Highways,Roads & Highways,Telangana,02/2018,05/2018,11/2019,12/2025,12/2025,220.28,220.28,223.79,100.0,2018-02-01,2018-05-01,2019-11-01,2025-12-01,2025-12-01,0.0,18.035479632063073,91.03153745072272,72.99605781865965,91.03153745072272,72.99605781865965,1.0159342654802979,2018,2.2028,0,1.0159342654802979,MEDIUM
679,617994,"Rehabilitation and upgradation of NH-167 from design km 113.900 to 154.479
Mallepally Haliya section to two lane with paved shoulders on EPC mode in the stte of
Telangana",MoRTH,Ministry of Road Transport & Highways,Roads & Highways,Telangana,02/2018,06/2018,11/2019,12/2025,,294.13,257.61,249.23,88.22,2018-02-01,2018-06-01,2019-11-01,2025-12-01,,-0.12416278516302309,17.017082785808146,90.01314060446781,72.99605781865966,,72.99605781865966,0.9674702069019059,2018,3.334051235547495,0,0.8473464114507191,MEDIUM
680,617995,"Widening to Two Lane with Paved Shoulders from Km 67.000 to Km 114.425 of
Kalwakurthy- Mallapally Section of NH 167 Erstwhile section of SH 18 in the State of
Telangana on EPC mode under NH O Annual Plan 2016-17",MoRTH,Ministry of Road Transport & Highways,Roads & Highways,Telangana,01/2017,05/2017,05/2019,12/2026,,300.0,300.0,175.12,99.2,2017-01-01,2017-05-01,2019-05-01,2026-12-01,,0.0,23.98160315374507,115.01314060446781,91.03153745072274,,91.03153745072274,0.5837333333333333,2017,3.0241935483870965,0,0.5837333333333333,MEDIUM
681,617996,"Widening to 2/4 Lane with paved shoulders from Km 182.120 to Km 227.600 of
NH 167 on Haggari-Jadcherla Road on EPC mode under NHO in the state of
Telangana",MoRTH,Ministry of Road Transport & Highways,Roads & Highways,Telangana,10/2016,02/2017,04/2024,,02/2019,298.0,298.0,238.2,100.0,2016-10-01,2017-02-01,2024-04-01,,2019-02-01,0.0,85.93955321944809,,0.0,23.98160315374507,-61.95795006570302,0.7993288590604026,2016,2.98,0,0.7993288590604026,LOW
682,617997,"Widening of existing 2 lane to 4 lane with paved shoulder from Designed km 25.15 to
km 56.70 Except Km 52.70 to 53.50 of NH-169 Nellisara Camp to Thirthahalli of NH-
169 on Shimoga-Mangalore section in the state of Karnataka on EPC mode under
Annual plan 2022-23 NH-169-KNT-2022-23-978 dated 08.03.2023",MoRTH,Ministry of Road Transport & Highways,Roads & Highways,Karnataka,03/2023,02/2026,02/2028,02/2028,,538.71,538.71,20.63,6.0,2023-03-01,2026-02-01,2028-02-01,2028-02-01,,0.0,23.98160315374507,23.98160315374507,0.0,,0.0,0.03829518664958883,2023,89.78500000000001,0,0.03829518664958883,LOW
683,617998,"Widening to existing 2 lane with paved Shoulder to 4 Lane with paved shoulder from
design Km 153.00 to 168.27 Mala Gate to Karkala of NH -169 on Shimoga -
Mangalore section in the state of Karnataka on EPC mode under Annula Plan 2021-22
Job No. NH-169-KNT-2021-22-949",MoRTH,Ministry of Road Transport & Highways,Roads & Highways,Karnataka,03/2022,02/2023,02/2025,11/2026,,177.94,177.94,115.6,83.0,2022-03-01,2023-02-01,2025-02-01,2026-11-01,,0.0,24.014454664914584,44.973718791064385,20.9592641261498,,20.9592641261498,0.6496571878161178,2022,2.143855421686747,0,0.6496571878161178,LOW
684,617999,"Widening to 2LPS from Km 67 to Km 115 on Kadur-Hosadurga section NH 173 in the
state of Karnataka NH-173-KNT-2022-23-980 dated 13.03.2023",MoRTH,Ministry of Road Transport & Highways,Roads & Highways,Karnataka,03/2023,10/2024,05/2026,04/2027,,471.62,471.62,91.74,69.54,2023-03-01,2024-10-01,2026-05-01,2027-04-01,,0.0,18.95532194480946,29.96057818659658,11.005256241787123,,11.005256241787123,0.19452101267969973,2023,6.781995973540408,0,0.19452101267969973,LOW
685,618000,"Widening to 2-Lane with Paved Shoulders from Km 116.800 to 149.070Design
Changes on Hosadurga - Holalkere Section of NH-173 in the State of Karnataka on
EPC mode under Annual Plan 2021-22 Job no. NH-173-KNT-2021-22-946",MoRTH,Ministry of Road Transport & Highways,Roads & Highways,Karnataka,03/2022,10/2022,02/2024,06/2026,,170.34,147.39,111.33,100.0,2022-03-01,2022-10-01,2024-02-01,2026-06-01,,-0.13473053892215578,16.031537450722734,43.98817345597897,27.95663600525624,,27.95663600525624,0.7553429676368818,2022,1.7034,0,0.6535752025361042,MEDIUM
686,618001,"Construction of 4-lane flyover at Amberpet-X road, Hyderabad on NH-202 in the State
of Telangana",MoRTH,Ministry of Road Transport & Highways,Roads & Highways,Telangana,05/2018,06/2021,06/2023,06/2026,,216.53,265.88,172.17,92.1,2018-05-01,2021-06-01,2023-06-01,2026-06-01,,0.22791299127141731,23.98160315374507,59.98685939553219,36.00525624178712,,36.00525624178712,0.6475477659094327,2018,2.3510314875135725,0,0.7951323142289751,MEDIUM-HIGH
687,618002,"Widening of existing single lane to intermediate lane road from Mokokchung to
Chare via Dikhu in the state of Nagaland on EPC mode",MoRTH,Ministry of Road Transport & Highways,Roads & Highways,Nagaland,02/2021,06/2023,11/2025,,06/2025,192.93,192.93,110.98,100.0,2021-02-01,2023-06-01,2025-11-01,,2025-06-01,0.0,29.040735873850196,,0.0,24.014454664914584,-5.026281208935611,0.5752345410252423,2021,1.9293,0,0.5752345410252423,LOW
688,618003,"Construction of four lane ROB and its approaches in lieu of existing Level Crossing
No. RV-71 at km 435 on NH-217 New NH-353 at Khariar including land acquisition
under NHO in Annual Plan 2021-22 for the state of Odisha for F.Y. 2021-22 to F.Y
2033-34",MoRTH,Ministry of Road Transport & Highways,Roads & Highways,Odisha,11/2021,06/2023,12/2024,09/2026,,154.49,154.49,25.17,90.0,2021-11-01,2023-06-01,2024-12-01,2026-09-01,,0.0,18.035479632063073,39.02759526938239,20.992115637319316,,20.992115637319316,0.16292316654799663,2021,1.7165555555555556,0,0.16292316654799663,LOW
689,618004,"Construction of Bhabhua Bypass from Ch. 10800Design Ch. 10800 to Ch. 19860
Design Ch. 18150 and Chand Bypass from Ch. 38060 Design Ch. 36250 to Ch. 40460
Design Ch. 38650 and widening of existing road to 2 - lane with Paved shoulder from
Ch. 40460 Design Ch. 38650 to Ch. 46860 Design Ch. 45050 of NH-219 Total length-
16.150 Kmunder EPC mode in the state of Bihar",MoRTH,Ministry of Road Transport & Highways,Roads & Highways,Bihar,02/2022,06/2026,12/2027,12/2027,,179.86,179.86,2.37,2.0,2022-02-01,2026-06-01,2027-12-01,2027-12-01,,0.0,18.00262812089356,18.00262812089356,0.0,,0.0,0.013176915378627821,2022,89.93,0,0.013176915378627821,LOW
690,618005,Sheohar-Sitamarhi Section km 40.000 to 79.400 km Lot-I,MoRTH,Ministry of Road Transport & Highways,Roads & Highways,Bihar,02/2016,05/2016,05/2018,09/2026,,178.85,278.53,0.0,98.65,2016-02-01,2016-05-01,2018-05-01,2026-09-01,,0.5573385518590998,23.98160315374507,124.01445466491458,100.03285151116951,,100.03285151116951,0.0,2016,1.8129751647237708,0,0.0,HIGH
691,618006,Sitamarhi-Jaynagar Section km 79.400 to km 156.500 Lot-II,MoRTH,Ministry of Road Transport & Highways,Roads & Highways,Bihar,02/2016,06/2016,12/2018,07/2026,,369.77,503.28,0.0,98.78,2016-02-01,2016-06-01,2018-12-01,2026-07-01,,0.3610622819590556,29.993429697766096,120.9592641261498,90.96583442838372,,90.96583442838372,0.0,2016,3.7433691030572986,0,0.0,MEDIUM-HIGH
692,618007,Jaynagar-Narahia Section km 156.500 to km 219.945 Lot-III,MoRTH,Ministry of Road Transport & Highways,Roads & Highways,Bihar,02/2016,05/2016,11/2018,07/2026,,553.3,706.39,0.0,99.0,2016-02-01,2016-05-01,2018-11-01,2026-07-01,,0.2766853424905116,30.02628120893561,121.97766097240472,91.9513797634691,,91.9513797634691,0.0,2016,5.588888888888889,0,0.0,MEDIUM-HIGH
693,618008,"Construction of four-lane elevated viaduct from km.4634 to km.6345 on NH-24A
including Retaining wall, service lane, at grade road and improvement of
junctions, on EPC mode",MoRTH,Ministry of Road Transport & Highways,Roads & Highways,Uttar Pradesh,03/2021,03/2022,09/2024,,09/2023,185.09,269.81,200.32,100.0,2021-03-01,2022-03-01,2024-09-01,,2023-09-01,0.45772326976065697,30.059132720105122,,0.0,18.035479632063073,-12.02365308804205,0.7424483896075016,2021,1.8509,0,1.0822842941271813,LOW
694,618009,"Balance work of Construction of Ring Road for Raebareli City on eastern side of NH-
24B Phase-1 on EPC mode",MoRTH,Ministry of Road Transport & Highways,Roads & Highways,Uttar Pradesh,12/2019,10/2020,04/2022,12/2026,,319.96,347.8,0.0,95.0,2019-12-01,2020-10-01,2022-04-01,2026-12-01,,0.08701087635954505,17.969776609724047,73.98160315374507,56.01182654402102,,56.01182654402102,0.0,2019,3.368,0,0.0,MEDIUM
695,618010,"Development to 4-lane with paved shoulder for the road section Talwandi Sabo-
Raman road to refinery Road junction with Bathinda Dabwali Road of NH-254 from
existing Km 131.600 to Km 155.650 Design Km 131600 to km 155600 in the State of
Punjab. Job No NH-254-PB-2022-23-565",MoRTH,Ministry of Road Transport & Highways,Roads & Highways,Punjab,03/2023,05/2025,11/2026,11/2026,,546.67,546.67,0.0,45.0,2023-03-01,2025-05-01,2026-11-01,2026-11-01,,0.0,18.035479632063073,18.035479632063073,0.0,,0.0,0.0,2023,12.148222222222222,0,0.0,LOW
696,618011,"Construction of 2 lane with paved shoulder for the work of Development of remaining
sections of NH-325 Balotra to sanderao via Jalore to 2 lane with paved shoulder
configuration by Construction of Byasses for town portions1 Asotra- Brahmdham
bypass 2Siwana Bypass 3 Mokalsar Bypass 4 Major realignment at Kathadi 5 Major
realignment at Bishangarh 6 Jalore Bypass 7 Ahore Town portion 8 Dujana Bypass in
the state of Rajasthan on EPC Mode",MoRTH,Ministry of Road Transport & Highways,Roads & Highways,Rajasthan,12/2021,05/2022,05/2024,10/2026,,411.44,411.44,85.69,92.77,2021-12-01,2022-05-01,2024-05-01,2026-10-01,,0.0,24.014454664914584,53.022339027595265,29.00788436268068,,29.00788436268068,0.20826852031888002,2021,4.435054435701197,0,0.20826852031888002,MEDIUM
697,618012,"Widening & strengthenlng to 2LPS from km 0,000 to 40.000 Dhaugaon- Podamari
section of NH 326 in the State of Odisha under Annual Plan 2021.22",MoRTH,Ministry of Road Transport & Highways,Roads & Highways,Odisha,03/2022,02/2024,02/2026,12/2026,,186.52,186.52,46.39,60.0,2022-03-01,2024-02-01,2026-02-01,2026-12-01,,0.0,24.014454664914584,33.96846254927726,9.954007884362678,,9.954007884362678,0.24871327471584814,2022,3.1086666666666667,0,0.24871327471584814,LOW
698,618013,4-laning of Puttaparthi-Koduru Section of NH-342,MoRTH,Ministry of Road Transport & Highways,Roads & Highways,Andhra Pradesh,10/2022,11/2023,11/2025,08/2026,,1318.59,909.19,464.06,90.19,2022-10-01,2023-11-01,2025-11-01,2026-08-01,,-0.3104831676260247,24.014454664914584,32.98291721419185,8.968462549277266,,8.968462549277266,0.5104103652701856,2022,14.620135269985585,1,0.35193653827194205,LOW
699,618014,"Upgradation of Ambikapur-Ramanujganj-Garwa road of NH-343, Package-III, Badki
mahri village to Ramanujganj section from existing km 80.600 to km 110.330 Design
Ch. 85.370 to Ch. 114.800 of total length 29.430 km to two lane with paved shoulders
udner corridor scheme under EPC Mode in the of Chhattisgarh",MoRTH,Ministry of Road Transport & Highways,Roads & Highways,Chhattisgarh,03/2022,05/2025,10/2026,10/2026,,199.05,199.05,53.0,38.56,2022-03-01,2025-05-01,2026-10-01,2026-10-01,,0.0,17.017082785808146,17.017082785808146,0.0,,0.0,0.2662647575985933,2022,5.1620850622406635,0,0.2662647575985933,LOW
700,618015,"Upgradation of Keonchi - Ratanpur Road of NH 45 Package-I, from design chainage
km 237.860 to km 273.200 of length 35.340 km to two lane with paved shoulders
under Corridor scheme on EPC mode in the state of Chhattisgarh",MoRTH,Ministry of Road Transport & Highways,Roads & Highways,Chhattisgarh,03/2022,07/2024,01/2026,12/2026,,225.41,228.93,83.75,60.0,2022-03-01,2024-07-01,2026-01-01,2026-12-01,,0.015615988642917395,18.035479632063073,29.00788436268068,10.972404730617608,,10.972404730617608,0.3658323505001529,2022,3.7568333333333332,0,0.37154518433077505,LOW
701,618016,"Upgradation of Ambikapur Ramanujganj - Garhwa Road NH 343 of Package-I,
Rajpuri Khurd Village to Padih Village section from existing km 7.830 to km 57.650
Design Ch. 13.700 to Ch. 62.700 of total length 49.00 km to two lane with paved
shoulders under EPC mode in the state of Chhattisgarh",MoRTH,Ministry of Road Transport & Highways,Roads & Highways,Chhattisgarh,03/2022,05/2025,05/2027,05/2027,,397.44,397.44,76.67,28.07,2022-03-01,2025-05-01,2027-05-01,2027-05-01,,0.0,23.98160315374507,23.98160315374507,0.0,,0.0,0.19290962157809985,2022,14.158888493053082,0,0.19290962157809985,LOW
702,618017,"Upgradation of Keonchi - Ratanpur Road of NH 45 Package-II, from design chainage
km 278.75 to km 321.348 of length 42.598 km to two lane with paved shoulders under
Corridor scheme on EPC mode in the state of Chhattisgarh",MoRTH,Ministry of Road Transport & Highways,Roads & Highways,Chhattisgarh,03/2022,07/2024,01/2026,12/2026,,286.0,286.0,92.75,60.0,2022-03-01,2024-07-01,2026-01-01,2026-12-01,,0.0,18.035479632063073,29.00788436268068,10.972404730617608,,10.972404730617608,0.3243006993006993,2022,4.766666666666667,0,0.3243006993006993,LOW
703,618018,"Upgradation of Bilaspur-Takhatpur-Mungeli-Pandariya-Pondi Road on N.H.-130A
Package IIIA Takhatpur By-pass from existing Ch. 26.542 to 32.093 [Design Ch.
18.700 to 25.900] & Mungeli By-pass from existing Ch. 45.786 to 56.275 [Design Ch.
29.600 to 51.600] and Package IIIB Pandariya By-Pass from existing Ch. 82.582 to
87.133 [Design Ch. 77.900 to 81.1000 & Pondi By-pass from existing Ch. 103.166 to
104.756 [Design Ch. 97.000 to 103.395] to two lane with paved shoulder configuration
in the",MoRTH,Ministry of Road Transport & Highways,Roads & Highways,Chhattisgarh,03/2022,01/2024,07/2025,12/2026,,351.19,351.19,11.63,11.0,2022-03-01,2024-01-01,2025-07-01,2026-12-01,,0.0,17.969776609724047,34.98685939553219,17.017082785808146,,17.017082785808146,0.033115977106409636,2022,31.926363636363636,0,0.033115977106409636,LOW
704,618019,"Upgradation & widening of Jharkheda- Berasia - Dholkhedi from design km 0000 to
km 87900 Design length 87.90km of NH-346 including 3 nos. bypasses of 13.10 Km in
the State of Madhya Pradesh under EPC mode",MoRTH,Ministry of Road Transport & Highways,Roads & Highways,Madhya Pradesh,03/2022,05/2023,05/2025,09/2026,,365.21,365.21,200.67,91.0,2022-03-01,2023-05-01,2025-05-01,2026-09-01,,0.0,24.014454664914584,40.04599211563732,16.031537450722734,,16.031537450722734,0.5494646915473289,2022,4.013296703296703,0,0.5494646915473289,LOW
705,618020,"Rehabilitation & Upgradation of KurwaiMungaoliChanderi Road section of NH-346,
from Design Chainge 0.000 to 81.300 Km Total length 83.1 km to Two lane with paved
shoulder configuration along with One time improvement in 07 nos of bypassed built-
up areas in a total length of 22.615 km in the state of Madhya Pradesh on EPC mode",MoRTH,Ministry of Road Transport & Highways,Roads & Highways,Madhya Pradesh,03/2022,02/2023,02/2025,12/2026,,386.49,386.49,164.84,67.57,2022-03-01,2023-02-01,2025-02-01,2026-12-01,,0.0,24.014454664914584,45.959264126149804,21.94480946123522,,21.94480946123522,0.42650521358896737,2022,5.719846085540921,0,0.42650521358896737,LOW
706,618021,"Up-gradation of Pichhore- Dinara section of NH-346 from Km 292.750 to 334.550 to
two lane with paved shoulders in the state of Madhya Pradesh on EPC mode",MoRTH,Ministry of Road Transport & Highways,Roads & Highways,Madhya Pradesh,02/2024,12/2025,06/2027,06/2027,,425.97,425.97,0.0,36.85,2024-02-01,2025-12-01,2027-06-01,2027-06-01,,0.0,17.969776609724047,17.969776609724047,0.0,,0.0,0.0,2024,11.559565807327001,0,0.0,LOW
707,618022,"Upgradation to two lane with paved Shoulder Configuaration from Km. 0/00 to 47/000
of NH 351 Mahuva to Badhada section in the State of Gujarat",MoRTH,Ministry of Road Transport & Highways,Roads & Highways,Gujarat,12/2022,02/2024,08/2025,12/2026,,173.06,219.08,22.63,77.0,2022-12-01,2024-02-01,2025-08-01,2026-12-01,,0.2659193343349128,17.969776609724047,33.96846254927726,15.998685939553216,,15.998685939553216,0.10329559978090194,2022,2.2475324675324675,0,0.13076389691436496,MEDIUM
708,618023,"Work of Widening/upgradation of 2-Lane with paved shoulder of Sri Muktsar Sahib to
Malout road from Km 279.400 to Km 307.060 section of NH-354 in the State of Punjab
on EPC mode. Job No. NH-354-PB-2021-22-555",MoRTH,Ministry of Road Transport & Highways,Roads & Highways,Punjab,03/2022,10/2023,04/2025,03/2026,,152.58,152.58,0.0,100.0,2022-03-01,2023-10-01,2025-04-01,2026-03-01,,0.0,18.00262812089356,28.97503285151117,10.972404730617608,,10.972404730617608,0.0,2022,1.5258,0,0.0,LOW
709,618024,"Up-gradation to two lane with paved shoulder configuration of NH-354 Section Arifkes-
Ferozepur-Muktsar-Malaut from Km 201.500 to Km 212.500 & Km 229.690 to Km
269.960 and strengthening of existing pavement from Km 212.500 to Km 229.690
excluding Km 218.500 to 223.690 of NH-354 on EPC Mode in the State of Punjab. Job
No. NH-354-PB-2020-21-532",MoRTH,Ministry of Road Transport & Highways,Roads & Highways,Punjab,03/2021,10/2023,04/2025,09/2026,,263.19,263.19,0.0,83.0,2021-03-01,2023-10-01,2025-04-01,2026-09-01,,0.0,18.00262812089356,35.019710906701704,17.017082785808142,,17.017082785808142,0.0,2021,3.170963855421687,0,0.0,LOW
710,618025,"Rehabiitation and upgradation from km 121/000 to 154/000 Nakrekal to Mallampally
section of NH-365 to 2 lane with paved shoulders in the state of Telangana in the EPC
mode",MoRTH,Ministry of Road Transport & Highways,Roads & Highways,Telangana,03/2018,06/2018,12/2019,09/2026,,192.67,192.67,141.82,96.0,2018-03-01,2018-06-01,2019-12-01,2026-09-01,,0.0,18.00262812089356,99.01445466491458,81.01182654402102,,81.01182654402102,0.7360772304977423,2018,2.0069791666666665,0,0.7360772304977423,MEDIUM
711,618026,"Rehabilitation and upgradation to two lane with paved shoulders from Km 0/000
to 72/6 of NH-365 Nakrekal to Tanamcherla section under NHDP IV in the state
of Telangana under EPC mode",MoRTH,Ministry of Road Transport & Highways,Roads & Highways,Telangana,06/2017,11/2017,05/2025,,10/2019,605.08,605.08,585.2,100.0,2017-06-01,2017-11-01,2025-05-01,,2019-10-01,0.0,89.94743758212877,,0.0,22.963206307490143,-66.98423127463863,0.967144840351689,2017,6.050800000000001,0,0.967144840351689,LOW
712,618027,"Widening to 2LPS from Km 71.00 to 104.00 Existing chainages Sarjapur to
Pattadkallu on Bhanapur to Gaddanakeri section NH-367 in the State of Karnataka
under NHO on EPC mode under Annual Plan 2022-23 NH-367-KNT-2022-23-972
dated 08.02.2023",MoRTH,Ministry of Road Transport & Highways,Roads & Highways,Karnataka,02/2023,03/2024,03/2026,12/2026,,445.62,445.62,198.15,90.0,2023-02-01,2024-03-01,2026-03-01,2026-12-01,,0.0,23.98160315374507,33.01576872536137,9.034165571616299,,9.034165571616299,0.4446613706745658,2023,4.951333333333333,0,0.4446613706745658,LOW
713,618028,"Construction of Bypass at Kuknoor, Yelburga, Gajendragada of Bhanapur
Gaddanakeri section of NH-367 in the State of Karnataka under NHO on EPC mode
under Annual Plan 2022-23. NH-367-KNT-2022-23-973 dated 08.02.2023",MoRTH,Ministry of Road Transport & Highways,Roads & Highways,Karnataka,02/2023,06/2025,06/2027,06/2027,,333.96,333.96,63.62,36.0,2023-02-01,2025-06-01,2027-06-01,2027-06-01,,0.0,23.98160315374507,23.98160315374507,0.0,,0.0,0.19050185650976165,2023,9.276666666666666,0,0.19050185650976165,LOW
714,618029,"Widening to 4 lane from Km. 133.00 to 158.04 design Chainage Km. 130.88 to
155.145 Shirur Cross to Gaddankeri of NH-367 in the State of Karnataka on EPC
mode. Job No. NH-367-KNT-2021-22-930",MoRTH,Ministry of Road Transport & Highways,Roads & Highways,Karnataka,01/2022,01/2023,01/2025,03/2027,,350.69,312.06,203.12,83.33,2022-01-01,2023-01-01,2025-01-01,2027-03-01,,-0.1101542673016054,24.014454664914584,49.93429697766097,25.919842312746386,,25.919842312746386,0.6509004678587451,2022,4.208448337933517,0,0.5792010037354929,MEDIUM
715,618030,"Widening to 2 lane with paved shoulder from Km. 103.225 Pattadakal to Km. 133.00
Shirur cross of NH-367 in the state of Karnataka on EPC Mode.Job No. NH-367-KNT-
2021-22-934",MoRTH,Ministry of Road Transport & Highways,Roads & Highways,Karnataka,02/2022,11/2022,05/2024,12/2026,,264.14,264.14,3.78,0.0,2022-02-01,2022-11-01,2024-05-01,2026-12-01,,0.0,17.969776609724047,48.98160315374507,31.011826544021023,,31.011826544021023,0.014310592867418793,2022,264.14,0,0.014310592867418793,MEDIUM
716,618031,"Balance work of Construction of Two/Four lane with paved shoulder from Km 422.000
to 523.600 Chitradurga to Shivamogga of NH-13 in the state of Kanataka on EPC
mode",MoRTH,Ministry of Road Transport & Highways,Roads & Highways,Karnataka,01/2021,12/2021,12/2025,08/2026,,516.96,516.96,121.75,98.0,2021-01-01,2021-12-01,2025-12-01,2026-08-01,,0.0,47.99605781865966,55.97897503285151,7.9829172141918505,,7.9829172141918505,0.2355114515629836,2021,5.275102040816327,0,0.2355114515629836,LOW
717,618033,"4-Laning of Itanagar to Bandardewa section of NH-415from km 40430 to km
51735 Package-Bon EPC Mode in the state of Arunachal Pradesh Job NO.
415/Ar. P/2020-21/031",MoRTH,Ministry of Road Transport & Highways,Roads & Highways,Arunachal Pradesh,06/2020,12/2021,12/2024,07/2026,,496.47,496.47,171.91,51.37,2020-06-01,2021-12-01,2024-12-01,2026-07-01,,0.0,36.00525624178712,54.96057818659658,18.955321944809455,,18.955321944809455,0.3462646282756259,2020,9.664590227759394,0,0.3462646282756259,LOW
718,618034,"Construction of 2 lane Barpeta Bypass from Km 77900Baradi to Km 86150
Deurikuchi Length8.25Km on NH-427 in the state of Assam under EPC ModeJob
No.427/AS/2022-23/245",MoRTH,Ministry of Road Transport & Highways,Roads & Highways,Assam,03/2023,02/2025,08/2026,08/2026,,173.65,173.65,11.38,20.0,2023-03-01,2025-02-01,2026-08-01,2026-08-01,,0.0,17.936925098554532,17.936925098554532,0.0,,0.0,0.06553412035704002,2023,8.682500000000001,0,0.06553412035704002,LOW
719,618035,"Rehabilitation & Upgradation of existing intermediate lane to two Lane with paved
shoulder from km. 0.600 Gulganj bypass on NH-34 to km. 43.00 Barna River length
42.400 km. on Gulganj-Amanganj-Pawai-Katni NH43 Extn. in the state of Madhya
Pradesh on EPCmode",MoRTH,Ministry of Road Transport & Highways,Roads & Highways,Madhya Pradesh,03/2023,11/2024,05/2026,12/2026,,275.4,275.4,0.0,60.14,2023-03-01,2024-11-01,2026-05-01,2026-12-01,,0.0,17.936925098554532,24.967148488830485,7.030223390275953,,7.030223390275953,0.0,2023,4.579314931825739,0,0.0,LOW
720,618036,"Upgradation and reconstruction of existing intermediate lane to two Lane with paved
shoulder configuration from km. 43.00 Barna River to km. 77.00 ken river length 34.00
km. on Gulganj-Amanganj-Pawai-Katni NH43 Extn. along with One time improvement
in 01 no. of bypassed built-up area in a total length of 1.585 km in the state of Madhya
Pradesh on EPCmode",MoRTH,Ministry of Road Transport & Highways,Roads & Highways,Madhya Pradesh,03/2023,11/2024,11/2026,03/2027,,315.55,315.55,0.0,43.0,2023-03-01,2024-11-01,2026-11-01,2027-03-01,,0.0,23.98160315374507,27.92378449408673,3.9421813403416586,,3.9421813403416586,0.0,2023,7.338372093023256,0,0.0,LOW
721,618037,"Rehabilitation and Up-gradation of existin of road from 2-lane to 2-lane with paved
shoulders from km. 0.00 to km 53.590 total length-53.590 km of Raychoti to Vempalli
section of NH-440 in the State of Andhra Pradesh on EPC mode",MoRTH,Ministry of Road Transport & Highways,Roads & Highways,Andhra Pradesh,12/2021,05/2022,05/2024,09/2026,,439.82,359.52,213.12,90.2,2021-12-01,2022-05-01,2024-05-01,2026-09-01,,-0.1825746896457642,24.014454664914584,52.03679369250985,28.02233902759527,,28.02233902759527,0.5927903871829105,2021,4.876053215077605,0,0.4845618662179983,MEDIUM
722,618038,"Construction of Shopian Bypass on NH-444 taking off from existing chainage Km
36500 and re-joining at km 47588 of existing Chainage New Design Ch. From km
28000 to km 36925 as 2- lane with paved shoulder in the UT of Jammu & Kashmir on
EPC mode",MoRTH,Ministry of Road Transport & Highways,Roads & Highways,"Jammu and
Kashmir",03/2024,01/2026,01/2028,-,,224.44,224.44,0.0,3.0,2024-03-01,2026-01-01,2028-01-01,,,0.0,23.98160315374507,,0.0,,0.0,0.0,2024,74.81333333333333,0,0.0,LOW
723,618039,"Widening to 2 Lane from Existing Chainage Km 74.700 Km 100.660 Design Chainage
Km 53.365 to Km 78.785 on NH- 507 in the State of Uttarakhand",MoRTH,Ministry of Road Transport & Highways,Roads & Highways,Uttarakhand,01/2024,10/2025,04/2028,-,,346.82,346.82,0.0,31.75,2024-01-01,2025-10-01,2028-04-01,,,0.0,29.993429697766096,,0.0,,0.0,0.0,2024,10.923464566929134,0,0.0,LOW
724,618040,"Rehabilitation and Upgradation to Two lanes with Paved Shoulders configuration and
Strengthening from Km 175.00 to Km 196.00 Gumkhal to Satpuli of NH-119 New NH-
534 in the State of Uttarakhand under NHO Annual Plan 2021-22 under EPC mode",MoRTH,Ministry of Road Transport & Highways,Roads & Highways,Uttarakhand,03/2022,01/2025,01/2027,-,,452.81,452.81,0.0,42.0,2022-03-01,2025-01-01,2027-01-01,,,0.0,23.98160315374507,,0.0,,0.0,0.0,2022,10.781190476190476,0,0.0,LOW
725,618041,"Rehabilitation and upgrading to two lanes with paved shoulders and Strengthening of
Kotdwar-Pauri-Srinagar road section from Km 232.00 to 274.470 on NH-119 New 534
Paidul to Srinagar in the State of Uttarakhand on EPC Mode under NHO Annual Plan
2021-22",MoRTH,Ministry of Road Transport & Highways,Roads & Highways,Uttarakhand,02/2022,12/2025,12/2027,-,,299.31,299.31,0.0,2.0,2022-02-01,2025-12-01,2027-12-01,,,0.0,23.98160315374507,,0.0,,0.0,0.0,2022,149.655,0,0.0,LOW
726,618042,"Rehabilitation/ Upgradation of existing Highway to four lane standards in Kurkheda
town from km.413257 to km 410775, Two lane in Shankarpur Gurnuli km 42400 to km
43100 section and Reconstruction of Major Bridge at Ch. 448558 Bhuti Nallah and Ch.
411695 Sati River bridge, Minor Bridge at Ch. 411477 and Ch. 405800 Lendhari
Bridge of NH 543 Bhamhapuri-wadsa-kurkheda-korchi-Deori-Amgaon road on EPC
mode in the State of Maharashtra",MoRTH,Ministry of Road Transport & Highways,Roads & Highways,Maharashtra,03/2022,11/2023,05/2025,12/2026,,163.86,163.86,49.03,50.25,2022-03-01,2023-11-01,2025-05-01,2026-12-01,,0.0,17.969776609724047,36.990801576872535,19.021024967148488,,19.021024967148488,0.2992188453557915,2022,3.26089552238806,0,0.2992188453557915,LOW
727,618043,"Upgradation and reconstruction of Dindori - Mandla Section of NH 543 from Km 77100
Design to Km 170580 Design Total length 93.48km to Two lane with paved shoulder
configuration along with One time improvement in 04 nos of bypassed built-up areas in
a total length of 7.23 km in the state of Madhya Pradesh on EPC mode",MoRTH,Ministry of Road Transport & Highways,Roads & Highways,Madhya Pradesh,03/2022,01/2024,07/2026,09/2026,,492.12,523.71,0.0,88.0,2022-03-01,2024-01-01,2026-07-01,2026-09-01,,0.0641916605705926,29.96057818659658,31.99737187910644,2.036793692509857,,2.036793692509857,0.0,2022,5.592272727272728,0,0.0,LOW
728,618044,"Upgradation of Shahdol- Sagartola Section of NH 543 from km 0000 to km 69400 to 2
lane with paved shoulders under Hybrid Annuity Mode HAM in the State of Madhya
Pradesh",MoRTH,Ministry of Road Transport & Highways,Roads & Highways,Madhya Pradesh,02/2024,03/2026,03/2028,-,,851.4,851.4,0.0,0.0,2024-02-01,2026-03-01,2028-03-01,,,0.0,24.014454664914584,,0.0,,0.0,0.0,2024,851.4,0,0.0,LOW
729,618045,"Construction of Mihona bypass, Lahar bypass, Daboh bypass & Bhander Bypass
total length 20.60 km to 2-lane with paved shoulder from on Mihona-Bhander-
MP/UP border section of NH 552E in the State of Madhya Pradesh on EPC mode",MoRTH,Ministry of Road Transport & Highways,Roads & Highways,Madhya Pradesh,03/2022,06/2023,07/2025,,12/2024,179.18,179.18,74.89,100.0,2022-03-01,2023-06-01,2025-07-01,,2024-12-01,0.0,25.0,,0.0,18.035479632063073,-6.964520367936927,0.4179595937046545,2022,1.7918,0,0.4179595937046545,LOW
730,618046,"Rehabilitation & Up-gradation of Sabalkhed to Ashti Section from Km 37900 to Km
55100 & Chinchpur to Jamkhed Section from km 70000 to km 72922 of NH-561 to
Two lane with Paved shoulder/ Four lane configuration in the State of Maharashtra on
EPC Mode Length20.122km",MoRTH,Ministry of Road Transport & Highways,Roads & Highways,Maharashtra,03/2022,04/2023,09/2024,-,,213.33,213.33,0.0,95.88,2022-03-01,2023-04-01,2024-09-01,,,0.0,17.04993429697766,,0.0,,0.0,0.0,2022,2.224968710888611,0,0.0,LOW
731,618047,"Widening, Reconstruction & Up-gradation to 2 lane with Paved Shoulder/Four Lane
configuration for the work of Ahmednagar to Sabalkhed & Ashti to Chinchpur Section
of NH-561 from Design km 2915 to km 37728 & Design km 55100 to km 70000 in the
State of Maharashtra on EPC mode. Length 49.713 km",MoRTH,Ministry of Road Transport & Highways,Roads & Highways,Maharashtra,03/2024,05/2025,05/2027,05/2027,,657.16,657.16,0.0,88.56,2024-03-01,2025-05-01,2027-05-01,2027-05-01,,0.0,23.98160315374507,23.98160315374507,0.0,,0.0,0.0,2024,7.420505871725384,0,0.0,LOW
732,618049,"Up-gradation to 2/4 lane with paved shoulder configuration of NH-652 from Tuljapur
Naldurg-Akkalkot road Chainage from Km. 00.000 to km 30.982 in the State of
Maharashtra on EPC mode",MoRTH,Ministry of Road Transport & Highways,Roads & Highways,Maharashtra,03/2024,01/2025,07/2026,08/2026,,183.41,183.41,64.95,98.0,2024-03-01,2025-01-01,2026-07-01,2026-08-01,,0.0,17.936925098554532,18.95532194480946,1.0183968462549267,,1.0183968462549267,0.3541246387874162,2024,1.871530612244898,0,0.3541246387874162,LOW
733,618050,"Rehabilitation and Upgradation to 2-lane/Intermediate lane configuration of
Ashyari-Shri Kyari Section km 50.000 to km 75.000 of NH-707 in the state of
Himachal Pradesh under Green National Highways Corridor Project GNHCP
with the loan assistance of World Bank on EPC mode",MoRTH,Ministry of Road Transport & Highways,Roads & Highways,Himachal Pradesh,08/2020,09/2021,12/2025,,09/2023,345.89,359.56,232.82,100.0,2020-08-01,2021-09-01,2025-12-01,,2023-09-01,0.03952123507473479,50.98554533508541,,0.0,23.98160315374507,-27.003942181340342,0.6475136277672711,2020,3.4589,0,0.6731041660643557,LOW
734,618051,"Rehabilitation and Upgrading of NH-707 OLD 72-B Package - 2 Hewna to
Ashyari",MoRTH,Ministry of Road Transport & Highways,Roads & Highways,Himachal Pradesh,04/2020,03/2021,03/2023,12/2025,12/2025,242.8,220.95,145.49,100.0,2020-04-01,2021-03-01,2023-03-01,2025-12-01,2025-12-01,-0.08999176276771013,23.98160315374507,57.03022339027595,33.04862023653088,57.03022339027595,33.04862023653088,0.6584747680470695,2020,2.428,0,0.5992174629324547,MEDIUM
735,618052,"Gorantla - Hindupur section from Km 120/300 to 165/000 of NH716G in the State of
Andhra Pradesh",MoRTH,Ministry of Road Transport & Highways,Roads & Highways,Andhra Pradesh,10/2024,08/2025,08/2027,08/2027,,808.7,808.7,0.0,37.7,2024-10-01,2025-08-01,2027-08-01,2027-08-01,,0.0,23.98160315374507,23.98160315374507,0.0,,0.0,0.0,2024,21.450928381962864,0,0.0,LOW
736,618053,"Muddanur to B. Kothapalli section of NH-716G from Km. 0/000 to Km. 56/500 56.500
Km in the State of Andhra Pradesh on EPC mode Job no. 741",MoRTH,Ministry of Road Transport & Highways,Roads & Highways,Andhra Pradesh,10/2024,08/2025,08/2027,08/2027,,1019.97,1019.97,0.0,33.55,2024-10-01,2025-08-01,2027-08-01,2027-08-01,,0.0,23.98160315374507,23.98160315374507,0.0,,0.0,0.0,2024,30.401490312965727,1,0.0,LOW
737,618054,"Construction of Balrampur bypass with 2L flexible pavement configuration from
km.223.000 of NH-330 to km.328.300 of NH-730 under EPC mode",MoRTH,Ministry of Road Transport & Highways,Roads & Highways,Uttar Pradesh,12/2022,08/2024,02/2026,12/2026,,515.69,515.69,128.55,56.0,2022-12-01,2024-08-01,2026-02-01,2026-12-01,,0.0,18.035479632063073,27.989487516425754,9.954007884362682,,9.954007884362682,0.24927766681533478,2022,9.20875,0,0.24927766681533478,LOW
738,618055,"Construction of Pratapgarh Bypass Extension connecting NH-31 to NH-330 on EPC
mode in the State of Uttar Pradesh",MoRTH,Ministry of Road Transport & Highways,Roads & Highways,Uttar Pradesh,10/2022,01/2024,06/2025,09/2026,,225.17,225.17,66.96,78.0,2022-10-01,2024-01-01,2025-06-01,2026-09-01,,0.0,16.98423127463863,31.99737187910644,15.013140604467807,,15.013140604467807,0.297375316427588,2022,2.8867948717948715,0,0.297375316427588,LOW
739,618056,"Improvement and Up-gradation to two Lane with Paved Shoulder Configuration from
existing km. 420.00 Shohrathgarh to km. 454.00 Uska Bazar of NH-730 in the state of
Uttar Pradesh EPC basis",MoRTH,Ministry of Road Transport & Highways,Roads & Highways,Uttar Pradesh,01/2022,03/2024,09/2025,12/2026,,509.65,484.42,120.57,62.0,2022-01-01,2024-03-01,2025-09-01,2026-12-01,,-0.049504561954282274,18.035479632063073,33.01576872536137,14.980289093298296,,14.980289093298296,0.24889558647454685,2022,8.220161290322581,0,0.23657411949377022,LOW
740,618057,"Construction of Shohratgarh Bypass on NH-730 under EPC mode in the State of Uttar
Pradesh",MoRTH,Ministry of Road Transport & Highways,Roads & Highways,Uttar Pradesh,10/2022,11/2023,05/2025,12/2026,,189.31,189.31,31.42,54.0,2022-10-01,2023-11-01,2025-05-01,2026-12-01,,0.0,17.969776609724047,36.990801576872535,19.021024967148488,,19.021024967148488,0.1659711584174106,2022,3.5057407407407406,0,0.1659711584174106,LOW
741,618059,"Construction of four-lane Concrete Road from Police Headquarter Gondia City to
Rawanwadi Village Birsi Airport Junction from design km 0.000 to km 15.781 existing
km 39/720 of NH-753 to existing Km 8/400 of NH 543 on sections from Kohmara-
Goregaon- Police HeadquarterKaranja - Collector Office Square - Balaghat T Point-
Rawanwadi- Rajegaon of NH-753 and NH-543 in Gondia District in the state of
Maharashtra. Total Length of the project 15.781 Km",MoRTH,Ministry of Road Transport & Highways,Roads & Highways,Maharashtra,02/2023,02/2024,08/2025,10/2026,,328.11,328.11,111.48,34.15,2023-02-01,2024-02-01,2025-08-01,2026-10-01,,0.0,17.969776609724047,31.964520367936924,13.994743758212877,,13.994743758212877,0.33976410350187436,2023,9.607906295754027,0,0.33976410350187436,LOW
742,618060,"Widening and Strengthening of existing paveemnt to two lane with paved shoulders
from km 116.00 to km 176.355 of NH-75E in the State of Jharkhand on EPC mode",MoRTH,Ministry of Road Transport & Highways,Roads & Highways,Jharkhand,01/2022,01/2023,07/2024,10/2026,,315.21,315.21,162.16,89.0,2022-01-01,2023-01-01,2024-07-01,2026-10-01,,0.0,17.969776609724047,44.973718791064385,27.00394218134034,,27.00394218134034,0.5144506836712034,2022,3.541685393258427,0,0.5144506836712034,MEDIUM
743,618061,"Strengthening, Widening & Up-gradation of newly declared NH-761 from NH-
61Junction-BelheAlkutiDevibhoyareNighojShirur, from Design chainage Km 0.000 to
Km 37.970 from Single/Intermediate/2L to 2LPS in the State of Maharashtra on EPC
Mode Length 37.970 Km",MoRTH,Ministry of Road Transport & Highways,Roads & Highways,Maharashtra,03/2024,03/2025,09/2026,09/2026,,386.16,386.16,57.23,62.5,2024-03-01,2025-03-01,2026-09-01,2026-09-01,,0.0,18.035479632063073,18.035479632063073,0.0,,0.0,0.1482028174849803,2024,6.17856,0,0.1482028174849803,LOW
744,618062,"Dornala to Kunta Junction from Design Chainage Km 244000 to 267990 section of
NH-765 Package-2",MoRTH,Ministry of Road Transport & Highways,Roads & Highways,Andhra Pradesh,12/2022,03/2024,09/2025,01/2026,,244.83,244.83,0.0,99.64,2022-12-01,2024-03-01,2025-09-01,2026-01-01,,0.0,18.035479632063073,22.043363994743757,4.007884362680684,,4.007884362680684,0.0,2022,2.457145724608591,0,0.0,LOW
745,618063,"Widening & Strenghteningof section from Bharthana chowk to Kodarkoot km.0.00 to
km.40.00 of NH-91-A on EPC mode",MoRTH,Ministry of Road Transport & Highways,Roads & Highways,Uttar Pradesh,03/2020,03/2023,09/2024,12/2026,,262.37,343.77,115.38,94.0,2020-03-01,2023-03-01,2024-09-01,2026-12-01,,0.31024888516217547,18.068331143232587,45.039421813403415,26.971090670170828,,26.971090670170828,0.33563138144689764,2020,2.7911702127659574,0,0.4397606433662385,MEDIUM-HIGH
746,618064,"Up-gradation of NH-930 Sherpar to Kohka from Km.67880 to Km.114860 to 2LPS
in Chhattisgarh under EPC mode",MoRTH,Ministry of Road Transport & Highways,Roads & Highways,Chhattisgarh,03/2020,05/2022,12/2025,,05/2024,278.97,278.97,210.82,100.0,2020-03-01,2022-05-01,2025-12-01,,2024-05-01,0.0,43.03547963206307,,0.0,24.014454664914584,-19.021024967148488,0.7557084991217693,2020,2.7897000000000003,0,0.7557084991217693,LOW
747,618065,"Rehabilitation/Upgradation of existing Highway to 2LPS/4 lane of Dhawali to Rajoli
from Design Km.149476 to 163476 existing Km.150000 to 164000, Pandhasala to
Mohadongri from design Km.170476 to 181476 existing Km.171000 to 182000,
Ambeshivni Fata to Bodli from design Km.183476 to 185476 existing Km.184000 to
186000 and Made Tukum to Gadchiroli from design Km.188476 to 189476 existing
Km.188000 to 18900 having length 28 km of NH-930 of Dhawali to Gadchroli road in
the",MoRTH,Ministry of Road Transport & Highways,Roads & Highways,Maharashtra,03/2022,03/2024,09/2025,03/2027,,316.44,316.44,49.78,37.2,2022-03-01,2024-03-01,2025-09-01,2027-03-01,,0.0,18.035479632063073,35.972404730617605,17.936925098554532,,17.936925098554532,0.15731260270509417,2022,8.506451612903225,0,0.15731260270509417,LOW
748,618066,"Construction of Amethi bypass Part-II at km.30.050 of NH-931 under EPC mode in the
state of Uttar Pradesh",MoRTH,Ministry of Road Transport & Highways,Roads & Highways,Uttar Pradesh,12/2022,02/2025,02/2027,02/2027,,283.86,283.86,38.69,48.0,2022-12-01,2025-02-01,2027-02-01,2027-02-01,,0.0,23.98160315374507,23.98160315374507,0.0,,0.0,0.13629958430212075,2022,5.91375,0,0.13629958430212075,LOW
749,618067,"Rehabilitation & Up-gradation from design Km. 0.000 to Km. 69.280 of NH-931
Pratapgarh - Amethi - Gauriganj -Musafirkhana to two lane with paved shoulder on
Engineering, Procurement & Construction EpC mode in the State of Uttar Pradesh",MoRTH,Ministry of Road Transport & Highways,Roads & Highways,Uttar Pradesh,05/2023,11/2025,11/2027,11/2027,,1086.3,1086.3,24.29,9.32,2023-05-01,2025-11-01,2027-11-01,2027-11-01,,0.0,23.98160315374507,23.98160315374507,0.0,,0.0,0.022360305624597256,2023,116.5557939914163,1,0.022360305624597256,LOW
750,618068,"Construction of Kaithi-Padaria Kala bypass, Patna-Tamoli bypass, Jaso bypass and
Nagod bypass total length 15.44 Km to 2-lane with paved shoulders flexible
pavement on NH-943 in the State of Madhya Pradesh on EPC Mode",MoRTH,Ministry of Road Transport & Highways,Roads & Highways,Madhya Pradesh,03/2022,10/2023,10/2025,12/2026,,158.36,158.36,36.36,62.8,2022-03-01,2023-10-01,2025-10-01,2026-12-01,,0.0,24.014454664914584,38.009198423127465,13.99474375821288,,13.99474375821288,0.2296034352109118,2022,2.5216560509554142,0,0.2296034352109118,LOW
751,618069,"Upgradation to Two-lane with paved shoulder of Hanumangarh to Kenchiyan section
from Km 0.000existing chainage-Km 23.200 to Km 49.605existing chainage-Km
74.645 of NH-54 in the State of Rajasthan on EPC mode",MoRTH,Ministry of Road Transport & Highways,Roads & Highways,Rajasthan,03/2022,10/2024,10/2026,10/2026,,334.64,334.64,0.0,72.0,2022-03-01,2024-10-01,2026-10-01,2026-10-01,,0.0,23.98160315374507,23.98160315374507,0.0,,0.0,0.0,2022,4.647777777777778,0,0.0,LOW
752,618070,"Widening to 2 Lanes with paved shoulders from Km.87/000 to 133/720 Nattukal to
Thanau Jn. in Palakkad of NH-966 Old NH-213 on EPC mode Basis under NHO
Annual Plan 2016-17 in the state of Kerala",MoRTH,Ministry of Road Transport & Highways,Roads & Highways,Kerala,02/2017,08/2017,08/2019,06/2026,,294.28,315.63,0.0,98.0,2017-02-01,2017-08-01,2019-08-01,2026-06-01,,0.07254995242626079,23.98160315374507,105.97897503285151,81.99737187910644,,81.99737187910644,0.0,2017,3.0028571428571427,0,0.0,MEDIUM
753,618071,"Construction of two lane with paved shoulder Gangtok Bypass Road from
Ranipool to Burtuk Ch 0.00 Km to 23.316 L23.316 Km in the State of Sikkim",MoRTH,Ministry of Road Transport & Highways,Roads & Highways,Sikkim,10/2021,05/2022,05/2024,12/2026,,385.15,342.89,203.36,92.0,2021-10-01,2022-05-01,2024-05-01,2026-12-01,,-0.1097234843567441,24.014454664914584,55.02628120893561,31.011826544021023,,31.011826544021023,0.59307649683572,2021,4.186413043478261,0,0.5280020771128132,MEDIUM
754,618072,"Widening to Existing single lane /intermediate lane to 2 lane from Km185.00 to
Km 220.00 of NH-61 New NH-02 in the state of Nagaland",MoRTH,Ministry of Road Transport & Highways,Roads & Highways,Nagaland,03/2021,07/2022,07/2024,03/2026,,297.25,297.25,155.15,100.0,2021-03-01,2022-07-01,2024-07-01,2026-03-01,,0.0,24.014454664914584,43.98817345597897,19.97371879106439,,19.97371879106439,0.5219512195121951,2021,2.9725,0,0.5219512195121951,LOW
755,618073,"Improvement to Two lane with Paved Shoulder from Junction of NH22 near Hajipur to
Junction of NH -122 at Bachhwara via Mahnar and Mohiuddin Nagar from Km 0.00 to
Km 29.730 of NH 122 B in the State of Bihar",MoRTH,Ministry of Road Transport & Highways,Roads & Highways,Bihar,02/2024,08/2024,02/2026,02/2027,,226.16,226.16,0.0,61.0,2024-02-01,2024-08-01,2026-02-01,2027-02-01,,0.0,18.035479632063073,30.02628120893561,11.990801576872538,,11.990801576872538,0.0,2024,3.7075409836065574,0,0.0,LOW
756,618074,"Pre construction activity of NH 122B from km 0 to 72.348 and Improvement to two
lane with paved shoulders of NH 122B from km 29.730 to km 72.348 in state of Bihar
under EPC mode",MoRTH,Ministry of Road Transport & Highways,Roads & Highways,Bihar,02/2022,05/2023,08/2026,08/2026,,624.43,624.43,154.25,96.0,2022-02-01,2023-05-01,2026-08-01,2026-08-01,,0.0,39.02759526938239,39.02759526938239,0.0,,0.0,0.24702528706180038,2022,6.504479166666666,0,0.24702528706180038,LOW
757,618075,"Construction of two lane with paved shoulder from existing Km.0.000 to Km.55.610
design km. 0.000 to km. 54.048 of NH-124D",MoRTH,Ministry of Road Transport & Highways,Roads & Highways,Uttar Pradesh,12/2021,02/2024,02/2026,03/2027,,840.93,773.58,210.11,77.0,2021-12-01,2024-02-01,2026-02-01,2027-03-01,,-0.08008990046733963,24.014454664914584,36.925098554533506,12.910643889618921,,12.910643889618921,0.2716073321440575,2021,10.921168831168831,0,0.24985432794644027,LOW
758,618076,"Improvement and Widening two lannig with paved Shoulder of NH 127B from km
31.500 Goeragre to km 63.224 Package-II in state of Meghalaya",MoRTH,Ministry of Road Transport & Highways,Roads & Highways,Meghalaya,12/2023,05/2025,05/2027,-,,504.0,350.67,0.0,4.5,2023-12-01,2025-05-01,2027-05-01,,,-0.30422619047619043,23.98160315374507,,0.0,,0.0,0.0,2023,112.0,0,0.0,LOW
759,618078,"Up-gradation of NH-130C Abhanpur to Paund from NH Km. 0000 to KM 40380 to
two lane with paved shoulders in the State of Chhattisgarh on EPC mode",MoRTH,Ministry of Road Transport & Highways,Roads & Highways,Chhattisgarh,12/2020,03/2022,08/2025,,09/2023,193.16,193.16,116.5,100.0,2020-12-01,2022-03-01,2025-08-01,,2023-09-01,0.0,41.03153745072273,,0.0,18.035479632063073,-22.996057818659658,0.6031269413957341,2020,1.9316,0,0.6031269413957341,LOW
760,618079,"Construction of Dharmagarh Bypass on NH-130C including land acquisition in the
state of Odisha on EPC Mode under Annual plan 2022-23",MoRTH,Ministry of Road Transport & Highways,Roads & Highways,Odisha,03/2023,04/2025,10/2026,10/2026,,172.66,172.66,0.0,15.0,2023-03-01,2025-04-01,2026-10-01,2026-10-01,,0.0,18.00262812089356,18.00262812089356,0.0,,0.0,0.0,2023,11.510666666666667,0,0.0,LOW
761,618080,"Improvement to two lane with paved shoulders of BH WB Border Amdabad Manihari
section from design Km 0.000 to Km 23.945 of NH 131 A Total length 23.945 Km
under EPC mode in the state of Bihar",MoRTH,Ministry of Road Transport & Highways,Roads & Highways,Bihar,01/2022,05/2025,11/2026,06/2027,,353.27,353.27,0.0,7.5,2022-01-01,2025-05-01,2026-11-01,2027-06-01,,0.0,18.035479632063073,25.0,6.964520367936927,,6.964520367936927,0.0,2022,47.102666666666664,0,0.0,LOW
762,618081,"Construction of Mariahu Bypass with four lane paved shoulder configuration Km.
53.540 to Km.59.200 of NH-135A on EPC mode in the state of Uttar Pradesh",MoRTH,Ministry of Road Transport & Highways,Roads & Highways,Uttar Pradesh,03/2023,02/2024,02/2026,12/2026,,438.24,362.39,81.45,55.0,2023-03-01,2024-02-01,2026-02-01,2026-12-01,,-0.17307867834976273,24.014454664914584,33.96846254927726,9.954007884362678,,9.954007884362678,0.22475785755677585,2023,7.968,0,0.18585706462212487,LOW
763,618082,"Widening & Upgradation to four lane configuration from Km.34.900 Bhadohi to
km.73.134 Jaunpur of NH-135A on EPC mode",MoRTH,Ministry of Road Transport & Highways,Roads & Highways,Uttar Pradesh,03/2021,11/2022,05/2024,09/2026,,395.62,392.03,0.0,95.0,2021-03-01,2022-11-01,2024-05-01,2026-09-01,,-0.009074364288964238,17.969776609724047,45.992115637319316,28.02233902759527,,28.02233902759527,0.0,2021,4.164421052631579,0,0.0,MEDIUM
764,618083,"Construction of byepass around Lohardaga town of NH-143A in the Sate of Jharkhand
under EPC mode",MoRTH,Ministry of Road Transport & Highways,Roads & Highways,Jharkhand,02/2022,01/2024,01/2026,09/2026,,458.78,458.78,2.32,5.0,2022-02-01,2024-01-01,2026-01-01,2026-09-01,,0.0,24.014454664914584,31.99737187910644,7.982917214191854,,7.982917214191854,0.005056890012642225,2022,91.756,0,0.005056890012642225,LOW
765,618084,"Widening to 2-lane with paved shoulder from km 0.00 to 44.00 Kuru-Ghaghra section
of NH-143A including re-construction of culverts and bridges",MoRTH,Ministry of Road Transport & Highways,Roads & Highways,Jharkhand,02/2020,08/2021,08/2023,10/2026,,153.01,133.67,100.77,95.0,2020-02-01,2021-08-01,2023-08-01,2026-10-01,,-0.12639696751846288,23.98160315374507,61.990801576872535,38.009198423127465,,38.009198423127465,0.7538714745268198,2020,1.6106315789473684,0,0.6585844062479577,MEDIUM
766,618085,"Upgradation of Nasrullagani-Rehti-Budhni Scction to 2-lane with paved shoulder from
Km 0150 to Km 50500 of NH-146B in the state of Madhya Pradesh on EPC mode",MoRTH,Ministry of Road Transport & Highways,Roads & Highways,Madhya Pradesh,12/2021,04/2023,10/2024,10/2026,,305.12,293.74,0.0,92.33,2021-12-01,2023-04-01,2024-10-01,2026-10-01,,-0.03729680125852122,18.035479632063073,42.01708278580814,23.98160315374507,,23.98160315374507,0.0,2021,3.304668038557349,0,0.0,LOW
767,618086,"Widening to Two Lane with Paved Shoulders from KB Cross to Chunchanahalli ie.,
Design Ch. 485240 Km Existing Km 494.000 to Design Ch. 523393 Km Existing
km 533.152 & From Design Ch. 530393 Existing Km 540.175 to Design Ch.
534476 Existing Km 544.200 at Nelligere of NH-150A on EPC mode under Annual
Plan 2022-23 NH-150A-KNT-2022-23-977 dated 08.03.2023",MoRTH,Ministry of Road Transport & Highways,Roads & Highways,Karnataka,03/2023,07/2025,01/2027,01/2027,,617.28,617.28,8.03,48.5,2023-03-01,2025-07-01,2027-01-01,2027-01-01,,0.0,18.035479632063073,18.035479632063073,0.0,,0.0,0.013008683255572836,2023,12.72742268041237,0,0.013008683255572836,LOW
768,618087,"Widening to intermediate/two lane to 2 lane with paved shoulder from Existing
chanages Km 112.750 to 142.00 Liingasur to Mudabal cross & from Km. 147.070 to
Km. 149.070 Maski city limit of Jewargi Chamrajnagar setion of NH-150A in the state
of Karnataka on EPC mode. Job No. NH-150A-KNT-2021-22-951",MoRTH,Ministry of Road Transport & Highways,Roads & Highways,Karnataka,03/2022,01/2023,07/2024,08/2026,,255.88,255.88,185.27,96.0,2022-03-01,2023-01-01,2024-07-01,2026-08-01,,0.0,17.969776609724047,42.96977660972404,24.999999999999996,,24.999999999999996,0.7240503360950447,2022,2.6654166666666668,0,0.7240503360950447,MEDIUM
769,618088,Nandurshingote to Kolhar,MoRTH,Ministry of Road Transport & Highways,Roads & Highways,Maharashtra,09/2024,06/2025,12/2026,12/2026,,325.79,325.79,32.41,41.93,2024-09-01,2025-06-01,2026-12-01,2026-12-01,,0.0,18.00262812089356,18.00262812089356,0.0,,0.0,0.09948126093495809,2024,7.769854519437158,0,0.09948126093495809,LOW
770,618089,"Rehabilitation & Up-gradation of Mudkhed to Nanded section from Km. 372000 to Km
388400 of NH 161A i.e. Nanded-Bhokar-Himayatnagar-Kinwat-Mahur-Arani Road
Design chainage from Km 372000 Mudkhed to Km 387650 Nanded of NH 161A
Length 15.65 Km to 2/4Lane with paved shoulders configuration in the State of
Maharashtra on EPC mode",MoRTH,Ministry of Road Transport & Highways,Roads & Highways,Maharashtra,03/2022,04/2023,04/2025,10/2026,,206.54,206.54,74.51,65.14,2022-03-01,2023-04-01,2025-04-01,2026-10-01,,0.0,24.014454664914584,42.01708278580814,18.002628120893558,,18.002628120893558,0.36075336496562416,2022,3.170709241633405,0,0.36075336496562416,LOW
771,618090,Sarsam - Kothari of NH-161A - 2L PS from Km.33/00 to 90/00,MoRTH,Ministry of Road Transport & Highways,Roads & Highways,Maharashtra,02/2017,06/2017,06/2019,11/2025,,545.64,545.64,0.0,97.25,2017-02-01,2017-06-01,2019-06-01,2025-11-01,,0.0,23.98160315374507,101.01839684625493,77.03679369250986,,77.03679369250986,0.0,2017,5.610694087403599,0,0.0,MEDIUM
772,618091,"Widening to two lane with paved shoulders from Km 0/000 to Km 45/946 of Nizampet-
Narayankhed-bidar section of NH-161B in the state of Telangana under Annual Plan
2021-22 on EPC mode under NHO",MoRTH,Ministry of Road Transport & Highways,Roads & Highways,Telangana,03/2022,02/2024,02/2026,03/2027,,512.98,512.98,152.49,46.0,2022-03-01,2024-02-01,2026-02-01,2027-03-01,,0.0,24.014454664914584,36.925098554533506,12.910643889618921,,12.910643889618921,0.2972630511910796,2022,11.151739130434782,0,0.2972630511910796,LOW
773,618092,"Up-gradation to 2 lane with paved shoulder from Neechli Oden Nathdwara at Design
Km 88.800 existing km 55.95 to Bhatewar at Design Km 142.028 existing km 0.00 of
NH-162E in the State of Rajasthan on EPC mode",MoRTH,Ministry of Road Transport & Highways,Roads & Highways,Rajasthan,02/2023,10/2024,10/2026,10/2026,,606.61,606.61,304.62,63.52,2023-02-01,2024-10-01,2026-10-01,2026-10-01,,0.0,23.98160315374507,23.98160315374507,0.0,,0.0,0.5021677849029854,2023,9.549905541561712,0,0.5021677849029854,LOW
774,618093,"Up-gradation to 2 lane with Paved shoulder from Charbhuja at Design km 0.00
existing km 150.00 to Neechli Oden Nathdwara at Design ch. Km 88.800 existing
km 55.950 of NH-162E on EPC mode",MoRTH,Ministry of Road Transport & Highways,Roads & Highways,Rajasthan,02/2022,09/2023,04/2025,,09/2025,838.43,838.43,43.9,100.0,2022-02-01,2023-09-01,2025-04-01,,2025-09-01,0.0,18.988173455978973,,0.0,24.014454664914584,5.026281208935611,0.052359767660985414,2022,8.3843,0,0.052359767660985414,LOW
775,618094,Pen to Khopoli 2LPS,MoRTH,Ministry of Road Transport & Highways,Roads & Highways,Maharashtra,03/2018,06/2018,12/2019,12/2025,,369.39,369.39,333.1,86.3,2018-03-01,2018-06-01,2019-12-01,2025-12-01,,0.0,18.00262812089356,90.01314060446781,72.01051248357425,,72.01051248357425,0.9017569506483664,2018,4.280301274623406,0,0.9017569506483664,MEDIUM
776,618095,"Widening to Two Lane with Paved Shoulders from Km 0.00 Design Chainage 0.00 to
Km 23.338 Design Chainage 23310 of NH-166E MH/KNT Border- Kanamadi- Bijjargi-
Tikota section in the state of Karnataka in EPC Mode under Annual plan 2022-23 NH-
166E-KNT-2022-23-974",MoRTH,Ministry of Road Transport & Highways,Roads & Highways,Karnataka,02/2023,09/2024,03/2026,03/2027,,196.05,196.05,72.94,75.0,2023-02-01,2024-09-01,2026-03-01,2027-03-01,,0.0,17.936925098554532,29.927726675427067,11.990801576872535,,11.990801576872535,0.37204794695230803,2023,2.6140000000000003,0,0.37204794695230803,LOW
777,618096,"Rehabilitation and Up-gradation to 2 lane road with paved shoulders configuration for
the balance work of 13 km length on Helwak-Patan-Karad section Km. 85000 to 133
417 of NH-166E in the state of Maharashtra on EPC mode",MoRTH,Ministry of Road Transport & Highways,Roads & Highways,Maharashtra,02/2024,10/2024,04/2026,12/2026,,181.45,181.45,60.25,87.0,2024-02-01,2024-10-01,2026-04-01,2026-12-01,,0.0,17.969776609724047,25.985545335085412,8.015768725361365,,8.015768725361365,0.3320473959768531,2024,2.085632183908046,0,0.3320473959768531,LOW
778,618097,"Guhagar - Rampur - 2L-PS - km 0/00 Guhagar to 26/230 Rampur and 40/00 Mirjoli to
53/600 Sati on NH-166E",MoRTH,Ministry of Road Transport & Highways,Roads & Highways,Maharashtra,01/2017,06/2017,06/2019,08/2025,,407.2,407.2,0.0,91.89,2017-01-01,2017-06-01,2019-06-01,2025-08-01,,0.0,23.98160315374507,97.99605781865965,74.01445466491458,,74.01445466491458,0.0,2017,4.4313853520513655,0,0.0,MEDIUM
779,618098,"Upgradation of exhisting 2 lane flexible pavement to 2 lane paved shoulders rigid
pavement from design chainage Km 66.00 to Design Km 82.440 Start of Kolhapur
Municipal corporation near Phulewadi to kale, design length 16.440 Km section on
Talere Gaganbawada-Kolhapur road NH 166G in the state of Maharashtra on EPC
mode",MoRTH,Ministry of Road Transport & Highways,Roads & Highways,Maharashtra,03/2021,11/2022,05/2024,08/2026,,167.97,167.97,0.0,93.75,2021-03-01,2022-11-01,2024-05-01,2026-08-01,,0.0,17.969776609724047,44.973718791064385,27.00394218134034,,27.00394218134034,0.0,2021,1.79168,0,0.0,MEDIUM
780,618099,"Rehabilitation & up-gradation for Talere Gaganbawada - kolhapur Road NH
166G stretch start from km. 0/00 to Km. 06/00 and km. 13/00 to km 19/440 of
NH-166G, length 12.440 km in the State of Maharashtra",MoRTH,Ministry of Road Transport & Highways,Roads & Highways,Maharashtra,03/2024,10/2024,10/2025,,04/2026,164.13,164.13,115.51,100.0,2024-03-01,2024-10-01,2025-10-01,,2026-04-01,0.0,11.990801576872535,,0.0,17.969776609724047,5.978975032851512,0.7037714007189424,2024,1.6413,0,0.7037714007189424,LOW
781,618101,"Kondamodu to Perecherla Section Design Ch. Km 000 to Km 49917 of NH-167AG to
to 4LPS",MoRTH,Ministry of Road Transport & Highways,Roads & Highways,Andhra Pradesh,10/2024,04/2025,04/2027,04/2027,,881.61,881.61,0.0,37.95,2024-10-01,2025-04-01,2027-04-01,2027-04-01,,0.0,23.98160315374507,23.98160315374507,0.0,,0.0,0.0,2024,23.23083003952569,0,0.0,LOW
782,618103,"Rehabilitation and upgradation from Km 22300 to 58635 of MudireddyPalle to
Kadapa/Nellore Border via porumamilla Section of NH 167 Two Lane with paved
Shoulder in",MoRTH,Ministry of Road Transport & Highways,Roads & Highways,Andhra Pradesh,03/2022,10/2024,04/2026,07/2026,,279.29,279.29,168.7,90.33,2022-03-01,2024-10-01,2026-04-01,2026-07-01,,0.0,17.969776609724047,20.9592641261498,2.989487516425754,,2.989487516425754,0.6040316516882093,2022,3.091885309421012,0,0.6040316516882093,LOW
783,618104,"Widening to two lane with paved shoulders from Km 0/000 to Km 79/300 of
Kalwakurthy - Kollapur section of NH-167K in the state of Telangana under annual
plan 2021-22 on EPC mode under NHO",MoRTH,Ministry of Road Transport & Highways,Roads & Highways,Telangana,03/2022,07/2023,07/2025,08/2026,,886.69,886.69,620.25,90.05,2022-03-01,2023-07-01,2025-07-01,2026-08-01,,0.0,24.014454664914584,37.023653088042046,13.009198423127462,,13.009198423127462,0.699511666986207,2022,9.846640755136036,0,0.699511666986207,LOW
784,618105,"Widening and strengthening to 4 lane / 2-lane with paved shoulders of Mahabubnagar
- Chincholi section from km 60/255 to Km 102/834 of NH-167N in the State of
Telangana on EPC mode",MoRTH,Ministry of Road Transport & Highways,Roads & Highways,Telangana,03/2022,10/2023,10/2025,11/2026,,631.49,631.49,125.34,46.63,2022-03-01,2023-10-01,2025-10-01,2026-11-01,,0.0,24.014454664914584,37.023653088042046,13.009198423127462,,13.009198423127462,0.19848295301588306,2022,13.542569161484023,0,0.19848295301588306,LOW
785,618106,"Widening and Strengthening to 2/4 lane with paved shoulders of Mahabubnagar
Chincholi section from Km 0/0 to Km 60/255 of NH-167N in the state of Telangana
under Annual plan 2021-22 on EPC modepackage-I under NHO Job No.167N-TS-
2021-22-75",MoRTH,Ministry of Road Transport & Highways,Roads & Highways,Telangana,01/2022,05/2026,11/2027,03/2026,,703.68,703.68,304.65,90.69,2022-01-01,2026-05-01,2027-11-01,2026-03-01,,0.0,18.035479632063073,-2.0039421813403417,-20.039421813403415,,-20.039421813403415,0.4329382673942701,2022,7.759179622891168,0,0.4329382673942701,LOW
786,618107,"Upgradation of Mehsana-Visnagar-vadnagar-Kheralu-Idar section from km 0/00 to
81/300 of NH 168G Mehsana to Idar in the State of GujaratTotal Length 81.300 Km on
Hybrid Annuity Mode HAM",MoRTH,Ministry of Road Transport & Highways,Roads & Highways,Gujarat,02/2024,12/2025,06/2028,06/2028,,1155.21,1155.21,421.58,23.0,2024-02-01,2025-12-01,2028-06-01,2028-06-01,,0.0,29.993429697766096,29.993429697766096,0.0,,0.0,0.364937976644939,2024,50.22652173913043,1,0.364937976644939,LOW
787,618108,"Up-gradation and strengthening to 2lanePS from Km 95/500 to km 129/775 of Nh
168G Idar-Bhiloda-Samlaji in the state of Gujarat Length 34.275 km",MoRTH,Ministry of Road Transport & Highways,Roads & Highways,Gujarat,09/2022,12/2023,12/2025,12/2026,,237.28,237.28,41.55,64.5,2022-09-01,2023-12-01,2025-12-01,2026-12-01,,0.0,24.014454664914584,36.00525624178712,11.990801576872538,,11.990801576872538,0.1751095751854349,2022,3.678759689922481,0,0.1751095751854349,LOW
788,618109,"Widening to 4 lane from Km 51.60 to 76.20 Hebri to Parkala and from Km 85.20 to
88.90 Karavali junction to Malpe of Thirthahalli-Udupi-Malpe Section of NH-169A in
the State of Karnataka on EPC Mode under Annual plan 2021-22 Job No. NH-169A-
KNT-2021-22-927",MoRTH,Ministry of Road Transport & Highways,Roads & Highways,Karnataka,01/2022,12/2022,12/2024,11/2026,,355.72,355.72,217.46,88.33,2022-01-01,2022-12-01,2024-12-01,2026-11-01,,0.0,24.014454664914584,47.010512483574246,22.99605781865966,,22.99605781865966,0.6113235128752952,2022,4.027170836635345,0,0.6113235128752952,LOW
789,618110,"Improvement and upgradation to two lane with Paved Shoulder configuration
from existing km 55.00 to km 90.00 Design length 34.76 of NH-227A near
Chhapia Village to near Sikriganj in the State of UP on EPC Mode",MoRTH,Ministry of Road Transport & Highways,Roads & Highways,Uttar Pradesh,11/2021,11/2022,05/2025,,05/2024,307.11,307.11,136.8,100.0,2021-11-01,2022-11-01,2025-05-01,,2024-05-01,0.0,29.96057818659658,,0.0,17.969776609724047,-11.990801576872535,0.44544300087916383,2021,3.0711,0,0.44544300087916383,LOW
790,618111,"Improvement and upgradation to two lane with paved shoulder configuration from
existing km 90.00 to 130.00 Design length 39.15 of NH-227A near Sikriganj to
Barhalganj in the State of UP on EPC Mode",MoRTH,Ministry of Road Transport & Highways,Roads & Highways,Uttar Pradesh,08/2021,12/2023,06/2025,08/2026,,403.36,345.34,142.17,96.0,2021-08-01,2023-12-01,2025-06-01,2026-08-01,,-0.14384172947243168,18.00262812089356,31.99737187910644,13.994743758212877,,13.994743758212877,0.41168124167487113,2021,4.201666666666667,0,0.3524642998809996,LOW
791,618112,"Improvement and up-gradation of NH-227B 84 Kosi Parikrama Marg Package I, from
km 228.920 Jagarnathpur to Km 235.960/0.000 MakhaudaDham to Km 29.000 Sarpur
in the State of Uttar Pradesh on EPC basis",MoRTH,Ministry of Road Transport & Highways,Roads & Highways,Uttar Pradesh,03/2022,05/2025,11/2026,05/2027,,912.5,912.5,8.72,8.0,2022-03-01,2025-05-01,2026-11-01,2027-05-01,,0.0,18.035479632063073,23.98160315374507,5.946123521681997,,5.946123521681997,0.009556164383561645,2022,114.0625,0,0.009556164383561645,LOW
792,618113,"Improvement and up-gradation of NH-227B 84 Kosi Parikrama Marg Package III, from
Km.47.800 Gosaiganj to Km.73.300 Bikapur in the State of Uttar Pradesh on EPC
basis",MoRTH,Ministry of Road Transport & Highways,Roads & Highways,Uttar Pradesh,03/2022,05/2025,11/2026,05/2027,,587.97,587.97,80.16,50.72,2022-03-01,2025-05-01,2026-11-01,2027-05-01,,0.0,18.035479632063073,23.98160315374507,5.946123521681997,,5.946123521681997,0.13633348640236745,2022,11.592468454258675,0,0.13633348640236745,LOW
793,618114,"Improvement and up-gradation of NH-227B 84 Kosi Parikrama Marg PackageV, from
Design Km.140.960 Patranga to Km.160.200 Bahuvan Madar Majha on EPC mode in
the State of Uttar Pradesh",MoRTH,Ministry of Road Transport & Highways,Roads & Highways,Uttar Pradesh,03/2023,02/2026,08/2028,08/2028,,1192.33,1192.33,0.0,4.0,2023-03-01,2026-02-01,2028-08-01,2028-08-01,,0.0,29.96057818659658,29.96057818659658,0.0,,0.0,0.0,2023,298.0825,1,0.0,LOW
794,618116,"lmprovement and Up-gradation from Km. 73.300 Bikapur to Km.140.960 Patranga of
NH-227B 84 Kosi Parikrama Marg to 2LPS along with Parikrama Path",MoRTH,Ministry of Road Transport & Highways,Roads & Highways,Uttar Pradesh,11/2022,01/2026,01/2028,01/2028,,1679.75,1679.75,172.89,40.45,2022-11-01,2026-01-01,2028-01-01,2028-01-01,,0.0,23.98160315374507,23.98160315374507,0.0,,0.0,0.10292603065932429,2022,41.5265760197775,1,0.10292603065932429,LOW
795,618117,"Upgradation to 2-Lane with Paved Shoulder from Design Km 36300 to Design
Chainage 47918 and from Design Ch 69900 to Design Ch 83940 of NH-248A Natni Ka
Bara in the State of Rajasthan on EPC Mode",MoRTH,Ministry of Road Transport & Highways,Roads & Highways,Rajasthan,02/2024,11/2024,05/2026,08/2026,,154.89,154.89,15.13,23.0,2024-02-01,2024-11-01,2026-05-01,2026-08-01,,0.0,17.936925098554532,20.9592641261498,3.022339027595269,,3.022339027595269,0.09768222609593907,2024,6.734347826086956,0,0.09768222609593907,LOW
796,618118,"Upgradation of two lane paved shoulder from Shahpura existing km. 0.00
Design Ch. 000 to Thanagazi existing Km.37352 Design Ch. 36810 of NH-
248A on EPC mode in the State of Rajasthan",MoRTH,Ministry of Road Transport & Highways,Roads & Highways,Rajasthan,03/2022,02/2023,07/2025,,07/2024,174.34,174.34,100.48,100.0,2022-03-01,2023-02-01,2025-07-01,,2024-07-01,0.0,28.942181340341655,,0.0,16.95137976346912,-11.990801576872535,0.5763450728461627,2022,1.7434,0,0.5763450728461627,LOW
797,618119,"Rehabilitation and up-gradation to 2-lane configuration of Bageshwar to Kangarchina
road from km 129.600 to Km 161.600 Existing Chainage 136.00 to Km 169.00 of NH-
309Ain the State of Uttarakhand Package-IV under NHO Annual Plan 2021-22",MoRTH,Ministry of Road Transport & Highways,Roads & Highways,Uttarakhand,03/2022,08/2024,02/2027,-,,472.23,472.23,0.0,67.0,2022-03-01,2024-08-01,2027-02-01,,,0.0,30.02628120893561,,0.0,,0.0,0.0,2022,7.048208955223881,0,0.0,LOW
798,618120,"construction of Four-Lane of chausa-Buxar Bypass from Km 45.000 to Km 65.915
Package - 2 in the State of Bihar on EPC Mode",MoRTH,Ministry of Road Transport & Highways,Roads & Highways,Bihar,09/2022,01/2026,01/2028,01/2028,,1060.16,1060.16,0.22,4.0,2022-09-01,2026-01-01,2028-01-01,2028-01-01,,0.0,23.98160315374507,23.98160315374507,0.0,,0.0,0.00020751584666465437,2022,265.04,1,0.00020751584666465437,LOW
799,618121,"Improvement to two lane with paved shoulders of NH-319A from km 0 to km 45 in
state of Bihar under EPC mode",MoRTH,Ministry of Road Transport & Highways,Roads & Highways,Bihar,02/2022,06/2023,12/2024,11/2026,,427.29,427.29,198.23,93.0,2022-02-01,2023-06-01,2024-12-01,2026-11-01,,0.0,18.035479632063073,41.03153745072273,22.996057818659658,,22.996057818659658,0.46392379882515383,2022,4.594516129032258,0,0.46392379882515383,LOW
800,618122,"Widening to 2 lane with paved shoulded of Jareikela Jharkhand/Odisha Border -
Dhabaleswar section from 0/0 to 36/0 of NH-320D in the State of Odisha under Annual
Plan 2021-22",MoRTH,Ministry of Road Transport & Highways,Roads & Highways,Odisha,03/2022,10/2024,10/2026,10/2026,,172.09,172.09,7.42,34.0,2022-03-01,2024-10-01,2026-10-01,2026-10-01,,0.0,23.98160315374507,23.98160315374507,0.0,,0.0,0.043116973676564585,2022,5.061470588235294,0,0.043116973676564585,LOW
801,618123,"Widening and Strengthening/Reconstruction to Two Lane with Paved Shoulder/ Two
Lane with paved shoulders with service road from km 0000 to km 42250 excluding
design Ch. 03220 to 04200 & 28350 to 29060 of NH-320G in the state of Jharkhand
under EPC mode",MoRTH,Ministry of Road Transport & Highways,Roads & Highways,Jharkhand,03/2022,08/2023,08/2025,-,,423.18,423.18,5.46,0.01,2022-03-01,2023-08-01,2025-08-01,,,0.0,24.014454664914584,,0.0,,0.0,0.01290231107330214,2022,42318.0,0,0.01290231107330214,LOW
802,618124,"Rehabilitation and upgradation from km 51.600 to km 75.700 of NH-321G Nuhkhas to
Etah section to two lane with paved shoulder configuration under EPC mode in the
State of Uttar Pradesh",MoRTH,Ministry of Road Transport & Highways,Roads & Highways,Uttar Pradesh,01/2022,02/2024,08/2025,11/2026,,343.54,343.54,88.97,73.0,2022-01-01,2024-02-01,2025-08-01,2026-11-01,,0.0,17.969776609724047,32.98291721419185,15.013140604467804,,15.013140604467804,0.2589800314373872,2022,4.706027397260274,0,0.2589800314373872,LOW
803,618125,"Rehabilitation and upgradation of NH 326A from km 0/0 to 41/979 excluding km 2/255
to 3/372 and km 36/820 to 38/275 Odisha border to Narasamapeta to two lane with
paved Shoulders in the State of Andhra Pradesh under NHO on EPC Mode",MoRTH,Ministry of Road Transport & Highways,Roads & Highways,Andhra Pradesh,03/2018,09/2018,03/2020,10/2025,,228.32,228.32,44.94,100.0,2018-03-01,2018-09-01,2020-03-01,2025-10-01,,0.0,17.969776609724047,84.98685939553219,67.01708278580814,,67.01708278580814,0.19682901191310442,2018,2.2832,0,0.19682901191310442,MEDIUM
804,618126,"Pre-Construction activities from Km 134.000 to Km 190.233 of NH-333A and
Construction of 4 no. of Bypasses at Katoria, Lakhpura, Banka & Panjwara total
length-14.359 Km to two lane with paved shoulders standard in State of Bihar",MoRTH,Ministry of Road Transport & Highways,Roads & Highways,Bihar,11/2022,12/2024,12/2026,03/2027,,479.37,479.37,67.37,58.75,2022-11-01,2024-12-01,2026-12-01,2027-03-01,,0.0,23.98160315374507,26.938239159001313,2.956636005256243,,2.956636005256243,0.140538623610155,2022,8.159489361702128,0,0.140538623610155,LOW
805,618127,"Construction of 2- Lane with paved shoulder from km 56.45 Dharampur More to
93.050 Pakur of NH-333A in the State of Jharkhand on EPC mode",MoRTH,Ministry of Road Transport & Highways,Roads & Highways,Jharkhand,03/2023,11/2025,05/2027,05/2027,,255.73,255.73,10.06,15.0,2023-03-01,2025-11-01,2027-05-01,2027-05-01,,0.0,17.936925098554532,17.936925098554532,0.0,,0.0,0.039338364681500024,2023,17.048666666666666,0,0.039338364681500024,LOW
806,618129,"Construction of Kasrawad bypass, Selani bypass, Khargone bypass & Bistan bypass
Total length. 31.950 km Section of NH-347 C to Two lane with paved shoulder
configuration in the State of Madhya Pradesh on EPC mode",MoRTH,Ministry of Road Transport & Highways,Roads & Highways,Madhya Pradesh,03/2023,12/2024,12/2026,12/2026,,467.93,467.93,167.65,99.15,2023-03-01,2024-12-01,2026-12-01,2026-12-01,,0.0,23.98160315374507,23.98160315374507,0.0,,0.0,0.35828008462804267,2023,4.719415027735754,0,0.35828008462804267,LOW
807,618130,"Widening to 2 lane with paved shoulders from 0.00 to 32.970 ofAdilabadto Bela
section of NH 353B in the State of Telangana",MoRTH,Ministry of Road Transport & Highways,Roads & Highways,Telangana,10/2022,05/2024,05/2026,12/2026,,490.92,490.92,149.79,79.07,2022-10-01,2024-05-01,2026-05-01,2026-12-01,,0.0,23.98160315374507,31.011826544021023,7.030223390275953,,7.030223390275953,0.3051209973111708,2022,6.208675856835716,0,0.3051209973111708,LOW
808,618132,"Widening & strengthening of existing carriageway in 2 lane with paved shoulders
from km 25/0 to 59/2 design Ch km 25.467 to 59.200 of NH - 353C on EPC mode
in the state of Telangana",MoRTH,Ministry of Road Transport & Highways,Roads & Highways,Telangana,02/2018,06/2018,01/2025,,06/2020,206.13,206.13,318.62,100.0,2018-02-01,2018-06-01,2025-01-01,,2020-06-01,0.0,79.0407358738502,,0.0,24.014454664914584,-55.026281208935615,1.5457235725027896,2018,2.0613,0,1.5457235725027896,LOW
809,618133,"Strengthening and Widening of road Sakoli- Wadsa-Armori-Gadchiroli-Ashti- Allapalli -
Sironcha National highway NH 353C in Km 262/00 to 321/00 including 16 minor
Bridges and 2 Major Bridge Total length 59 Km section from repanpalli to sironcha in
Gadchiroli Dist in the State of Maharashtra",MoRTH,Ministry of Road Transport & Highways,Roads & Highways,Maharashtra,03/2021,06/2022,05/2024,03/2027,,280.57,280.57,144.61,67.39,2021-03-01,2022-06-01,2024-05-01,2027-03-01,,0.0,22.996057818659658,56.96452036793692,33.96846254927726,,33.96846254927726,0.515415047938126,2021,4.163377355690755,0,0.515415047938126,MEDIUM
810,618134,"Rehabilitation /Upgradation from Lagam to Alapalli section Desing Km. 199/400 to km
227/400 Length 28.0 Km to 2 lane with Paved Shoulders/ 4 lane configuration section
of NH-353 C Sakoli-Wadsa-Armori-Gadchiroli-Ashti-Alapalli Sironcha in Gadchiroli
District on EPC mode in the state of Maharashtra",MoRTH,Ministry of Road Transport & Highways,Roads & Highways,Maharashtra,02/2023,09/2024,09/2026,09/2026,,459.39,459.39,132.28,81.42,2023-02-01,2024-09-01,2026-09-01,2026-09-01,,0.0,23.98160315374507,23.98160315374507,0.0,,0.0,0.28794706023204686,2023,5.642225497420781,0,0.28794706023204686,LOW
811,618136,"Upgradatiobn and Rehabilitation of Section of NH 361 F from Parli 00/000 to
Gangakhed 30/400 to Two Lanes with paved shoulder / Four lane configurations
on EPC mode in the State of Maharashtra",MoRTH,Ministry of Road Transport & Highways,Roads & Highways,Maharashtra,03/2021,02/2022,09/2023,08/2025,08/2025,224.44,224.44,268.45,100.0,2021-03-01,2022-02-01,2023-09-01,2025-08-01,2025-08-01,0.0,18.95532194480946,41.95137976346912,22.99605781865966,41.95137976346912,22.99605781865966,1.1960880413473534,2021,2.2444,0,1.1960880413473534,LOW
812,618137,"Rehabilitation and Up-gradation of Jarud - Sirsala section of NH-361F km 59500 to
km11500 to Two lane with paved shoulder/ Four Lane in the state of Maharashtra on
EPC mode Length 55.5 Km",MoRTH,Ministry of Road Transport & Highways,Roads & Highways,Maharashtra,03/2024,05/2025,05/2027,05/2027,,540.35,540.35,158.38,68.23,2024-03-01,2025-05-01,2027-05-01,2027-05-01,,0.0,23.98160315374507,23.98160315374507,0.0,,0.0,0.29310631997779213,2024,7.919536860618496,0,0.29310631997779213,LOW
813,618138,"Widening, Reconstruction & Up-gradation to 2 lane with Paved Shoulder/Four Lane
configuration for the work of Sautada to Shirapur Section of NH-561 from Design km
86300 to km 125589 in the state of Maharashtra on EPC mode. Design length 39.289
km",MoRTH,Ministry of Road Transport & Highways,Roads & Highways,Maharashtra,03/2024,05/2025,11/2026,11/2026,,349.57,349.57,0.0,54.04,2024-03-01,2025-05-01,2026-11-01,2026-11-01,,0.0,18.035479632063073,18.035479632063073,0.0,,0.0,0.0,2024,6.468726868985937,0,0.0,LOW
814,618139,"Rehabilitation and Up-gradation of Gangakhed Loha section of NH-361F from Km
169/00 to 210/00 to two lane with paved shoulder/ four lane configuration in the state
of Maharashtra on EPC mode Length - 41.00 Km",MoRTH,Ministry of Road Transport & Highways,Roads & Highways,Maharashtra,03/2024,04/2025,09/2026,09/2026,,355.12,355.12,0.0,43.46,2024-03-01,2025-04-01,2026-09-01,2026-09-01,,0.0,17.017082785808146,17.017082785808146,0.0,,0.0,0.0,2024,8.17119190059825,0,0.0,LOW
815,618140,"Widening to two/four lane with paved shoulders from Km.34.250 to Km.71.830 of NH-
365A on Kodad-Khammam-Kurvi road",MoRTH,Ministry of Road Transport & Highways,Roads & Highways,Telangana,10/2022,02/2025,01/2027,01/2027,,445.76,445.76,18.32,13.33,2022-10-01,2025-02-01,2027-01-01,2027-01-01,,0.0,22.963206307490143,22.963206307490143,0.0,,0.0,0.04109834888729361,2022,33.4403600900225,0,0.04109834888729361,LOW
816,618141,"Widening and Improvement of existing carriage way to 2 lane with paved shoulders
from Km. 86/160 to 131/730 of Jangaon-Duddeda section of NH-365B in the State of
Telangana on EPC Mode",MoRTH,Ministry of Road Transport & Highways,Roads & Highways,Telangana,01/2022,12/2022,12/2024,12/2026,,423.48,423.48,184.83,77.85,2022-01-01,2022-12-01,2024-12-01,2026-12-01,,0.0,24.014454664914584,47.99605781865966,23.981603153745073,,23.981603153745073,0.4364550864267498,2022,5.439691714836224,0,0.4364550864267498,LOW
817,618142,"Widening to Two lane with Paved shoulders from km.40/410 to 84/037 of
Thirumanlagiri-- Suryapet Section of NH-365B earstwhile section of SH-16",MoRTH,Ministry of Road Transport & Highways,Roads & Highways,Telangana,01/2017,05/2017,08/2023,,05/2019,244.54,244.54,147.48,100.0,2017-01-01,2017-05-01,2023-08-01,,2019-05-01,0.0,75.0,,0.0,23.98160315374507,-51.01839684625493,0.6030915187699354,2017,2.4454,0,0.6030915187699354,LOW
818,618143,"widening to two lane with Paved shoulders from Km.0/970 to Km.40/410 of
Jangaon - Thirumal giriof NH- 365B in the state of Telanganaon EPC mode under
NHO Annual Plan 2016-17",MoRTH,Ministry of Road Transport & Highways,Roads & Highways,Telangana,03/2017,11/2017,10/2023,,10/2019,197.0,197.0,3.24,100.0,2017-03-01,2017-11-01,2023-10-01,,2019-10-01,0.0,70.9592641261498,,0.0,22.963206307490143,-47.996057818659665,0.016446700507614213,2017,1.97,0,0.016446700507614213,LOW
819,618144,"Construction of Major Bridge Across Sharavathi Backwaters and approches between
Ambargodu and Kalasavalli Near Sigandhur in Sagar Taluk on NH 369E in the State
of Karnataka on EPC mode.Job No. NH-369E-KNT-2018-19-895 dated 06.03.2019",MoRTH,Ministry of Road Transport & Highways,Roads & Highways,Karnataka,03/2019,12/2019,12/2022,-,,423.15,423.15,0.0,0.0,2019-03-01,2019-12-01,2022-12-01,,,0.0,36.00525624178712,,0.0,,0.0,0.0,2019,423.15,0,0.0,LOW
820,618145,"Widening to two lane with paved shoulder of Rampachodavaram - Koyyuru
section of NH 516E from Km 43700 to Km 113820 in the State of Andhra
Pradesh on EPC mode Job No. 737",MoRTH,Ministry of Road Transport & Highways,Roads & Highways,Andhra Pradesh,03/2022,01/2023,04/2026,,01/2025,568.12,568.12,324.96,100.0,2022-03-01,2023-01-01,2026-04-01,,2025-01-01,0.0,38.96189224704336,,0.0,24.014454664914584,-14.947437582128774,0.571991832711399,2022,5.6812000000000005,0,0.571991832711399,LOW
821,618146,"Estimate for Improvement to two lane with paved shoulder from Ramnagar to Roseda
from km 3.500 to 43.000 of NH 527 E on EPC mode in State of Bihar",MoRTH,Ministry of Road Transport & Highways,Roads & Highways,Bihar,01/2022,10/2024,04/2026,04/2027,,495.16,495.16,0.38,39.0,2022-01-01,2024-10-01,2026-04-01,2027-04-01,,0.0,17.969776609724047,29.96057818659658,11.990801576872535,,11.990801576872535,0.0007674287099119476,2022,12.696410256410257,0,0.0007674287099119476,LOW
822,618147,"Widening to 2 Lane with Paved Shoulders from design Km 103.200 Existing Km
103.200 to design Km 116.700 Existing Km 118.470 on AP/KNT Border to Sira
Section of NH-544E in the State of Karnatakaon EPC mode under Annual plan 2022-
23",MoRTH,Ministry of Road Transport & Highways,Roads & Highways,Karnataka,01/2023,03/2024,09/2025,08/2026,,166.58,166.58,46.69,65.0,2023-01-01,2024-03-01,2025-09-01,2026-08-01,,0.0,18.035479632063073,29.00788436268068,10.972404730617608,,10.972404730617608,0.28028574858926636,2023,2.562769230769231,0,0.28028574858926636,LOW
823,618148,"Widening to 4LPS of NH-548B from Km 80.000 Near Murgundi to Km 140.200 Near
Chikkodi excluding length from Km 118.450 to Km 128.450 in the State of Karnataka
under NH O on EPC Mode under Annual Plan 2022-23 - Package 1 NH-548B-KNT-
2022-23-979 dated 09.03.2023",MoRTH,Ministry of Road Transport & Highways,Roads & Highways,Karnataka,03/2023,04/2026,04/2028,04/2028,,785.79,785.79,6.15,0.0,2023-03-01,2026-04-01,2028-04-01,2028-04-01,,0.0,24.014454664914584,24.014454664914584,0.0,,0.0,0.007826518535486581,2023,785.79,0,0.007826518535486581,LOW
824,618149,"Widening to two lane with paved shoulders from Km 0.00 to 102.310 Design Chainage
of NH-548B Murrum-Maharashtra Border in the State of Karnataka",MoRTH,Ministry of Road Transport & Highways,Roads & Highways,Karnataka,02/2023,01/2025,01/2027,01/2027,,957.09,957.09,288.23,60.21,2023-02-01,2025-01-01,2027-01-01,2027-01-01,,0.0,23.98160315374507,23.98160315374507,0.0,,0.0,0.3011524517025567,2023,15.895864474339811,0,0.3011524517025567,LOW
825,618150,"Rehabilitation and Up-gradation of i. Deogaon phata to Digras phata Ch. 0/000 to
15/000 & Selu to Borgavhan Ch 20/900 to 35/800 [Length 29.9km] ii. Injegaon
Dhamoni to Pohner Phata Ch.58/200 to Ch. 83/700 [Length25.5 km] and iii. Pohner
phata to Pathri Design Ch. 42/700 to 58/200 [Length 15.5 km] sections of NH-548B to
Two lane with paved shoulder configuartion in the state of Maharashtra on EPC mode
Total project length 70.9 Km",MoRTH,Ministry of Road Transport & Highways,Roads & Highways,Maharashtra,03/2024,05/2025,05/2027,05/2027,,761.83,761.83,0.0,15.0,2024-03-01,2025-05-01,2027-05-01,2027-05-01,,0.0,23.98160315374507,23.98160315374507,0.0,,0.0,0.0,2024,50.78866666666667,0,0.0,LOW
826,618151,"Widening to 4LPS of NH-548B from Km 118.450 Near Shirguppi to Km 128.450 Near
Ankali in the State of Karnataka under NH O on EPC Mode Under Annual Plan 2022-
23 NH-548B-KNT-2022-23-982",MoRTH,Ministry of Road Transport & Highways,Roads & Highways,Karnataka,03/2023,05/2026,05/2029,-,,1084.29,1084.29,1.71,0.0,2023-03-01,2026-05-01,2029-05-01,,,0.0,36.00525624178712,,0.0,,0.0,0.0015770688653404532,2023,1084.29,1,0.0015770688653404532,LOW
827,618152,Mhaswad to Tembhurni section of NH-548C - 2L PS,MoRTH,Ministry of Road Transport & Highways,Roads & Highways,Maharashtra,01/2017,08/2017,07/2019,08/2026,,488.6,488.6,0.0,96.19,2017-01-01,2017-08-01,2019-07-01,2026-08-01,,0.0,22.963206307490143,107.98291721419184,85.0197109067017,,85.0197109067017,0.0,2017,5.079530096683647,0,0.0,MEDIUM
828,618153,Satara to Mhaswad,MoRTH,Ministry of Road Transport & Highways,Roads & Highways,Maharashtra,01/2017,08/2017,08/2019,08/2026,,653.46,653.46,7.34,98.08,2017-01-01,2017-08-01,2019-08-01,2026-08-01,,0.0,23.98160315374507,107.98291721419184,84.00131406044677,,84.00131406044677,0.011232516144829063,2017,6.66252039151713,0,0.011232516144829063,MEDIUM
829,618154,"Rehabilitation & upgradation of Jamkhed to Sautada Section of NH548 D from km
195.375 to km 208.774, Length 13.399 Km to 2L PS /4L configuration with rigid
pavement in the state of Maharashtra on EPC mode",MoRTH,Ministry of Road Transport & Highways,Roads & Highways,Maharashtra,03/2022,01/2023,07/2024,06/2026,,157.62,157.62,0.0,68.93,2022-03-01,2023-01-01,2024-07-01,2026-06-01,,0.0,17.969776609724047,40.9658344283837,22.996057818659654,,22.996057818659654,0.0,2022,2.286667633831423,0,0.0,LOW
830,618155,"Development/Widening of Talegaon Chakan Shikrapur Nhavara Section of NH-548D
from existing chainage km. 54/000 to 82/300 and Design chainage Km. 54/000 to
82/120 Shikrapur to Nhavara Section to 2LPS/4L Configuration on EPC Mode in the
State of Maharashtra",MoRTH,Ministry of Road Transport & Highways,Roads & Highways,Maharashtra,03/2024,01/2025,07/2026,09/2026,,396.17,396.17,99.7,76.2,2024-03-01,2025-01-01,2026-07-01,2026-09-01,,0.0,17.936925098554532,19.97371879106439,2.036793692509857,,2.036793692509857,0.25165964106317995,2024,5.1990813648293965,0,0.25165964106317995,LOW
831,618156,"Construction of Morena bypass, Ambah bypass & Porsa bypass Totat length 27.16 km
Section of NH-552 Ext. to TWo lane with paved shoulder configuration in the state of
Madhya Pradesh on EPC mode",MoRTH,Ministry of Road Transport & Highways,Roads & Highways,Madhya Pradesh,02/2023,10/2024,10/2026,10/2026,,492.66,492.66,0.0,73.5,2023-02-01,2024-10-01,2026-10-01,2026-10-01,,0.0,23.98160315374507,23.98160315374507,0.0,,0.0,0.0,2023,6.702857142857143,0,0.0,LOW
832,618157,"Construction of Ater realignment & Bhind bypass Total length. 21.50 km Section of
NH-552Extn. to Two lane with paved shoulder configuration in the State of Madhya
Pradesh on EPC mode",MoRTH,Ministry of Road Transport & Highways,Roads & Highways,Madhya Pradesh,03/2023,12/2024,06/2026,12/2026,,348.06,348.06,79.84,79.0,2023-03-01,2024-12-01,2026-06-01,2026-12-01,,0.0,17.969776609724047,23.98160315374507,6.011826544021023,,6.011826544021023,0.22938573809113372,2023,4.405822784810127,0,0.22938573809113372,LOW
833,618158,"Upgradation of Goras to Shyampur Road section of NH-552 Ext., from Design
Chainge 48.400 to 111.800 Km Total length 63.40 km to two lane with paved shoulder
configuration along with One time improvement of 8.91 km in the state of Madhya
Pradesh on EPC mode",MoRTH,Ministry of Road Transport & Highways,Roads & Highways,Madhya Pradesh,03/2023,12/2024,12/2026,12/2026,,416.96,416.96,0.0,16.52,2023-03-01,2024-12-01,2026-12-01,2026-12-01,,0.0,23.98160315374507,23.98160315374507,0.0,,0.0,0.0,2023,25.239709443099272,0,0.0,LOW
834,618159,"Construction of new 2 Lane with paved shoulders of NH Standards from km
0.080 to km 11.690 L11.610 km in Majuli and from km 19.715 to km 27.484 L
7.769 km in Jorhat on the newly declared NH 715K and construction of 1.10 km
flyover on NH-715 with its approaches and service roads L1.10 km, Total Length
20.479 km in the State of Assam Job No. 715K/AS/2023-24/256",MoRTH,Ministry of Road Transport & Highways,Roads & Highways,Assam,02/2024,09/2025,03/2027,03/2027,,382.1,382.1,28.96,6.7,2024-02-01,2025-09-01,2027-03-01,2027-03-01,,0.0,17.936925098554532,17.936925098554532,0.0,,0.0,0.07579167757131641,2024,57.02985074626866,0,0.07579167757131641,LOW
835,618160,"Construction of 2 lane Major Bridge including approaches over Brahmaputra
between Majuli on North Bank and Jorhat on South Bank from km. 11.690 to km.
19.715 length of bridge 6,812.5m Package - II on NH-715K in the state of Assam
Job no. 715/AS/2020-21/213",MoRTH,Ministry of Road Transport & Highways,Roads & Highways,Assam,03/2025,12/2025,12/2027,12/2027,,1019.17,1019.17,0.0,3.25,2025-03-01,2025-12-01,2027-12-01,2027-12-01,,0.0,23.98160315374507,23.98160315374507,0.0,,0.0,0.0,2025,313.59076923076924,1,0.0,LOW
836,618161,"Widening and Reconstruction of existing road to four lane from Km.56400 to Km
120300 i.e. from B.Kothapalli Junction to Gorantla excluding Kadiri Bypass from
Km 70200 to Km 77105 of NH 716G in the State of Andhra Pradesh on EPC
mode Job no. 742",MoRTH,Ministry of Road Transport & Highways,Roads & Highways,Andhra Pradesh,03/2022,09/2023,03/2026,,12/2025,839.98,839.98,415.11,100.0,2022-03-01,2023-09-01,2026-03-01,,2025-12-01,0.0,29.96057818659658,,0.0,27.003942181340342,-2.9566360052562395,0.4941903378651873,2022,8.3998,0,0.4941903378651873,LOW
837,618162,"Improvement and up-gradation to 2LPS of NH-227B 84-Kosi Parikrama Marg
PackageVI, Design Km 160200 Bahuvan Madar Majha to Km 224040 Jagarnathpur
under HAM",MoRTH,Ministry of Road Transport & Highways,Roads & Highways,Uttar Pradesh,05/2023,01/2026,01/2028,01/2028,,2008.7,2008.7,0.0,20.0,2023-05-01,2026-01-01,2028-01-01,2028-01-01,,0.0,23.98160315374507,23.98160315374507,0.0,,0.0,0.0,2023,100.435,1,0.0,LOW
838,618163,"Rehabilitation and Up-gradation from km. 0000 to km.40390 of NH-730S
MaharajganjNichloulThuthibari to two lane with paved shoulders in the State of U.P.
on Engineering, Procurement & Construction EPC Basis",MoRTH,Ministry of Road Transport & Highways,Roads & Highways,Uttar Pradesh,03/2023,06/2024,12/2025,12/2026,,809.25,603.19,167.84,59.5,2023-03-01,2024-06-01,2025-12-01,2026-12-01,,-0.2546308310163731,18.00262812089356,29.993429697766096,11.990801576872535,,11.990801576872535,0.2782539498333858,2023,13.600840336134453,0,0.2074019153537226,LOW
839,618164,"Construction of four lane highway with paved shoulder from Km.74.700 to Km.112.950
of NH-731A i/c Yamuna Bridge on HAM in the state of Uttar Pradesh",MoRTH,Ministry of Road Transport & Highways,Roads & Highways,Uttar Pradesh,03/2022,06/2024,06/2026,08/2026,,1141.67,1157.31,0.0,100.0,2022-03-01,2024-06-01,2026-06-01,2026-08-01,,0.013699230075240544,23.98160315374507,25.985545335085412,2.003942181340342,,2.003942181340342,0.0,2022,11.4167,1,0.0,LOW
840,618165,"Construction of 4-lane highway with paved shoulders from Km 49.155 to Km 74.700 of
NH-731A on Hybrid Annuity Mode in the state of Uttar Pradesh",MoRTH,Ministry of Road Transport & Highways,Roads & Highways,Uttar Pradesh,01/2022,02/2024,01/2026,07/2026,,1156.72,1156.72,0.0,100.0,2022-01-01,2024-02-01,2026-01-01,2026-07-01,,0.0,22.996057818659658,28.942181340341655,5.946123521681997,,5.946123521681997,0.0,2022,11.5672,1,0.0,LOW
841,618166,"Construction of 4-lane green field highway from Km. 35.000 to Km. 49.155 of NH-
731A with paved shoulders on Hybrid Annuity Mode in the state of Uttar Pradesh",MoRTH,Ministry of Road Transport & Highways,Roads & Highways,Uttar Pradesh,01/2022,10/2023,10/2025,07/2026,,697.66,697.66,0.04,100.0,2022-01-01,2023-10-01,2025-10-01,2026-07-01,,0.0,24.014454664914584,32.98291721419185,8.968462549277266,,8.968462549277266,5.7334518246710435e-05,2022,6.9765999999999995,0,5.7334518246710435e-05,LOW
842,618167,"Rehabilitation & Upgradation of NH-731A from Km.0.00 to Km.35.00 to 2-lane with
paved shoulder under EPC mode",MoRTH,Ministry of Road Transport & Highways,Roads & Highways,Uttar Pradesh,03/2021,08/2022,08/2023,06/2026,,264.86,264.86,0.0,93.0,2021-03-01,2022-08-01,2023-08-01,2026-06-01,,0.0,11.990801576872535,45.992115637319316,34.00131406044678,,34.00131406044678,0.0,2021,2.847956989247312,0,0.0,MEDIUM
843,618168,"Widening to four lane with paved shoulder from Design Km.49.200 to Km.89.285 of
NH-731B on EPC mode in the state of Uttar Pradesh",MoRTH,Ministry of Road Transport & Highways,Roads & Highways,Uttar Pradesh,03/2022,01/2024,01/2026,01/2027,,917.91,965.3,134.41,56.0,2022-03-01,2024-01-01,2026-01-01,2027-01-01,,0.051628155265766786,24.014454664914584,36.00525624178712,11.990801576872538,,11.990801576872538,0.13924168652232466,2022,16.39125,0,0.14643047793356648,LOW
844,618169,"Construction of Two Lane with paved shoulder highway from Design Ch.0.000 to
Ch.49.2OO of NH-731B on EPC Mode",MoRTH,Ministry of Road Transport & Highways,Roads & Highways,Uttar Pradesh,03/2022,11/2023,11/2025,09/2026,,640.18,602.76,270.82,98.0,2022-03-01,2023-11-01,2025-11-01,2026-09-01,,-0.05845231028773152,24.014454664914584,34.00131406044678,9.986859395532196,,9.986859395532196,0.44929988718561287,2022,6.532448979591837,0,0.4230372707675966,LOW
845,618170,"Construction of Two lane with paved shoulder configuration of Shujalpur Bypass
section of NH-752C from km 33100 Design to km. 42570 Design total design length
10.470 km in the State of Madhya Pradesh on EPC mode",MoRTH,Ministry of Road Transport & Highways,Roads & Highways,Madhya Pradesh,03/2023,03/2024,09/2025,12/2026,,214.07,214.07,38.07,46.33,2023-03-01,2024-03-01,2025-09-01,2026-12-01,,0.0,18.035479632063073,33.01576872536137,14.980289093298296,,14.980289093298296,0.17783902461811557,2023,4.620548240880639,0,0.17783902461811557,LOW
846,618171,"Work of Upgradation of Jirapur-Pachore Road including Pachore, Jirapur, Chhapiheda
& Khujner Bypasses from 0000 to 58790 Design Length 58.79 Km section of NH-752C
to 2LPS in the State of Madhya Pradesh under EPC mode",MoRTH,Ministry of Road Transport & Highways,Roads & Highways,Madhya Pradesh,03/2022,01/2024,01/2026,12/2026,,352.69,352.69,98.96,57.26,2022-03-01,2024-01-01,2026-01-01,2026-12-01,,0.0,24.014454664914584,34.98685939553219,10.972404730617608,,10.972404730617608,0.2805863506195242,2022,6.159448131330772,0,0.2805863506195242,LOW
847,618172,Paithan - Shirur section 2LPS Km 0.0 to 55.00,MoRTH,Ministry of Road Transport & Highways,Roads & Highways,Maharashtra,03/2017,06/2017,06/2019,10/2026,,341.8,341.8,208.25,82.0,2017-03-01,2017-06-01,2019-06-01,2026-10-01,,0.0,23.98160315374507,111.99080157687253,88.00919842312746,,88.00919842312746,0.6092744294909304,2017,4.168292682926829,0,0.6092744294909304,MEDIUM
848,618173,Shirur-Kharda section from 55937 km to 114486 km to 2LPS/4L,MoRTH,Ministry of Road Transport & Highways,Roads & Highways,Maharashtra,02/2017,06/2017,06/2019,08/2026,,381.77,381.77,0.0,83.93,2017-02-01,2017-06-01,2019-06-01,2026-08-01,,0.0,23.98160315374507,109.98685939553219,86.00525624178712,,86.00525624178712,0.0,2017,4.548671511974264,0,0.0,MEDIUM
849,618174,"Rehabilitation and Upgradation to two lane with paved shoulder configuration of NH-
752G from Sakri to Pimpalner Section Design Ch km 0000 to Ch km 21411 in the
state of Maharashtra on EPC Mode. Length 21.411 km",MoRTH,Ministry of Road Transport & Highways,Roads & Highways,Maharashtra,03/2024,04/2025,10/2026,10/2026,,226.58,226.58,0.0,100.0,2024-03-01,2025-04-01,2026-10-01,2026-10-01,,0.0,18.00262812089356,18.00262812089356,0.0,,0.0,0.0,2024,2.2658,0,0.0,LOW
850,618175,"Rehabilitation and Upgradation of Satana to Mangrul Chandwad Section of
NH752 G Design Ch Km 64.000 to Ch Km 101.140 two lane with paved
shoulder/four lane configuration in the state of Maharashtra on EPC mode",MoRTH,Ministry of Road Transport & Highways,Roads & Highways,Maharashtra,03/2022,05/2023,05/2025,02/2026,02/2026,428.8,428.8,184.63,100.0,2022-03-01,2023-05-01,2025-05-01,2026-02-01,2026-02-01,0.0,24.014454664914584,33.08147174770039,9.067017082785807,33.08147174770039,9.067017082785807,0.43057369402985074,2022,4.288,0,0.43057369402985074,LOW
851,618176,"Rehabilitation and upgradation from ch km 50/200 to 56/800 and km 62/600 to
100/403 of Kolde to Visarwadi Near Junction with NH-6 section of NH 752G total
length 44.40 to two-lane with paved shoulder / four lanes in the State of Maharashtra
on EPC mode",MoRTH,Ministry of Road Transport & Highways,Roads & Highways,Maharashtra,03/2025,01/2026,01/2028,-,,349.08,349.08,39.95,35.45,2025-03-01,2026-01-01,2028-01-01,,,0.0,23.98160315374507,,0.0,,0.0,0.1144436805316833,2025,9.847108603667136,0,0.1144436805316833,LOW
852,618177,Pal Phata Phulambri - Khultabad 2LPS,MoRTH,Ministry of Road Transport & Highways,Roads & Highways,Maharashtra,03/2018,06/2018,12/2019,12/2025,,227.19,227.19,5.78,95.29,2018-03-01,2018-06-01,2019-12-01,2025-12-01,,0.0,18.00262812089356,90.01314060446781,72.01051248357425,,72.01051248357425,0.02544126061886527,2018,2.384195613390702,0,0.02544126061886527,MEDIUM
853,618178,"Widening and strengthening of Gangakhed to Kingaon section of NH-752K in Km
38/750 to 72/304 Flexible Pavement Length33.554 km to 2-lane configuration
on EPC mode in the State of Maharashtra",MoRTH,Ministry of Road Transport & Highways,Roads & Highways,Maharashtra,02/2024,12/2024,06/2026,10/2026,,162.67,162.67,0.0,72.0,2024-02-01,2024-12-01,2026-06-01,2026-10-01,,0.0,17.969776609724047,21.97766097240473,4.007884362680684,,4.007884362680684,0.0,2024,2.2593055555555552,0,0.0,LOW
854,618179,"Rehabilitation and Upgradation of Shewali phata to Kalambhir section i.e. Km 0443 to
Km 4500 & Nizampur to Chadwel section i.e. Km 13485 to Km 26265 Length16.317
Km excluding 2 Major Bridges with approaches Km 13735 to Km 14095 & Km 19660
to Km 20030 of NH 753B to 2LPS Configuration in the State of Maharashtra on EPC
Mode",MoRTH,Ministry of Road Transport & Highways,Roads & Highways,Maharashtra,03/2024,08/2024,02/2026,07/2026,,181.58,181.58,0.0,97.0,2024-03-01,2024-08-01,2026-02-01,2026-07-01,,0.0,18.035479632063073,22.963206307490143,4.9277266754270705,,4.9277266754270705,0.0,2024,1.8719587628865981,0,0.0,LOW
855,618180,Pune raigarh District Border To Mangaon Ch 69000 to 103775 NH-753F,MoRTH,Ministry of Road Transport & Highways,Roads & Highways,Maharashtra,03/2018,06/2018,12/2019,07/2026,,223.46,223.46,0.0,89.08,2018-03-01,2018-06-01,2019-12-01,2026-07-01,,0.0,18.00262812089356,96.97766097240472,78.97503285151116,,78.97503285151116,0.0,2018,2.5085316569375844,0,0.0,MEDIUM
856,618181,"Rehabilitation / Upgradation to 4 Lane with Paved shoulder of Existing Section in
Sillod Town with Design Ch. Km54500 to Km 60679 [Length6.179 km] section of NH
753F Aurangabad-Jalgaon road on EPC Mode in the State of Maharashtra",MoRTH,Ministry of Road Transport & Highways,Roads & Highways,Maharashtra,03/2023,01/2024,07/2025,03/2025,,153.79,153.79,0.0,98.0,2023-03-01,2024-01-01,2025-07-01,2025-03-01,,0.0,17.969776609724047,13.961892247043364,-4.007884362680683,,-4.007884362680683,0.0,2023,1.5692857142857142,0,0.0,LOW
857,618182,"Widening to Two lane with paved shoulders from 106/830 to 158/496 of Yellareddy-
Rudrur Section of NH-765D in the state of Telangana on EPC mode under NHO under
Annual plan 2022-23",MoRTH,Ministry of Road Transport & Highways,Roads & Highways,Telangana,10/2022,07/2024,07/2026,05/2027,,499.88,499.88,207.08,68.9,2022-10-01,2024-07-01,2026-07-01,2027-05-01,,0.0,23.98160315374507,33.96846254927726,9.986859395532193,,9.986859395532193,0.41425942226134277,2022,7.255152394775036,0,0.41425942226134277,LOW
858,618183,"Widening to 2 lane with paved shoulders from Km 62/920 to km 106/830 of Medak -
Yellareddy section in the State of Telangana under Annual Plan 2022-23 on EPC
mode under NHO",MoRTH,Ministry of Road Transport & Highways,Roads & Highways,Telangana,10/2022,08/2024,08/2026,08/2026,,399.01,399.01,146.04,70.6,2022-10-01,2024-08-01,2026-08-01,2026-08-01,,0.0,23.98160315374507,23.98160315374507,0.0,,0.0,0.3660058645146738,2022,5.651699716713881,0,0.3660058645146738,LOW
859,618184,"Construction of 2 Lane with paved shoulder from km 55.6 to km 90.7 existing
chainages of NH-766C complete Realignment of 13.76 km with 2 major Bridges
across Sharavathi Backwaters on EPC mode under Annual Plan 2022-23 in the state
of Karnataka NH-766C-KNT-2022-23 dated 14.10.2022",MoRTH,Ministry of Road Transport & Highways,Roads & Highways,Karnataka,01/2023,02/2024,02/2026,12/2027,,313.56,313.56,160.08,65.0,2023-01-01,2024-02-01,2026-02-01,2027-12-01,,0.0,24.014454664914584,45.959264126149804,21.94480946123522,,21.94480946123522,0.5105243015690777,2023,4.824,0,0.5105243015690777,LOW
860,618185,"Widening to 2LPS from Km 0.000 to 37.850 Except Ex. Km 24.45 to 27.20 of NH-766c
Byndoor-Ranebennur Section in the state of Karnataka on EPC Mode under Annual
Plan 2022-23 NH-766C-KNT-2022-23-969 dated 30.12.2022",MoRTH,Ministry of Road Transport & Highways,Roads & Highways,Karnataka,12/2022,08/2025,08/2027,08/2027,,394.95,394.95,15.68,12.0,2022-12-01,2025-08-01,2027-08-01,2027-08-01,,0.0,23.98160315374507,23.98160315374507,0.0,,0.0,0.03970122800354475,2022,32.9125,0,0.03970122800354475,LOW
861,618186,"Rehabilitation and Up-gradation of Valigonda to Thorrur Section to Two Lane with
Paved Shoulders from Km 39.180 to Km 108.300 of NH-930P in the State of
Telangana on Engineering, Procurement and Construction EPC Basis",MoRTH,Ministry of Road Transport & Highways,Roads & Highways,Telangana,01/2022,12/2022,12/2024,09/2026,,549.28,549.28,325.77,94.97,2022-01-01,2022-12-01,2024-12-01,2026-09-01,,0.0,24.014454664914584,45.006570302233904,20.99211563731932,,20.99211563731932,0.593085493737256,2022,5.783721175107929,0,0.593085493737256,LOW
862,618187,"Rehabilitation and upgradation of Salon - Jais - Jagdishpur Road section of NH-931A,
from design Chainage km 0.000 to km 5.740 to four lane divided carriageway and from
design Chainage km 5.740 to km 53.500 to two lane with paved Total length km
53.500 along with One time improvement in 04 no's of realigned/bypassed built-up
areas in a total length of 9.732 km in the state of Uttar Pradesh on EPC mode",MoRTH,Ministry of Road Transport & Highways,Roads & Highways,Uttar Pradesh,05/2023,10/2025,10/2027,10/2027,,947.15,947.15,26.64,9.06,2023-05-01,2025-10-01,2027-10-01,2027-10-01,,0.0,23.98160315374507,23.98160315374507,0.0,,0.0,0.028126484717309826,2023,104.5419426048565,0,0.028126484717309826,LOW
863,618188,"Rehabilitation and Up-gradation to 2 lane with paved shoulder configuration of Mahud
Sangola road NH 965 G 159400 to 161900and 162400 to 183960 Design Chainage
from km. 32/300 to km. 34/800 and km. 35/800 to km. 56/860 Rigid Pavement on EPC
mode in the State of Maharashtra",MoRTH,Ministry of Road Transport & Highways,Roads & Highways,Maharashtra,02/2023,11/2023,05/2025,08/2026,,253.78,253.78,98.95,100.0,2023-02-01,2023-11-01,2025-05-01,2026-08-01,,0.0,17.969776609724047,32.98291721419185,15.013140604467804,,15.013140604467804,0.3899046418157459,2023,2.5378,0,0.3899046418157459,LOW
864,618189,"Widening to two lane with paved shoulder of NH-73New spur road Ujire -
Dharmasthala - Periyashanthi in the State of Karnataka under NHO on HAM Mode
Job No. NH-73Spur-KNT-2023-24-996",MoRTH,Ministry of Road Transport & Highways,Roads & Highways,Karnataka,01/2024,11/2025,11/2027,11/2027,,613.65,613.65,66.04,25.18,2024-01-01,2025-11-01,2027-11-01,2027-11-01,,0.0,23.98160315374507,23.98160315374507,0.0,,0.0,0.10761834922186916,2024,24.37053216838761,0,0.10761834922186916,LOW
865,618190,"Widening to two lane with paved shoulders of 'Bodhan Basar Bhainsa ' section from
Km 38/900 to 95/300 of NH-161BB in the state of Telangana under Annual Plan 2021-
22 on EPC Mode under NH O",MoRTH,Ministry of Road Transport & Highways,Roads & Highways,Telangana,03/2022,03/2023,03/2025,08/2026,,644.45,644.45,403.48,98.6,2022-03-01,2023-03-01,2025-03-01,2026-08-01,,0.0,24.014454664914584,41.03153745072273,17.017082785808146,,17.017082785808146,0.6260842578943285,2022,6.536004056795132,0,0.6260842578943285,LOW
866,618191,"Rehabilitation and upgradation of NH-167AD from Macherla to Dachepalli via
Paluvai Junction, Rentachinthala, Gurazala from Km.0.000 to 43.659 to two lane
with paved shoulders in the state of Andhra Pradesh job-729",MoRTH,Ministry of Road Transport & Highways,Roads & Highways,Andhra Pradesh,01/2022,01/2023,02/2026,,01/2025,403.22,403.22,256.17,100.0,2022-01-01,2023-01-01,2026-02-01,,2025-01-01,0.0,37.023653088042046,,0.0,24.014454664914584,-13.009198423127462,0.6353107484747781,2022,4.0322000000000005,0,0.6353107484747781,LOW
867,618192,"Duttalur at NH-565 Junction to Kavali Joining on NH-16 Chainage Km. 36/400 to Km.
107/224 excluding the stretch from Km 101.880 to 105.300 67.404 Km of NH-167BG
from in the State of Andhra Pradesh on EPC mode",MoRTH,Ministry of Road Transport & Highways,Roads & Highways,Andhra Pradesh,03/2021,07/2022,07/2024,04/2026,,423.67,423.67,0.0,94.65,2021-03-01,2022-07-01,2024-07-01,2026-04-01,,0.0,24.014454664914584,45.006570302233904,20.99211563731932,,20.99211563731932,0.0,2021,4.476175382989963,0,0.0,LOW
868,618193,"Widening of Existing Road to Two Lane with Paved Shoulder Configuration from Km
0.00 to 26.000 & Km 45.200 To 59.622 Of NH 365BB in the State of Andhra Pradesh
Under Annual Plan 2023-24 through EPC Mode",MoRTH,Ministry of Road Transport & Highways,Roads & Highways,Andhra Pradesh,01/2024,04/2025,12/2026,12/2026,,368.63,368.63,76.12,45.62,2024-01-01,2025-04-01,2026-12-01,2026-12-01,,0.0,20.006570302233904,20.006570302233904,0.0,,0.0,0.20649431679461794,2024,8.080447172292855,0,0.20649431679461794,LOW
869,618194,"Rehabilitation and upgradation of New NH 544DD from design Chainage Km. 56/000
to 102/20 of Kalyandrg - Molakalmuru Section",MoRTH,Ministry of Road Transport & Highways,Roads & Highways,Andhra Pradesh,03/2018,08/2018,02/2020,09/2025,,294.13,285.29,312.4,98.52,2018-03-01,2018-08-01,2020-02-01,2025-09-01,,-0.030054737701016472,18.035479632063073,85.0197109067017,66.98423127463863,,66.98423127463863,1.0950261137789616,2018,2.985485180673975,0,1.0621153911535715,MEDIUM
870,618196,"Widening to 2 lane with Paved Shoulders of Siddipet-Elkathurthy section from Km
69/978 to km 133/619 of NH-765DG in the State of Telangana under Annual plan
2021-22 on EPC mode",MoRTH,Ministry of Road Transport & Highways,Roads & Highways,Telangana,01/2022,12/2022,09/2024,12/2026,,578.85,578.85,0.0,85.0,2022-01-01,2022-12-01,2024-09-01,2026-12-01,,0.0,21.02496714848883,47.99605781865966,26.971090670170828,,26.971090670170828,0.0,2022,6.8100000000000005,0,0.0,MEDIUM
871,618197,"Widening to 2 lane with Paved Shoulders of Medak - Siddipet section from Km 0/0 to
km 69/978 of NH-765DG in the State of Telangana under Annual plan 2021-22 on
EPC mode",MoRTH,Ministry of Road Transport & Highways,Roads & Highways,Telangana,01/2022,01/2023,01/2025,12/2026,,882.18,882.18,383.75,74.06,2022-01-01,2023-01-01,2025-01-01,2026-12-01,,0.0,24.014454664914584,46.97766097240473,22.963206307490143,,22.963206307490143,0.4350019270443674,2022,11.911693221712124,0,0.4350019270443674,LOW
872,618198,"Balance work of Rehabilitation and Up-gradation to 2-lane road with paved shoulders
configuration for NH- 965DD from Pacharal-Mandangad-Mhapral-Rajewadi Upto
Junction of NH-66 Ch-22700 to 75100 Km and Ambadave connector Birth place of Dr.
Babasaheb Ambedkar Ch-0000 to 7325 Km length Km 59.725 in the state of
Maharashtra on EPC mode. Balance Work",MoRTH,Ministry of Road Transport & Highways,Roads & Highways,Maharashtra,03/2018,01/2022,01/2024,08/2026,,388.93,341.69,170.26,93.07,2018-03-01,2022-01-01,2024-01-01,2026-08-01,,-0.12146144550433242,23.98160315374507,54.96057818659658,30.97897503285151,,30.97897503285151,0.4982879218004624,2018,4.178897603954013,0,0.43776515054122844,MEDIUM
873,618199,"Rehabilitation, Upgradation & Widening of existing Highway to Rigid Pavement 2 Lane
with Paved Shoulder of NH 965DD from Lonand Shirval-Bhor Mandangad-Pchral
Section ShindewadiPhata to Varandah Ghat Dist Border from Km 33/550 to 92/550 in
the state of Maharashtra on EPC mode",MoRTH,Ministry of Road Transport & Highways,Roads & Highways,Maharashtra,02/2023,07/2024,07/2026,10/2026,,723.13,723.13,168.06,53.5,2023-02-01,2024-07-01,2026-07-01,2026-10-01,,0.0,23.98160315374507,27.003942181340342,3.0223390275952724,,3.0223390275952724,0.23240634464065937,2023,13.516448598130841,0,0.23240634464065937,LOW
874,618200,"Construction of 2 lane with Paved Shoulder for Northern Bypass Phase-II of Kota city
in the State of Rajasthan",MoRTH,Ministry of Road Transport & Highways,Roads & Highways,Rajasthan,03/2022,10/2023,04/2025,11/2026,,317.74,317.74,6.14,50.33,2022-03-01,2023-10-01,2025-04-01,2026-11-01,,0.0,18.00262812089356,37.023653088042046,19.021024967148485,,19.021024967148485,0.019323975577516205,2022,6.313133320087424,0,0.019323975577516205,LOW
875,618201,"Widening and strengthening to 2 lane with paved shoulder from existing Ch. Km
56720 to Km 100820 and Design Ch. From Km 62600 to Km 106360 Total
Length43.760 Km on SRINAGAR -BARAMULA URINH-01 in the UT of Jammu &
Kashmir under project BEACON, Border Roads Organization BRO on EPC mode",MoRTH,Ministry of Road Transport & Highways,Roads & Highways,"Jammu and
Kashmir",09/2023,11/2024,11/2026,06/2027,,702.1,702.1,0.0,51.0,2023-09-01,2024-11-01,2026-11-01,2027-06-01,,0.0,23.98160315374507,30.946123521681997,6.964520367936927,,6.964520367936927,0.0,2023,13.766666666666667,0,0.0,LOW
876,618202,"Construction of 2 lane with paved shoulders Baramulla Bypass Greenfield bypass
from existing Ch. Km 47020 to Km 56720 and Design Ch. From 48500 to 62600 Total
length 14.100 km on road Srinagar Baramulla Uri NH-01 in the UT of Jammu &
Kashmir under Project.Package-III",MoRTH,Ministry of Road Transport & Highways,Roads & Highways,"Jammu and
Kashmir",03/2023,09/2024,09/2026,07/2027,,992.43,992.43,112.16,46.8,2023-03-01,2024-09-01,2026-09-01,2027-07-01,,0.0,23.98160315374507,33.93561103810775,9.954007884362682,,9.954007884362682,0.11301552754350433,2023,21.20576923076923,0,0.11301552754350433,LOW
877,618203,"Construction of 4 lane with paved shoulder Pattan bypass Greenfield bypass from
existing Ch. Km 24320 to Km 33760 and Design Ch. from Km 24400 to Km 35300,
total length 10.900 km on road SrinagarBaramulla Uri NH-01 in the UT of Jammu &
Kashmir under Project BEACON, Border Roads Organization BRO on EPC mode.
Package-II",MoRTH,Ministry of Road Transport & Highways,Roads & Highways,"Jammu and
Kashmir",03/2023,08/2024,07/2026,02/2027,,980.21,980.21,132.03,57.0,2023-03-01,2024-08-01,2026-07-01,2027-02-01,,0.0,22.963206307490143,30.02628120893561,7.063074901445468,,7.063074901445468,0.1346956264473939,2023,17.19666666666667,0,0.1346956264473939,LOW
878,618204,"Construction of realignment between Pandrass- Pashkyun Total length 27.10 km
on road Zozila-Kargil -Leh NH-1 to 2 lane specifications i.e. Drass alignment 9.30
km Kharboo realignment 6.30 km & Kargil alignment 11.50 km under project
Vijayak BRO in the UT of Ladakh on EPC Mode",MoRTH,Ministry of Road Transport & Highways,Roads & Highways,"Jammu and
Kashmir",11/2021,06/2023,06/2025,07/2027,,426.15,426.15,112.2,54.89,2021-11-01,2023-06-01,2025-06-01,2027-07-01,,0.0,24.014454664914584,48.98160315374507,24.967148488830485,,24.967148488830485,0.2632875747976065,2021,7.763709236655128,0,0.2632875747976065,MEDIUM
879,618205,"Construction of 4 lane with paved shoulder from Existing Ch. 14200 to 24320 Design
Ch. 14200 to 24400, Ch. 33760 to 42780 Design Ch. 35300 to 44294 & Ch. 43440 to
47020 Design Ch. 44958 to 48500 Delina Flyover including construction of flyover
length 1.704 km of total length 22.736 kms in AOR of 760 BRTF on road SRINAGAR
BARAMULA URI NH-01 in the UT of Jammu & Kashmir under project BEACON,
Border Roads Organization BRO Package-IJob No NH-1-J&K-2022-23-110",MoRTH,Ministry of Road Transport & Highways,Roads & Highways,"Jammu and
Kashmir",06/2022,08/2023,08/2025,12/2026,,823.46,823.46,298.96,85.5,2022-06-01,2023-08-01,2025-08-01,2026-12-01,,0.0,24.014454664914584,40.01314060446781,15.998685939553223,,15.998685939553223,0.36305345736283484,2022,9.631111111111112,0,0.36305345736283484,LOW
880,618206,"Widening and Strengthening of Rafiabad-Kupwara-Chowkibal-Tangdhar-Chamkot NH-
701 road from design Ch. From 0000 to 51000 to two lanes with paved shoulders
under Project Beacon in the UT of Jammu & Kashmir on EPC mode Package-I",MoRTH,Ministry of Road Transport & Highways,Roads & Highways,"Jammu and
Kashmir",03/2024,11/2024,05/2027,-,,1404.94,1404.94,160.59,41.7,2024-03-01,2024-11-01,2027-05-01,,,0.0,29.927726675427067,,0.0,,0.0,0.11430381368599371,2024,33.6916067146283,1,0.11430381368599371,LOW
881,618207,"Widening to 2-lane with Hard Shoulder configuration of Mana Ch. 0.00 to Mana Pass
Ch. 50.987 road on NH-07 under Bharatmala Pariyojna in the state of Uttarakhand
under Annual Plan 2022-23 length 50.987",MoRTH,Ministry of Road Transport & Highways,Roads & Highways,Uttarakhand,10/2022,10/2023,10/2027,10/2028,,573.96,573.96,0.0,21.03,2022-10-01,2023-10-01,2027-10-01,2028-10-01,,0.0,47.99605781865966,60.019710906701704,12.023653088042046,,12.023653088042046,0.0,2022,27.29243937232525,0,0.0,LOW
882,618208,"Construction and upgradation of existing road to 2-lane with paved shoulder from
existing chainage Km 509.725 to Km 528.000 design chainage Km 490.550 to Km
507.850 of NH-58 new NH-07 Benakuli bend to Mana Village in EPC mode under
Chardham Programme in the State of Uttarakhand",MoRTH,Ministry of Road Transport & Highways,Roads & Highways,Uttarakhand,02/2019,11/2019,10/2021,-,,180.1,180.1,0.0,95.0,2019-02-01,2019-11-01,2021-10-01,,,0.0,22.996057818659658,,0.0,,0.0,0.0,2019,1.8957894736842105,0,0.0,LOW
883,618209,"Construction & up gradation of existing road to 2-Lane with paved shoulder from
existing chainage km 468000 to km 489350 Design Chainage km 465150 to km
471500 of NH-07 Old NH-58 including Joshimath bypass on EPC mode in the state of
Uttarakhand Length 6.35 km",MoRTH,Ministry of Road Transport & Highways,Roads & Highways,Uttarakhand,03/2022,09/2022,09/2025,08/2027,,258.85,258.85,0.0,37.23,2022-03-01,2022-09-01,2025-09-01,2027-08-01,,0.0,36.00525624178712,58.96846254927726,22.96320630749014,,22.96320630749014,0.0,2022,6.952726295997852,0,0.0,LOW
884,618210,"Rehabilitation and upgradation of Askot-Lipulekh on EPC Basis for Phase-I Existing
Km 72.00 to 107.620 Design Chainage Km 21330 to Km 56935 under Project Hirak of
BRO in the state of Uttarakhand under Bharatmala Pariyojna Phase-I on EPC Mode
Length-35.605 Km CA No EPC/MORT&H/HRK/01/2021-22",MoRTH,Ministry of Road Transport & Highways,Roads & Highways,Uttarakhand,09/2020,12/2021,12/2023,07/2026,,603.92,603.92,0.0,81.17,2020-09-01,2021-12-01,2023-12-01,2026-07-01,,0.0,23.98160315374507,54.96057818659658,30.97897503285151,,30.97897503285151,0.0,2020,7.4401872613034366,0,0.0,MEDIUM
885,618211,"Improvement/construction of 2-lane with paved shoulder of Askote Llipulekh road from
Tawaghat village to Budhi village design km. 56935 to km 95748 and from end of
Tunnel portal to Kali Mandir design km 113828 to km. 133078 [total design length
58.063 km] under project Hirak of BRO in the state of Uttarakhand under Bharatmala
Pariyojna on EPC Mode",MoRTH,Ministry of Road Transport & Highways,Roads & Highways,Uttarakhand,05/2022,11/2024,11/2026,07/2027,,649.6,649.6,0.0,37.19,2022-05-01,2024-11-01,2026-11-01,2027-07-01,,0.0,23.98160315374507,31.93166885676741,7.950065703022339,,7.950065703022339,0.0,2022,17.46706103791342,0,0.0,LOW
886,618212,"STABILIZATION OF LAND SLIDE AND SLOPE PROTECTION AT KM 11.00 TO KM
11.08, 29,730 KM TO 30,060 KM, 30,400 KM TO 31,060 KM, 34,750 KM TO 35,300
KM, 38,950 KM TO 39,030 KM & 39,460 KM TO 39,540 KM TWO LOC CLUBBED,
KM 40,400 TO KM 40,650, KM 43,500 KM 43,680, 52,460 RISHIKESH - DHARASU
ROAD NH-94 ON EPC MODE IN THE STATE OF UTTARAKHAND. NOSE OF LAND
SLIDE - 12 NOS",MoRTH,Ministry of Road Transport & Highways,Roads & Highways,Uttarakhand,01/2024,10/2025,04/2027,-,,197.26,197.26,0.0,22.0,2024-01-01,2025-10-01,2027-04-01,,,0.0,17.969776609724047,,0.0,,0.0,0.0,2024,8.966363636363637,0,0.0,LOW
887,618213,"Rehabilitation and Upgradation of road Rishikesh Dharasu Old NH-94 with 2-lane with
paved shoulder from km 76.000 to km 110.000 Design Chainage from km 74.733 to
km 107.347 32.614 km including construction of Kamand re-alignment from existing
Chainage Km 105.200 to Km 108.600 design chainage Km 103.436 to Km 105.949 -
total length 2513 mtrs and land slide treatment work between design chainage Km
73.800 to Km 74.00 200m on EPC mode under improvement to NH connectivity to
Chardham in",MoRTH,Ministry of Road Transport & Highways,Roads & Highways,Uttarakhand,03/2018,01/2019,01/2021,07/2026,,273.76,273.76,0.0,96.46,2018-03-01,2019-01-01,2021-01-01,2026-07-01,,0.0,24.014454664914584,89.94743758212877,65.93298291721419,,65.93298291721419,0.0,2018,2.838067592784574,0,0.0,MEDIUM
888,618214,"Rehabilitation and upgradation to 2 lane / 2 lane with paved shoulder configuration for
design chainage km 107.347 to km 129.208 & km 133.878 to km 138.570 existing
chainage km 110.000 to km 133.020 & km 137.330 to km 142.028 and land slide
treatment at existing km 138.500 Design chainage km 134.970 of NH -94 on EPC
mode under improvement to NH connectivity to Chardham in the state of Uttarakhand",MoRTH,Ministry of Road Transport & Highways,Roads & Highways,Uttarakhand,03/2018,01/2019,07/2021,06/2024,,346.5,346.5,0.0,100.0,2018-03-01,2019-01-01,2021-07-01,2024-06-01,,0.0,29.96057818659658,64.98028909329828,35.019710906701704,,35.019710906701704,0.0,2018,3.465,0,0.0,MEDIUM
889,618215,"Improvement/construction of existing CL-5 Road to NH Intermediate lane specification
with hard shoulder from Km 166.000 to 203.77 net Length 37.770 kms of NH-505
Sumdo-Kaza-Gramphoo road in the state of Himachal Pradesh on EPC mode
under project Deepak, BRO",MoRTH,Ministry of Road Transport & Highways,Roads & Highways,Himachal Pradesh,06/2021,06/2024,06/2027,06/2027,,274.36,194.0,0.0,22.26,2021-06-01,2024-06-01,2027-06-01,2027-06-01,,-0.2928998396267678,35.972404730617605,35.972404730617605,0.0,,0.0,0.0,2021,12.325247079964061,0,0.0,LOW
890,618216,"Improvement/construction of existing CL-5 Road to NH Intermediate lane specification
with hard shoulder from Km 133.000 to 166.000 net Length 33.000 kms of NH-505
Sumdo-Kaza-Gramphoo road in the state of Himachal Pradesh on EPC mode under
project Deepak, BRO",MoRTH,Ministry of Road Transport & Highways,Roads & Highways,Himachal Pradesh,03/2021,07/2023,06/2026,09/2027,,230.55,203.15,31.4,23.24,2021-03-01,2023-07-01,2026-06-01,2027-09-01,,-0.11884623725872914,35.019710906701704,50.03285151116951,15.013140604467807,,15.013140604467807,0.15456559192714742,2021,9.92039586919105,0,0.13619605291693773,LOW
891,618217,"Improvement/construction of existing Class-5 Road to NH Intermediate lane
specification with hard shoulder from existing Km 76/340 to 134/940 Design chainage
from Km 76/300 to 133/000 net Length 56.700 kms of NH-505 Sumdo-Kaza-
Gramphoo road in the state of Himachal Pradesh Package I",MoRTH,Ministry of Road Transport & Highways,Roads & Highways,Himachal Pradesh,03/2021,05/2023,05/2026,08/2027,,314.67,244.15,93.27,62.28,2021-03-01,2023-05-01,2026-05-01,2027-08-01,,-0.22410779546826837,36.00525624178712,51.01839684625492,15.0131406044678,,15.0131406044678,0.3820192504607823,2021,5.052504816955684,0,0.2964057584135761,LOW
892,618218,"Rehabilitation & upgradation of existing road to 2-lane with hard shoulder from
Joshimath km 0.00 to Saraithota km 29.725 road on NH-107B under Bharatmala
Pariyojna on EPC mode in the state of Uttarakhand",MoRTH,Ministry of Road Transport & Highways,Roads & Highways,Uttarakhand,10/2022,05/2023,05/2025,03/2027,,338.38,338.38,0.0,80.0,2022-10-01,2023-05-01,2025-05-01,2027-03-01,,0.0,24.014454664914584,45.992115637319316,21.97766097240473,,21.97766097240473,0.0,2022,4.22975,0,0.0,LOW
893,618219,"Upgradation to 2-lane with Hard shoulder configuration of Suraithota Ch. 29.725 km to
Malari Ch. 60.550 km road on NH- 107B under in the state of Uttarakhand",MoRTH,Ministry of Road Transport & Highways,Roads & Highways,Uttarakhand,10/2022,05/2024,05/2026,12/2026,,292.76,292.76,0.0,76.67,2022-10-01,2024-05-01,2026-05-01,2026-12-01,,0.0,23.98160315374507,31.011826544021023,7.030223390275953,,7.030223390275953,0.0,2022,3.8184426764053736,0,0.0,LOW
894,618220,"Reconstruction and widening to 2 lane with paved shoulder from existing chainage km
102000 to km 134950 Design chainage km 90150 to km 116980 including construction
of Naushera Tunnel Total length of tunnel 0.700 km under 31 TF on Akhnoor-Poonch
road NH-144A in the UT of Jammu & Kashmir under Project Sampark BRO on EPC
mode Package-V Job no NH-144A-J&K-2020-21-104",MoRTH,Ministry of Road Transport & Highways,Roads & Highways,"Jammu and
Kashmir",03/2021,07/2022,07/2024,03/2026,,642.24,572.51,0.0,100.0,2021-03-01,2022-07-01,2024-07-01,2026-03-01,,-0.1085731190832088,24.014454664914584,43.98817345597897,19.97371879106439,,19.97371879106439,0.0,2021,6.4224,0,0.0,LOW
895,618221,"Rehabilitation and upgradation to 2 lane with paved shoulder from existing chainage
Km 166.100 to Km 192.98 design chainage Km 146.700 to Km 162.800 including
construction of Bhimber Gali Tunnel Total Length of Tunnel 1.100 Km under 31 BRTF
on Akhnoor-Poonch Roads on EPC mode NH-144A Package-VII",MoRTH,Ministry of Road Transport & Highways,Roads & Highways,"Jammu and
Kashmir",09/2021,07/2024,07/2026,07/2027,,734.64,734.64,0.0,60.0,2021-09-01,2024-07-01,2026-07-01,2027-07-01,,0.0,23.98160315374507,35.972404730617605,11.990801576872535,,11.990801576872535,0.0,2021,12.244,0,0.0,LOW
896,618222,"Widening and Strengthening up gradation to 2 lane with paved shoulder from existing
chainage Km 192.98 to Km 229.820 design chainage Km 162.800 to Km 198.18 under
31 BRTF on Akhnoor-Poonch Road NH-144A in the UT of Jammu and Kashmir under
Project Sampark Border Roads Organisation BRO on EPC Mode Package-VIII Job No
NH-144A-J&K-2022-2023-111",MoRTH,Ministry of Road Transport & Highways,Roads & Highways,"Jammu and
Kashmir",10/2022,01/2024,01/2026,03/2027,,562.45,562.45,158.68,71.27,2022-10-01,2024-01-01,2026-01-01,2027-03-01,,0.0,24.014454664914584,37.943495400788436,13.929040735873851,,13.929040735873851,0.2821228553649213,2022,7.891819840044901,0,0.2821228553649213,LOW
897,618223,"Rehabilitation and up-gradation to 2 lane with paved shoulder from existing chainage
km 64535 to km 85385 Design chainage km 55800 to km 74350 under 13 TF on
Akhnoor-Poonch road NH-144A under Project Sampark BRO in the UT of Jammu &
Kashmir on EPC mode Package-III Job no NH-144A-J&K-2019-20-79",MoRTH,Ministry of Road Transport & Highways,Roads & Highways,"Jammu and
Kashmir",03/2020,09/2021,09/2023,12/2026,,152.93,152.93,77.62,90.06,2020-03-01,2021-09-01,2023-09-01,2026-12-01,,0.0,23.98160315374507,62.97634691195795,38.99474375821288,,38.99474375821288,0.5075524749885568,2020,1.6980901621141462,0,0.5075524749885568,MEDIUM
898,618224,"Rehabilitation and up-gradation to 2 lane with paved shoulder from existing chainage
km 49150 to km 64535 Design chainage km 46.450 to km 55.800 including
construction of Sungal Tunnel Total length of Tunnel 2.79 km under 13 TF on
Akhnoor-Poonch road NH-144A under Project Sampark BRO in the UT of Jammu &
Kashmir on EPC mode Package-II Job no NH-144A-J&K-2019-20-78",MoRTH,Ministry of Road Transport & Highways,Roads & Highways,"Jammu and
Kashmir",03/2020,08/2021,08/2024,08/2026,,796.97,796.97,440.97,92.1,2020-03-01,2021-08-01,2024-08-01,2026-08-01,,0.0,36.00525624178712,59.98685939553219,23.98160315374507,,23.98160315374507,0.5533081546356826,2020,8.653311617806732,0,0.5533081546356826,LOW
899,618225,"Rehabilitation and up-gradation to 2 lane with paved shoulder from existing chainage
km 134950 to km 166100 Design chainage km 116980 to km 146700 under 31 TF on
Akhnoor-Poonch road NH-144A in the UT of Jammu & Kashmir under Project
Sampark BRO on EPC mode Package-VI Job no NH-144A-J&K-2021-22-106",MoRTH,Ministry of Road Transport & Highways,Roads & Highways,"Jammu and
Kashmir",07/2021,07/2022,07/2024,12/2026,,395.25,395.25,162.0,89.2,2021-07-01,2022-07-01,2024-07-01,2026-12-01,,0.0,24.014454664914584,53.022339027595265,29.00788436268068,,29.00788436268068,0.4098671726755218,2021,4.431053811659193,0,0.4098671726755218,MEDIUM
900,618226,"Rehabilitation and upgradation to 2 lane with paved shoulder from existing chainage
Km 30.053 to Km 49.150 design chainage Km 30.000 to Km 46.450 including Kandi
Tunnel under 31 BRTF on Akhnoor-Poonch Road NH-144A Under Project Sampark in
the UT of Jammu & Kashmir EPC modePackage-I Job no NH-144A-J&K-2020-21-83",MoRTH,Ministry of Road Transport & Highways,Roads & Highways,"Jammu and
Kashmir",07/2020,11/2022,11/2024,12/2026,,272.49,272.49,160.08,95.27,2020-07-01,2022-11-01,2024-11-01,2026-12-01,,0.0,24.014454664914584,48.98160315374507,24.967148488830485,,24.967148488830485,0.5874710998568755,2020,2.860186837409468,0,0.5874710998568755,MEDIUM
901,618227,"Development to 4/6-lanning of NH-31 New NH-10 with both side service roads from
km 569.258 to km 581.030 end of AH-02 project on NH- 31 near Shivmandir to
Sevoke Army Cantonment in districts of Darjeeling and Jalpaiguri in the state of West
Bengal on EPC Mode Job No. 010/WB/2021-22/490",MoRTH,Ministry of Road Transport & Highways,Roads & Highways,West Bengal,03/2022,03/2023,09/2025,03/2027,,995.04,1059.2,590.78,74.98,2022-03-01,2023-03-01,2025-09-01,2027-03-01,,0.0644798199067375,30.059132720105122,47.99605781865966,17.936925098554536,,17.936925098554536,0.5577605740181268,2022,13.270738863696984,0,0.5937248753818942,LOW
902,618228,"construction of a new 4 lane Parallel to existing MG Setu with its approaces from km
0.00 to km 14.500 across river Ganga on NH-19 at Patna in the state of Bihar",MoRTH,Ministry of Road Transport & Highways,Roads & Highways,Bihar,02/2019,03/2021,09/2024,12/2027,,2926.42,2926.42,622.65,75.33,2019-02-01,2021-03-01,2024-09-01,2027-12-01,,0.0,42.04993429697766,81.01182654402102,38.96189224704336,,38.96189224704336,0.21276850212888102,2019,38.84800212398779,1,0.21276850212888102,MEDIUM
903,618229,"Rehabilitation and upgradation to 2-lane with paved sholuders configuration of Near
Karri village-Etawah section Km30.000 to Km 57.346 Pakage-II of NH-92 in state of
Uttar Pradesh undergreen national Highway Corridor ProjectGNHCP with the loan
assistance of world Bank on EPC mode",MoRTH,Ministry of Road Transport & Highways,Roads & Highways,Uttar Pradesh,04/2020,08/2022,02/2024,02/2025,,211.09,206.56,0.0,100.0,2020-04-01,2022-08-01,2024-02-01,2025-02-01,,-0.021460040740916203,18.035479632063073,30.059132720105122,12.02365308804205,,12.02365308804205,0.0,2020,2.1109,0,0.0,LOW
904,618230,"Rehabilitation and Upgradation to 2-lane configuration of Kalwahn-Mandi Section km
208.950 to 250.592 of NH-70 in the State of Himachal Pradesh under Green National
Highways Corridor Project GNHCP with the loan assistance of World Bank on EPC
mode.Package-3",MoRTH,Ministry of Road Transport & Highways,Roads & Highways,Himachal Pradesh,08/2020,10/2022,04/2025,12/2026,,314.32,314.32,0.0,70.58,2020-08-01,2022-10-01,2025-04-01,2026-12-01,,0.0,29.993429697766096,50.0,20.006570302233904,,20.006570302233904,0.0,2020,4.453386228393312,0,0.0,LOW
905,618231,"Rehabilitation and Upgradation to 2-lane configuration of Hamirpur-Karnohal Section
km 141.00 to 181.00 of NH-70 in the State of Himachal Pradesh under Green National
Highways Corridor Project GNHCP with the loan assistance of World Bank on EPC
mode.Package-1",MoRTH,Ministry of Road Transport & Highways,Roads & Highways,Himachal Pradesh,08/2020,06/2022,12/2024,09/2026,,371.93,371.93,198.34,93.62,2020-08-01,2022-06-01,2024-12-01,2026-09-01,,0.0,30.02628120893561,51.01839684625492,20.992115637319312,,20.992115637319312,0.5332723899658538,2020,3.9727622302926724,0,0.5332723899658538,LOW
906,618232,"Rehabilitation and Upgradation to 2-lane configuration of Karnohal- Kalwahn Section
km 181.00 to 208.950 of NH-70 in the State of Himachal Pradesh under Green
National Highways Corridor Project GNHCP with the loan assistance of World Bank on
EPC mode.Package-2",MoRTH,Ministry of Road Transport & Highways,Roads & Highways,Himachal Pradesh,08/2020,11/2023,05/2026,12/2026,,251.62,190.02,77.84,58.0,2020-08-01,2023-11-01,2026-05-01,2026-12-01,,-0.24481360782131784,29.96057818659658,36.990801576872535,7.030223390275953,,7.030223390275953,0.4096410904115356,2020,4.338275862068966,0,0.30935537715602895,LOW
907,618233,"Construction of 6-lane bridge on Ganga on NH-96 and its approaches in Phaphamau
Allahabad on EPC mode",MoRTH,Ministry of Road Transport & Highways,Roads & Highways,Uttar Pradesh,07/2018,02/2021,02/2024,09/2026,,1948.25,1465.41,0.43,91.0,2018-07-01,2021-02-01,2024-02-01,2026-09-01,,-0.24783267034518153,35.972404730617605,66.95137976346912,30.978975032851515,,30.978975032851515,0.0002934332371145277,2018,21.40934065934066,1,0.00022071089439240345,MEDIUM
908,618234,"Construction of a new 4-lane major bridge across river Kosi at Phulaut including
Rehabilitation and upgradation of existing Birpur and Bihpur section of NH-106 from
km 106.000 to km 136.000 to 2-lane with paved shoulders in the State of Bihar on
EPC mode",MoRTH,Ministry of Road Transport & Highways,Roads & Highways,Bihar,09/2018,06/2021,06/2024,02/2027,,1478.4,1478.4,901.52,98.6,2018-09-01,2021-06-01,2024-06-01,2027-02-01,,0.0,36.00525624178712,68.03547963206307,32.03022339027595,,32.03022339027595,0.6097943722943723,2018,14.993914807302232,1,0.6097943722943723,MEDIUM
909,618235,"Balance work of Rehabilitation and Up-gradation to 4-Lane configuration of Ras-
Beawar Section Km 00.000 to km 30.050 of NH-158 in the State of Rajasthan under
Green National Highway Corridor Project GNHCP",MoRTH,Ministry of Road Transport & Highways,Roads & Highways,Rajasthan,01/2025,06/2025,12/2026,12/2026,,278.1,278.1,99.13,56.2,2025-01-01,2025-06-01,2026-12-01,2026-12-01,,0.0,18.00262812089356,18.00262812089356,0.0,,0.0,0.35645451276519236,2025,4.948398576512456,0,0.35645451276519236,LOW
910,618236,"Rehabilitation and Up-gradation of Dhindi - Digamarru section from Km 126/510 to Km
135/740 of NH -214 New NH -216 and digamarru -Losari section from Km 0/000 tp
Km 34/230 of NH-214 A New Nh-216 to two lane with paved shoulder in the state of
AP-NH",MoRTH,Ministry of Road Transport & Highways,Roads & Highways,Andhra Pradesh,02/2016,05/2016,05/2018,11/2023,,316.06,288.76,222.43,100.0,2016-02-01,2016-05-01,2018-05-01,2023-11-01,,-0.08637600455609698,23.98160315374507,90.01314060446781,66.03153745072274,,66.03153745072274,0.770293669483308,2016,3.1606,0,0.7037587799784851,MEDIUM
911,618237,"Rehabilitation and Up-gradation of Pasarlapudi to Dhindi section from Km
105/170 to Km 126/510 of NH -214 New NH -216 to two lane with paved
shoulder in the state of Andhra Pradesh under NHDP-IV",MoRTH,Ministry of Road Transport & Highways,Roads & Highways,Andhra Pradesh,03/2017,09/2017,01/2026,,09/2019,263.45,263.45,158.8,100.0,2017-03-01,2017-09-01,2026-01-01,,2019-09-01,0.0,100.0,,0.0,23.98160315374507,-76.01839684625493,0.6027709242740559,2017,2.6345,0,0.6027709242740559,LOW
912,618238,"Rehabilitation and Up-gradation of Thimmapuram to Gurajanapalli section from Km
26/150 to Km 41/161 of NH - 214 New NH - 216 to two lane with paved shoulder in
the state of Andhra Pradesh under NHDP-IV",MoRTH,Ministry of Road Transport & Highways,Roads & Highways,Andhra Pradesh,08/2016,01/2017,07/2018,09/2026,,350.61,432.91,233.93,98.2,2016-08-01,2017-01-01,2018-07-01,2026-09-01,,0.23473374975043498,17.936925098554532,115.9658344283837,98.02890932982916,,98.02890932982916,0.5403663579034903,2016,3.570366598778004,0,0.6672085793331622,MEDIUM-HIGH
913,618239,"Rehabilitation & Upgradation of NH214 New NH-216 from Km 34/230 to Km 84/550
Losari to Machavaram Section to two lane with paved shoulder in the state of
Andhrapradesh under NHDP-IV through Engineering, Procurement& Construction
EPC mode",MoRTH,Ministry of Road Transport & Highways,Roads & Highways,Andhra Pradesh,03/2016,09/2016,09/2018,07/2025,,445.22,459.37,512.79,98.6,2016-03-01,2016-09-01,2018-09-01,2025-07-01,,0.03178204033960733,23.98160315374507,105.946123521682,81.96452036793693,,81.96452036793693,1.116289701112393,2016,4.515415821501015,0,1.1517676654238354,MEDIUM
914,618240,"Rehabilitation and upgradation to 2-lane with paved sholuders configuration of Bewar-
naer Karri village section Km0.00 to Km30.00 Pakage-I of NH-92 in state of
Uttar Pradesh undergreen national Highway Corridor Project GNHCP with the loan
assistance of world Bank on EPC mode",MoRTH,Ministry of Road Transport & Highways,Roads & Highways,Uttar Pradesh,04/2020,09/2022,03/2024,08/2026,,236.47,236.47,0.0,100.0,2020-04-01,2022-09-01,2024-03-01,2026-08-01,,0.0,17.969776609724047,46.97766097240473,29.00788436268068,,29.00788436268068,0.0,2020,2.3647,0,0.0,MEDIUM
915,618242,"Widening and Reconstruction to 4-lane/4-lane with service road including structures
from Pokharia More at Km 47.600 Ex. Km 50.230 to Govindpur at km 62.949 Ex. Km
65.325 of Nh-419 in the State of Jharkhand on EPC mode",MoRTH,Ministry of Road Transport & Highways,Roads & Highways,Jharkhand,05/2022,01/2024,01/2026,01/2027,,300.46,300.46,94.18,54.54,2022-05-01,2024-01-01,2026-01-01,2027-01-01,,0.0,24.014454664914584,36.00525624178712,11.990801576872538,,11.990801576872538,0.31345270585102847,2022,5.508984231756509,0,0.31345270585102847,LOW
916,618243,"Construction of Basti Ring Road Phase-I with 4L configuration for Basti City in the
state of Uttar Pradesh on HAM mode",MoRTH,Ministry of Road Transport & Highways,Roads & Highways,Uttar Pradesh,12/2022,06/2025,06/2027,06/2027,,1138.72,1138.72,0.07,36.67,2022-12-01,2025-06-01,2027-06-01,2027-06-01,,0.0,23.98160315374507,23.98160315374507,0.0,,0.0,6.147253056062948e-05,2022,31.053176983910554,1,6.147253056062948e-05,LOW
917,618244,"Construction of Raebareli Ring Road Phase-2 with four Lane configuration for
Raebareli City in the state of Uttar Pradesh on Hybrid Annuity Model HAM basis",MoRTH,Ministry of Road Transport & Highways,Roads & Highways,Uttar Pradesh,03/2022,05/2025,05/2027,05/2027,,1273.72,1273.72,0.0,55.0,2022-03-01,2025-05-01,2027-05-01,2027-05-01,,0.0,23.98160315374507,23.98160315374507,0.0,,0.0,0.0,2022,23.158545454545454,1,0.0,LOW
918,618246,"Construction of New 4-Lane Bridge Parallel to existing Vikramashila Setufrom km
8920 to Km 13375including approach road 35m Naugachhia side &53 m Bhagalpur
sideacross River Ganga on newly declared NH-131B at Bhagalpur in the State of
Bihar",MoRTH,Ministry of Road Transport & Highways,Roads & Highways,Bihar,07/2020,05/2023,05/2027,03/2029,,1110.23,1110.23,522.58,52.6,2020-07-01,2023-05-01,2027-05-01,2029-03-01,,0.0,47.99605781865966,70.0065703022339,22.01051248357424,,22.01051248357424,0.47069526134224443,2020,21.10703422053232,1,0.47069526134224443,LOW
919,618247,"Construction of 4 lane Mirzapur bypass including bridge over river Ganga from km
0.000 to km 15.000 of NH 135A in the State of Uttar Pradesh on HAM Mode",MoRTH,Ministry of Road Transport & Highways,Roads & Highways,Uttar Pradesh,03/2024,01/2026,01/2029,01/2029,,1708.62,1708.62,0.0,7.0,2024-03-01,2026-01-01,2029-01-01,2029-01-01,,0.0,36.00525624178712,36.00525624178712,0.0,,0.0,0.0,2024,244.0885714285714,1,0.0,LOW
920,618248,"Widening to 4 lane from km. 139.00 to km 179.20 of NH-135A Pkg-III Jaunpur
Akbarpur section and Akbarpur bypass on Hybrid Annuity Mode in the state of Uttar
Pradesh",MoRTH,Ministry of Road Transport & Highways,Roads & Highways,Uttar Pradesh,05/2023,01/2026,01/2028,01/2028,,1653.15,1653.15,0.0,22.0,2023-05-01,2026-01-01,2028-01-01,2028-01-01,,0.0,23.98160315374507,23.98160315374507,0.0,,0.0,0.0,2023,75.14318181818182,1,0.0,LOW
921,618249,"Widening to 4 lane from km. 108.50 to km 139.00 of NH-135A Pkg-II Jaunpur
Akbarpur section on Hybrid Annuity Mode in the state of Uttar Pradesh",MoRTH,Ministry of Road Transport & Highways,Roads & Highways,Uttar Pradesh,03/2023,03/2025,03/2027,03/2027,,1511.57,1511.57,0.0,40.0,2023-03-01,2025-03-01,2027-03-01,2027-03-01,,0.0,23.98160315374507,23.98160315374507,0.0,,0.0,0.0,2023,37.789249999999996,1,0.0,LOW
922,618250,"Construction of 6-Lane Elevated / Extra Dose Cable Bridge on River Ganga parallel to
& Western side of Digha-Sonepur Rail cum-Road Bridge of NH 139W in the State of
Bihar",MoRTH,Ministry of Road Transport & Highways,Roads & Highways,Bihar,01/2024,05/2024,11/2027,12/2028,,3064.45,3064.45,0.0,18.66,2024-01-01,2024-05-01,2027-11-01,2028-12-01,,0.0,42.01708278580814,55.02628120893561,13.009198423127465,,13.009198423127465,0.0,2024,164.22561629153267,1,0.0,LOW
923,618251,"Improvement and Up gradation to four lane with Paved shoulder configuration from
Existing Km 0000 to Km 39500 design km 0500 to Km 40342, Design length km of NH
227A near Mehrauna GhatUP Bihar Border to Siwan on the state of Bihar on Hybrid
Annuity Model HAM basis",MoRTH,Ministry of Road Transport & Highways,Roads & Highways,Bihar,03/2023,09/2025,03/2028,03/2028,,1661.25,1661.25,0.83,9.07,2023-03-01,2025-09-01,2028-03-01,2028-03-01,,0.0,29.96057818659658,29.96057818659658,0.0,,0.0,0.0004996237772761475,2023,183.1587651598677,1,0.0004996237772761475,LOW
924,618252,"Improvement and Up-gradation to two Lane with Paved Shoulder/Four Lane
configuration from existing Km 130.000 to Km 191.000 design km 131.500 to Km
188.735, Design length 57.235 Km of NH-227A near Barhalganj to Mehrauna Ghat in
the state of Uttar Pradesh on Hybrid Annuity Model HAM basis",MoRTH,Ministry of Road Transport & Highways,Roads & Highways,Uttar Pradesh,01/2022,11/2024,05/2027,05/2027,,974.19,1344.61,1.2,58.0,2022-01-01,2024-11-01,2027-05-01,2027-05-01,,0.38023383528880383,29.927726675427067,29.927726675427067,0.0,,0.0,0.0008924520864786072,2022,16.79637931034483,0,0.0012317925661318632,LOW
925,618253,"Construction of missing link from Birhu to Lathiani from Km 35/550 Design chainage
Km 0.000 to Km 42/800 Design Chainage Km 8.153on NH-503A including Lathiani
Bridge on back water of Govindsagar and its approaches in Himachal Pradesh",MoRTH,Ministry of Road Transport & Highways,Roads & Highways,Himachal Pradesh,06/2023,03/2026,03/2029,03/2029,,870.95,896.86,0.0,0.0,2023-06-01,2026-03-01,2029-03-01,2029-03-01,,0.02974912451920313,36.00525624178712,36.00525624178712,0.0,,0.0,0.0,2023,870.95,0,0.0,LOW
926,618254,"Construction of Paderu bypass Km 0000 to Km 13000 of 2- lane with paved shoulder
on NH-516E",MoRTH,Ministry of Road Transport & Highways,Roads & Highways,Andhra Pradesh,03/2023,01/2025,07/2026,12/2026,,244.43,244.43,21.96,13.0,2023-03-01,2025-01-01,2026-07-01,2026-12-01,,0.0,17.936925098554532,22.963206307490143,5.026281208935611,,5.026281208935611,0.08984167246246369,2023,18.802307692307693,0,0.08984167246246369,LOW
927,618255,Two laning with paved shoulders of Lambasingi to Paderusection of NH 516E,MoRTH,Ministry of Road Transport & Highways,Roads & Highways,Andhra Pradesh,04/2020,11/2023,11/2025,03/2027,,361.24,358.05,145.94,56.69,2020-04-01,2023-11-01,2025-11-01,2027-03-01,,-0.00883069427527405,24.014454664914584,39.94743758212878,15.932982917214193,,15.932982917214193,0.4075967043708979,2020,6.372199682483684,0,0.40399734248698926,LOW
928,618256,"Rehabilitation and Upgradation to 2-lane with paved should ders Sir, configuration of
Chaprathipalem to Lambasingi section Km 165500 to Km 205000 of NH-516E in the
State of Andhra Pradesh under Green National Highways Corridor Project GNHCP
with the loan assistance of World Bank on EPC mode",MoRTH,Ministry of Road Transport & Highways,Roads & Highways,Andhra Pradesh,08/2020,10/2022,10/2024,07/2026,,311.22,311.22,211.05,93.01,2020-08-01,2022-10-01,2024-10-01,2026-07-01,,0.0,24.014454664914584,44.973718791064385,20.9592641261498,,20.9592641261498,0.6781376518218624,2020,3.3460918180840773,0,0.6781376518218624,LOW
929,618257,"Rehabilitation and Upgradation to 2-lane with paved shoulders configuration of
Koyyuru to Chaprathipalem section Km 120000 to Km 165500 of NH-516E in the
State of Andhra Pradesh under Green National Highways Corridor Project GNHCP
with the loan assistance of World Bank on EPC mode",MoRTH,Ministry of Road Transport & Highways,Roads & Highways,Andhra Pradesh,08/2020,07/2022,07/2024,07/2026,,349.29,349.29,264.86,98.09,2020-08-01,2022-07-01,2024-07-01,2026-07-01,,0.0,24.014454664914584,47.99605781865966,23.981603153745073,,23.981603153745073,0.7582810844856709,2020,3.56091344683454,0,0.7582810844856709,LOW
930,618258,"Two laning with paved shoulders of Gondiguda to Araku uptoBhallaguda section
of NH 516E",MoRTH,Ministry of Road Transport & Highways,Roads & Highways,Andhra Pradesh,08/2020,09/2021,12/2025,,09/2023,296.66,289.11,275.38,100.0,2020-08-01,2021-09-01,2025-12-01,,2023-09-01,-0.025450010112586834,50.98554533508541,,0.0,23.98160315374507,-27.003942181340342,0.9525094254781916,2020,2.9666,0,0.9282680509674374,LOW
931,618259,Two laning with paved shoulders of Paderu to GundigudaSection of NH 516E,MoRTH,Ministry of Road Transport & Highways,Roads & Highways,Andhra Pradesh,08/2020,03/2021,10/2025,,03/2023,222.61,222.61,181.04,100.0,2020-08-01,2021-03-01,2025-10-01,,2023-03-01,0.0,55.02628120893561,,0.0,23.98160315374507,-31.044678055190538,0.8132608597996496,2020,2.2261,0,0.8132608597996496,LOW
932,618260,"Construction of Salempur bypass to 4LPS from km 64.000 of NH-727A Km 171.00 of
Sonauli Balia Marg, old SH-01, near Mahadahan Chauraha to km 61.500 of NH-727B
Km 178.500 of Sonauli Balia Marg, old SH-01, near near Ahirauli Village under Hybrid
Annuity Mode HAM in the State of Uttar Pradesh",MoRTH,Ministry of Road Transport & Highways,Roads & Highways,Uttar Pradesh,03/2022,11/2025,11/2027,11/2027,,1348.06,1348.06,0.0,35.0,2022-03-01,2025-11-01,2027-11-01,2027-11-01,,0.0,23.98160315374507,23.98160315374507,0.0,,0.0,0.0,2022,38.516,1,0.0,LOW
933,618262,"Construction of Deoria Bypass from existing Km. 27.140 to existing Km. 46.780
Design Km. 49.109 on NH727A Design length 21.969 Km. to four lane with paved
shoulder configuration under Hybrid Annuity Mode HAM in the State of Uttar Pradesh",MoRTH,Ministry of Road Transport & Highways,Roads & Highways,Uttar Pradesh,03/2023,08/2025,07/2027,07/2027,,1734.7,1734.7,0.0,10.0,2023-03-01,2025-08-01,2027-07-01,2027-07-01,,0.0,22.963206307490143,22.963206307490143,0.0,,0.0,0.0,2023,173.47,1,0.0,LOW
934,618263,"Rehabilitation and Up-gradation to 2LPS from Km. 0.000 to Km. 7.800 and Km.
35.400 to Km. 52.345 Design length 24.745 Km., except Bihar portion of NH-727B
Tamkuhiraj to Bihar Border and Bihar Border to Majhauli on EPC mode in the State of
Uttar Pradesh",MoRTH,Ministry of Road Transport & Highways,Roads & Highways,Uttar Pradesh,03/2023,01/2025,07/2026,08/2026,,701.02,701.02,156.4,81.18,2023-03-01,2025-01-01,2026-07-01,2026-08-01,,0.0,17.936925098554532,18.95532194480946,1.0183968462549267,,1.0183968462549267,0.22310347778950673,2023,8.635378171963536,0,0.22310347778950673,LOW
935,618264,"Widening and Strengthening to two Lane with Paved Shoulder/Four Lane with paved
shoulder configuration from km. 61.500 of NH-727B near Nawalpur km 178.500 of
Sonauli Balia Marg, Old SH-01 i.e. end point of Salempur Bypass to km. 106.495 of
NH-727B near Sikanderpur under EPC mode",MoRTH,Ministry of Road Transport & Highways,Roads & Highways,Uttar Pradesh,05/2023,12/2025,05/2028,05/2028,,2061.86,2061.86,222.2,41.0,2023-05-01,2025-12-01,2028-05-01,2028-05-01,,0.0,28.97503285151117,28.97503285151117,0.0,,0.0,0.10776677368977523,2023,50.28926829268293,1,0.10776677368977523,LOW
936,618265,"Rehabilitation and upgradation to 2-lane with paved sholuders configuration of
Miranpur Katra to radhaita section of NH-730CKm.114.000 to Km 137.250pakage-III
in state of Uttar Pradesh undergreen national Highway Corridor ProjectGNHCP with
the loan assistance of world Bank on EPC mode",MoRTH,Ministry of Road Transport & Highways,Roads & Highways,Uttar Pradesh,04/2020,07/2022,07/2024,12/2026,,172.5,169.56,0.13,92.0,2020-04-01,2022-07-01,2024-07-01,2026-12-01,,-0.017043478260869552,24.014454664914584,53.022339027595265,29.00788436268068,,29.00788436268068,0.000766690257136117,2020,1.875,0,0.0007536231884057972,MEDIUM
937,618266,"Rehabilitation and upgradation to 2-lane with paved sholuders configuration of Bewar-
Allahaganj- section of NH-730C Km.0.000 to Km 52.770 pakage-I in state of
Uttar Pradesh undergreen national Highway Corridor Project GNHCP with the loan
assistance of world Bank on EPC mode",MoRTH,Ministry of Road Transport & Highways,Roads & Highways,Uttar Pradesh,04/2020,11/2022,11/2024,09/2026,,325.24,340.16,0.0,99.0,2020-04-01,2022-11-01,2024-11-01,2026-09-01,,0.04587381625876281,24.014454664914584,45.992115637319316,21.97766097240473,,21.97766097240473,0.0,2020,3.2852525252525253,0,0.0,LOW
938,618267,"Widening/Upgradation to four lane configuration of Shahjahanpur-Bisalpur section
from km 0.00 to km 47.026 of NH-731K on Hybrid Annuity Mode in the state of Uttar
Pradesh",MoRTH,Ministry of Road Transport & Highways,Roads & Highways,Uttar Pradesh,03/2023,05/2026,05/2028,05/2028,,1590.2,1590.2,0.0,0.0,2023-03-01,2026-05-01,2028-05-01,2028-05-01,,0.0,24.014454664914584,24.014454664914584,0.0,,0.0,0.0,2023,1590.2,1,0.0,LOW
939,618282,4-L Bilasipara-Guwahati Package-10,NHIDCL,Ministry of Road Transport & Highways,Roads & Highways,Assam,03/2023,12/2023,06/2026,03/2027,,1264.9,1264.9,632.99,64.48,2023-03-01,2023-12-01,2026-06-01,2027-03-01,,0.0,29.993429697766096,38.96189224704336,8.968462549277262,,8.968462549277262,0.5004269112182781,2023,19.616935483870968,1,0.5004269112182781,LOW
940,618283,4-L Bilasipara-Guwahati Package-9,NHIDCL,Ministry of Road Transport & Highways,Roads & Highways,Assam,03/2023,12/2023,06/2026,03/2027,,1000.27,1000.27,505.47,59.78,2023-03-01,2023-12-01,2026-06-01,2027-03-01,,0.0,29.993429697766096,38.96189224704336,8.968462549277262,,8.968462549277262,0.5053335599388166,2023,16.73251923720308,1,0.5053335599388166,LOW
941,618284,"Widening/Improvement to 4-Lane with paved shoulder from Km 99930 to Km
143680 Design Chainage 96000 to 139750 of Paikan to Dhupdhara Sahar of
Bilasipura-Guwahati Road on NH-17 in the state of Assam on EPC mode under
Bharatmala Pariyojana in Economic Corridors Project Length 43.750km under
NHO-NE Package-8",NHIDCL,Ministry of Road Transport & Highways,Roads & Highways,Assam,03/2023,12/2023,12/2026,12/2026,,1457.59,1457.59,962.73,85.87,2023-03-01,2023-12-01,2026-12-01,2026-12-01,,0.0,36.00525624178712,36.00525624178712,0.0,,0.0,0.6604943777056649,2023,16.974379876557585,1,0.6604943777056649,LOW
942,618285,"Widening/Improvement to 4 -Lane with Paved Shoulder from Ch. 88.000km to
Ch.99.930 km Design Ch.84.100km to Ch.96.000 km of Sagunbashi forest near
Nichinta to starting of Krishnai Bypass Section of Bilasipura Guwahati road NH 17
on EPC Package-7",NHIDCL,Ministry of Road Transport & Highways,Roads & Highways,Assam,03/2021,10/2023,08/2025,,10/2025,286.72,286.72,220.81,100.0,2021-03-01,2023-10-01,2025-08-01,,2025-10-01,0.0,22.010512483574242,,0.0,24.014454664914584,2.003942181340342,0.7701241629464285,2021,2.8672000000000004,0,0.7701241629464285,LOW
943,618286,"Construction of New 2-Lane Bridge with its approaches from km 0000 to Km
4385 across River Brahmaputra on NH-17 at Jogighopa in Assam on EPC mode",NHIDCL,Ministry of Road Transport & Highways,Roads & Highways,Assam,09/2021,11/2021,11/2024,12/2026,,746.76,746.76,435.79,81.07,2021-09-01,2021-11-01,2024-11-01,2026-12-01,,0.0,36.00525624178712,60.972404730617605,24.96714848883048,,24.96714848883048,0.5835743746317424,2021,9.211298877513261,0,0.5835743746317424,MEDIUM
944,618287,"Widening/Improvement to 4-Lane with paved Shoulder from Ch. 25.633 Km to
Ch. 52.470 Km Design Ch. 21.850 Km to Ch.48.670 Km for Package-2 of
Bilasipura- Guwahati road NH-17 Section Near Mowatari, before Chapar Bypass
to Tulungia junction with NH-17 in the state of Assam on HAM mode under NHO-
NE Package-2",NHIDCL,Ministry of Road Transport & Highways,Roads & Highways,Assam,11/2023,12/2024,06/2027,06/2027,,1338.61,1338.61,199.15,12.45,2023-11-01,2024-12-01,2027-06-01,2027-06-01,,0.0,29.96057818659658,29.96057818659658,0.0,,0.0,0.14877372797155258,2023,107.51887550200803,1,0.14877372797155258,LOW
945,618288,"Widening/lmprovement to 4-Lane with Paved Shoulder from Ch.5.580 Km to
Ch.25.633 Km Design Ch.0.000 Km to Ch.17.737km Km 901.100 to Km 921.145
of old NH-31 of Bilasipara- Guwahati road NH-17 Section Near Chirakuta to near
Mowatari, before Chapar Bypass in the state ol Assam on HAM mode Package-1",NHIDCL,Ministry of Road Transport & Highways,Roads & Highways,Assam,02/2024,02/2025,08/2027,08/2027,,1081.15,1081.15,163.12,35.0,2024-02-01,2025-02-01,2027-08-01,2027-08-01,,0.0,29.927726675427067,29.927726675427067,0.0,,0.0,0.15087638163067105,2024,30.890000000000004,1,0.15087638163067105,LOW
946,618289,"Construction and up gradation to 4-Lane of existing two lane with paved shoulder
from Hapachara to Tulungia road of NH-117 of existing Km 0.00 to km 14.050
and Design Km 0.000 to km 14.660 under BMP on EPC mode",NHIDCL,Ministry of Road Transport & Highways,Roads & Highways,Assam,03/2020,06/2020,12/2022,03/2026,,224.85,224.85,209.95,97.76,2020-03-01,2020-06-01,2022-12-01,2026-03-01,,0.0,29.993429697766096,68.95532194480946,38.96189224704336,,38.96189224704336,0.9337336001778963,2020,2.300020458265139,0,0.9337336001778963,MEDIUM
947,618290,"Construction of 2-lane with Paved shoulder of Kohima- Bypass Road Connecting
NH-39New NH-02, NH-150New NH-02, NH-61New NH-29, NH-39New NH-02
from Design Km 32.00 to Design Km 43.454Design Length-11.454 Km in the
State of Nagaland under SARDP-NE on EPC Mode Package-IV",NHIDCL,Ministry of Road Transport & Highways,Roads & Highways,Nagaland,07/2020,10/2020,04/2022,12/2026,,202.36,202.36,102.32,46.77,2020-07-01,2020-10-01,2022-04-01,2026-12-01,,0.0,17.969776609724047,73.98160315374507,56.01182654402102,,56.01182654402102,0.5056335244119391,2020,4.326705152875775,0,0.5056335244119391,MEDIUM
948,618291,"Construction of 2-lane with Paved shoulder of Kohima-Bypass Road connecting
NH- 39 New NH-02, NH150New NH-02, NH7-61 New NH-29 and NH-39 New
NH-02 from Design km 21.000 to km 32.268 [Design length11.268 km] in the
state of Nagaland Under SARDP-NE on EPC Mode Package- 3",NHIDCL,Ministry of Road Transport & Highways,Roads & Highways,Nagaland,07/2020,06/2023,06/2025,12/2026,,159.85,342.29,128.32,39.54,2020-07-01,2023-06-01,2025-06-01,2026-12-01,,1.1413199874882705,24.014454664914584,42.01708278580814,18.002628120893558,,18.002628120893558,0.37488679190160384,2020,4.042741527567021,0,0.8027525805442602,MEDIUM-HIGH
949,618292,"Construction of 2-Lane with paved shoulder of Kohima-Bypass Road connecting
New NH-02 and New NH-29 from Design Km 10.500 to design Km 21.000
[Design Length- 10.500 km] including TUNNEL of 500m at Ch. 11.000 in the
state of Nagaland Under SARDP-NE on EPC Mode Package-2",NHIDCL,Ministry of Road Transport & Highways,Roads & Highways,Nagaland,07/2020,10/2020,10/2022,10/2027,,277.44,277.44,201.99,69.76,2020-07-01,2020-10-01,2022-10-01,2027-10-01,,0.0,23.98160315374507,83.96846254927726,59.98685939553219,,59.98685939553219,0.7280493079584776,2020,3.977064220183486,0,0.7280493079584776,MEDIUM
950,618293,"Construction of 2-Lane with paved shoulder of Kohima-Bypass Road connecting
NH-39New NH-02, NH-150New NH-02, NH-61New NH-29 and NH-39New NH-02
from design Km 0.00 to Km 10.500 in the State of Nagaland under SARDP-NE
on EPC Mode Package-1 -Balance work",NHIDCL,Ministry of Road Transport & Highways,Roads & Highways,Nagaland,07/2020,11/2023,11/2026,11/2026,,232.29,350.88,120.92,27.24,2020-07-01,2023-11-01,2026-11-01,2026-11-01,,0.5105256360583753,36.00525624178712,36.00525624178712,0.0,,0.0,0.3446192430460556,2020,8.527533039647578,0,0.520556201300099,MEDIUM-HIGH
951,618294,"Improvement and Widening of National Highway No. 127B Darugiri - Songsak -
Williamnagar Junction Section to two lane with paved shoulder from design Km
0000 to Km 36635 Design length 36.635 Km existing Km 112000 to Km 151060
of NH-1278 under Bharatmala Pariyojana Lot-1 Pkg-1B Meghalaya portion",NHIDCL,Ministry of Road Transport & Highways,Roads & Highways,Meghalaya,03/2023,09/2025,09/2027,09/2027,,801.07,801.07,176.55,26.8,2023-03-01,2025-09-01,2027-09-01,2027-09-01,,0.0,23.98160315374507,23.98160315374507,0.0,,0.0,0.22039272473067273,2023,29.890671641791045,0,0.22039272473067273,LOW
952,618295,"Improvement/Widening of New NH-217 Dainadubi-Darugiri section to Two lane
with paved shoulder in Meghalaya from design Km 0000 to Km 40840 existing
Km 8600 to Km 53000 of Old NH-62 under BMP Lot-1 Pkg-1B Meghalaya portion",NHIDCL,Ministry of Road Transport & Highways,Roads & Highways,Meghalaya,03/2023,03/2025,03/2027,03/2027,,705.83,705.83,0.0,46.38,2023-03-01,2025-03-01,2027-03-01,2027-03-01,,0.0,23.98160315374507,23.98160315374507,0.0,,0.0,0.0,2023,15.21841310909875,0,0.0,LOW
953,618296,"Balance work of Construction of 2-lane with hard shoulder of Kohima - Jessami
road on NH-29 old NH-150 from existing km 98.380 near Chizami vill. to
km120.367 Nagaland/Manipur Border [Design km 95.700 to design km 117.200]
[Design Length 21.500 km] in the state of Nagaland Under Bharatmala Pariyojna
on EPC Mode Package-V under NHO",NHIDCL,Ministry of Road Transport & Highways,Roads & Highways,Nagaland,03/2020,11/2023,11/2025,07/2026,,330.8,330.8,268.18,98.39,2020-03-01,2023-11-01,2025-11-01,2026-07-01,,0.0,24.014454664914584,31.964520367936924,7.950065703022339,,7.950065703022339,0.8107013301088271,2020,3.3621302977944914,0,0.8107013301088271,LOW
954,618297,"Construction of 2-lane with hard shoulder of Kohima - Jessami road on NH-29
Old NH-150 from existing Km 30.474 Near Kidwema road Chakahabama to
existing Km 53.220 Near Kikruma Village Design Km 29.60 to Km 51.50 Design
length-21.90 Km in the state of Nagaland Under Bharatmala Pariyojna on EPC
Mode under NHO Package-II -Balance work",NHIDCL,Ministry of Road Transport & Highways,Roads & Highways,Nagaland,03/2020,01/2024,01/2026,12/2026,,355.79,355.79,0.0,43.13,2020-03-01,2024-01-01,2026-01-01,2026-12-01,,0.0,24.014454664914584,34.98685939553219,10.972404730617608,,10.972404730617608,0.0,2020,8.249246464178066,0,0.0,LOW
955,618298,"Widening/Improvement of existing 2-Lane road to 4-Lane Divided Highway from
Sekmai to Nilakuthi section of Imphal-Kohima Road Design Chainage from Km
297700 to Km 308729 of NH-39 New NH-02 in state of Manipur on EPC mode
Pkg-5B",NHIDCL,Ministry of Road Transport & Highways,Roads & Highways,Manipur,03/2021,07/2021,01/2023,08/2026,,211.7,211.7,272.3,94.71,2021-03-01,2021-07-01,2023-01-01,2026-08-01,,0.0,18.035479632063073,61.00525624178712,42.96977660972405,,42.96977660972405,1.2862541332073691,2021,2.2352444303663814,0,1.2862541332073691,MEDIUM-HIGH
956,618299,"Improvement/Up-gradation of existing 2-Lane Road to 4-Lane Divided Highway
from Daili to Kuraopokpi section of Imphal-Kohima road NH-02 Design Chainage
from Km 274610 to Km 287000 in the state of Manipur on EPC mode Pkg-4B",NHIDCL,Ministry of Road Transport & Highways,Roads & Highways,Manipur,09/2020,12/2024,06/2026,01/2027,,268.98,268.98,206.28,76.63,2020-09-01,2024-12-01,2026-06-01,2027-01-01,,0.0,17.969776609724047,25.0,7.030223390275953,,7.030223390275953,0.766897167075619,2020,3.5101135325590502,0,0.766897167075619,LOW
957,618300,"Improvement/Up-gradation of existing 2-Lane Road to 4-Lane Divided Highway
from Taphukuki to Daili section of Imphal-Kohima road NH-02 Design Chainage
from Km 262175 to Km 274610 in the state of Manipur on EPC mode Pkg-4A",NHIDCL,Ministry of Road Transport & Highways,Roads & Highways,Manipur,09/2020,10/2020,04/2022,08/2026,,379.39,379.39,314.73,91.39,2020-09-01,2020-10-01,2022-04-01,2026-08-01,,0.0,17.969776609724047,69.97371879106439,52.003942181340335,,52.003942181340335,0.8295685178839717,2020,4.1513294671189405,0,0.8295685178839717,MEDIUM
958,618301,"Widening/Improvement of existing 2-lane to 4-Lane Divided Highway from
Kuraopokpi to Sekmai section of Imphal-Kohima Road Design Ch. km 287.00 to
297.700 of NH-39 New NH-02 in state of Manipur on EPC mode Pkg-5A",NHIDCL,Ministry of Road Transport & Highways,Roads & Highways,Manipur,09/2020,02/2025,08/2026,12/2026,,228.97,228.97,143.26,48.35,2020-09-01,2025-02-01,2026-08-01,2026-12-01,,0.0,17.936925098554532,21.944809461235216,4.007884362680684,,4.007884362680684,0.6256714853474253,2020,4.735677352637022,0,0.6256714853474253,LOW
959,618302,"Widening/Improvement to 2-lane with earthen shoulder of Yaingangpokpi - Finch
corner road section of NH-202 from Km 16.900 to Km 30.970 of NH-202 in the
state of Manipur on EPC mode Package-2",NHIDCL,Ministry of Road Transport & Highways,Roads & Highways,Manipur,03/2020,07/2020,06/2022,08/2026,,256.04,256.04,195.0,98.12,2020-03-01,2020-07-01,2022-06-01,2026-08-01,,0.0,22.996057818659658,72.99605781865965,49.99999999999999,,49.99999999999999,0.7615997500390563,2020,2.609457806767224,0,0.7615997500390563,MEDIUM
960,618303,"Widening/Improvement to 2-lane with earthen shoulder of Yaingangpokpi - Finch
corner road section of NH-202 from Km 0.000 to Km 16.900 of NH-202 in the
state of Manipur on EPC mode Package-1",NHIDCL,Ministry of Road Transport & Highways,Roads & Highways,Manipur,03/2020,07/2020,06/2022,08/2026,,222.77,222.77,140.9,88.96,2020-03-01,2020-07-01,2022-06-01,2026-08-01,,0.0,22.996057818659658,72.99605781865965,49.99999999999999,,49.99999999999999,0.632490909907079,2020,2.5041591726618706,0,0.632490909907079,MEDIUM
961,618304,"Widening/Improvement to 2 Lane with earthen shoulder of Jessami to Laynen
bridge Nagaland border section of NH-29 of Imphal -Ukhrul - Jessami Economic
Corridor from km 0.000 to km 11.009 in the State of Manipur on EPC mode under
Bharatmala Pariyojana, under NHO-NE Package-7",NHIDCL,Ministry of Road Transport & Highways,Roads & Highways,Manipur,03/2023,12/2024,06/2026,02/2027,,164.89,164.89,128.92,28.12,2023-03-01,2024-12-01,2026-06-01,2027-02-01,,0.0,17.969776609724047,26.018396846254927,8.04862023653088,,8.04862023653088,0.781854569713142,2023,5.86379800853485,0,0.781854569713142,MEDIUM
962,618305,"Widening/Improvement to 2 lane with earthen shoulder of Marrem Khullen to
Jessami section of NH-202 of Imphal - Ukhrul - Jessami Economic Corridor from
Design Chainage km 95.700 to km 140.180 in the State of Manipur on EPC
mode under Bharatmala Pariyojana under NHO-NE Package-6",NHIDCL,Ministry of Road Transport & Highways,Roads & Highways,Manipur,03/2023,12/2024,12/2026,08/2027,,554.66,554.66,225.73,26.22,2023-03-01,2024-12-01,2026-12-01,2027-08-01,,0.0,23.98160315374507,31.964520367936924,7.982917214191854,,7.982917214191854,0.4069700356975444,2023,21.154080854309687,0,0.4069700356975444,LOW
963,618306,"Widening/Improvement to 2 lane with earthen shoulder of Choithar to Marrem
Khullen section of NH-202 of Imphal Ukhrul Jessami Economic Corridor from
Design Chainage km 53.110 to km 95.700 in the State of Manipur on EPC mode
under Bharatmala Pariyojana, under NHO-NE Package-5",NHIDCL,Ministry of Road Transport & Highways,Roads & Highways,Manipur,03/2023,05/2025,03/2027,08/2027,,564.05,564.05,173.58,14.5,2023-03-01,2025-05-01,2027-03-01,2027-08-01,,0.0,21.97766097240473,27.003942181340342,5.026281208935611,,5.026281208935611,0.3077386756493219,2023,38.9,0,0.3077386756493219,LOW
964,618307,"Rehabilitation and up-gradation of road from km 16.077 to km 43.935 total length
27.858 km of Lalchara-Kanchanpur section via Shivbari on NH-44A to 2 lane with
paved shoulder in the state of Tripura on EPC Mode Pkg-2 under BharatMala
Pariyojana Manu-Simlung -2",NHIDCL,Ministry of Road Transport & Highways,Roads & Highways,Tripura,02/2022,01/2023,01/2025,01/2026,,456.88,456.88,205.69,54.56,2022-02-01,2023-01-01,2025-01-01,2026-01-01,,0.0,24.014454664914584,36.00525624178712,11.990801576872538,,11.990801576872538,0.4502057433023989,2022,8.373900293255131,0,0.4502057433023989,LOW
965,618308,"Construction of 4-Lane Panchgram Bypass from Design Chainage km 15500 on
NH-37 Old NH-53 at Kalinagar Pt.-I Village to Design Chainage km 27300 at
crossing with NH-6 Old NH-44 Near Siddeswar Pt.-I Village on Silchar -
Churaibari stretch in the State of Assam on EPC Mode under Bharatmala
Pariyojana in Economic Corridors Silchar- Churaibari Package-2",NHIDCL,Ministry of Road Transport & Highways,Roads & Highways,Assam,03/2023,08/2024,02/2027,03/2027,,676.18,728.97,339.78,57.17,2023-03-01,2024-08-01,2027-02-01,2027-03-01,,0.07807092785944583,30.02628120893561,30.946123521681997,0.9198423127463862,,0.9198423127463862,0.46610971644923654,2023,11.827531922336888,0,0.5024993344967317,LOW
966,618309,"Widening/lmprovement to 4-Laning and Greenfield alignment with Paved
shoulder of Silchar-Badarpur Churaibari section of NH-37 & NH-8 from Design
chainage 38.600 End point of proposed Badarpur Bypass to Km. 62.800 Start
point of proposed Nilambazar/Cheragi Bypass in the state of Assam on HAM
Mode Package-4",NHIDCL,Ministry of Road Transport & Highways,Roads & Highways,Assam,02/2024,08/2025,08/2027,08/2027,,1319.55,1319.55,185.17,23.07,2024-02-01,2025-08-01,2027-08-01,2027-08-01,,0.0,23.98160315374507,23.98160315374507,0.0,,0.0,0.14032814216967907,2024,57.197659297789336,1,0.14032814216967907,LOW
967,618310,"Widening/lmprovement to 4-L of Karimgani - sutarkandi section of NH 37 from
design Ch 0020 Start of proposed Karimganj Bypass from NH -8 to design
Chainage Km 14380 near Sutarkandi Spur Connectivity to Indo/Bangladesh
Border on Silchar-Churaibari in the State of Assam on HAM Mode Package-7",NHIDCL,Ministry of Road Transport & Highways,Roads & Highways,Assam,02/2024,02/2025,02/2027,02/2027,,791.79,791.79,135.54,41.88,2024-02-01,2025-02-01,2027-02-01,2027-02-01,,0.0,23.98160315374507,23.98160315374507,0.0,,0.0,0.17118175273746827,2024,18.90616045845272,0,0.17118175273746827,LOW
968,618311,"Widening/lmprovement to 4-Lane with Paved shoulder for existing as well as
Greenfield alignment of Badarpur Churaibari section of NH-8 from Design
chainage 87.700 Chandkhira to Km. 106.500 Churaibari section Assam-Tripura
border in the state of Assam on HAM Mode Package-6",NHIDCL,Ministry of Road Transport & Highways,Roads & Highways,Assam,03/2024,03/2025,03/2027,03/2027,,870.0,870.0,158.08,40.99,2024-03-01,2025-03-01,2027-03-01,2027-03-01,,0.0,23.98160315374507,23.98160315374507,0.0,,0.0,0.18170114942528737,2024,21.22468894852403,0,0.18170114942528737,LOW
969,618312,"Widening/lmprovement to 4-Lane with Paved Shoulder from existing road and
Greenfield alignment form Design Ch. 62.800 start of proposed
Nilambazar/Cheragi Bypass to Design Ch. 87.700 near Chandkhira Village of
NH-8 on Silchar-Churaibari in the state of Assam on HAM Mode Package-5",NHIDCL,Ministry of Road Transport & Highways,Roads & Highways,Assam,02/2024,04/2025,10/2027,10/2027,,1258.13,1258.13,186.86,14.04,2024-02-01,2025-04-01,2027-10-01,2027-10-01,,0.0,29.993429697766096,29.993429697766096,0.0,,0.0,0.14852201282856303,2024,89.61039886039887,1,0.14852201282856303,LOW
970,618313,"Widening/lmprovement of Existing 2 lane to 4-Laning of Karimganj-Silchar section
of NH-37 from Design Ch 0.000 near Silchar ISBT to Design Ch 15.970 near
Kalinagar Pt I on NH-37 in Assam on HAM Mode Pkg-1",NHIDCL,Ministry of Road Transport & Highways,Roads & Highways,Assam,03/2024,09/2025,09/2027,09/2027,,1181.55,1181.55,178.62,41.26,2024-03-01,2025-09-01,2027-09-01,2027-09-01,,0.0,23.98160315374507,23.98160315374507,0.0,,0.0,0.15117430493842834,2024,28.63669413475521,1,0.15117430493842834,LOW
971,618314,"4-Laning of Dhanehari Lailapur / Vairengte section from Existing Chainage km
12920 to km 43000 of NH 306 Design Chainage km 20000 to km 49360 on
Silchar - Vairengte Sairang road in the State of Assam under Bharatmala
Pariyojna on EPC mode. Project Length 29.360 km under NHO-NE Package-2",NHIDCL,Ministry of Road Transport & Highways,Roads & Highways,Assam,03/2023,02/2024,08/2026,03/2027,,1716.21,1716.21,1057.72,81.65,2023-03-01,2024-02-01,2026-08-01,2027-03-01,,0.0,29.96057818659658,36.925098554533506,6.964520367936924,,6.964520367936924,0.6163115236480384,2023,21.019105939987753,1,0.6163115236480384,LOW
972,618315,"4-Laning of Silchar - Dhanehari section from Existing Chainage km 263800 of NH
37 to km 12920 of NH 306 Design Chainage km 0000 to km 20000 on Silchar -
Vairengte - Sairang road in the State of Assam under Bharatmala Pariyojna on
EPC mode Package-1",NHIDCL,Ministry of Road Transport & Highways,Roads & Highways,Assam,02/2023,01/2024,07/2026,03/2027,,1256.9,1256.9,632.2,59.65,2023-02-01,2024-01-01,2026-07-01,2027-03-01,,0.0,29.96057818659658,37.943495400788436,7.982917214191854,,7.982917214191854,0.5029835309093802,2023,21.071248952221293,1,0.5029835309093802,LOW
973,618316,"4-Laning of Vairengte - Chhimluang section Package-3 of NH-306 from Existing
Chainage km 43000 to Km 59700 Design Chainage km 46000 to km 60850 on
Silchar - Vairengte- Sairang road in the State of Mizoram under Bharatmala
Pariyojna under NHO-NE. Package-1&2 in Assam state",NHIDCL,Ministry of Road Transport & Highways,Roads & Highways,Mizoram,12/2021,07/2025,01/2027,12/2026,,491.39,491.39,238.01,17.86,2021-12-01,2025-07-01,2027-01-01,2026-12-01,,0.0,18.035479632063073,17.017082785808146,-1.0183968462549267,,-1.0183968462549267,0.48436069110075497,2021,27.513437849944008,0,0.48436069110075497,LOW
974,618317,"4-Laning of chhimluang-Kolasib from section pkg-4 of NH-306 & NH-6 existing
chainage km 59700 to km 86000 design chainage km 61000 to km 77500 on
Silchar-vairengte-sairang road in the state of Mizoram under Bharatmala
Pariyojna on EPC mode Vairengte - Sairang Pkg-4",NHIDCL,Ministry of Road Transport & Highways,Roads & Highways,Mizoram,12/2021,07/2025,01/2027,12/2026,,561.91,561.91,223.99,17.12,2021-12-01,2025-07-01,2027-01-01,2026-12-01,,0.0,18.035479632063073,17.017082785808146,-1.0183968462549267,,-1.0183968462549267,0.3986225552134684,2021,32.82184579439252,0,0.3986225552134684,LOW
975,618318,"4-Laning of Kolasib - Sethawn section Package-5 of NH-6 from Existing
Chainage km 86000 to km 107850 Design Chainage km 77500 to km 95500 on
silchar - vairengte - sairang road under Bharatmala Pariyojna on EPC mode
under NHO-NE Vairengte - Sairang Pkg-5",NHIDCL,Ministry of Road Transport & Highways,Roads & Highways,Mizoram,11/2021,07/2025,07/2027,06/2027,,720.4,720.4,259.85,11.86,2021-11-01,2025-07-01,2027-07-01,2027-06-01,,0.0,23.98160315374507,22.996057818659658,-0.985545335085412,,-0.985545335085412,0.36070238756246537,2021,60.74198988195616,0,0.36070238756246537,LOW
976,618319,"4-Laning of Sethawn - N. Kawnpui section Package-6 of NH-6 from Existing
Chainage km 107850 to km 126315 Design Chainage km 95500 to km 111850
on Silchar-Vairengte- Sairang road, Vairengte - Sairang Pkg-6",NHIDCL,Ministry of Road Transport & Highways,Roads & Highways,Mizoram,12/2021,07/2025,01/2027,12/2026,,595.65,595.65,189.39,6.72,2021-12-01,2025-07-01,2027-01-01,2026-12-01,,0.0,18.035479632063073,17.017082785808146,-1.0183968462549267,,-1.0183968462549267,0.3179551750188869,2021,88.63839285714286,0,0.3179551750188869,LOW
977,618320,"Construction of 4-Laning of N. Kawnpui N. Mualvum Mualkhang via Khamrang
Village section Package-7 of NH-6 from Existing Chainage km 127200 to km
142000 Design Chainage km 111850 to km 123400 on Silchar - Vairengte -
Sairang road in the State of Mizoram on EPC mode",NHIDCL,Ministry of Road Transport & Highways,Roads & Highways,Mizoram,02/2024,10/2025,10/2028,-,,866.32,866.32,190.01,18.9,2024-02-01,2025-10-01,2028-10-01,,,0.0,36.00525624178712,,0.0,,0.0,0.21933003970819095,2024,45.83703703703704,0,0.21933003970819095,LOW
978,618321,"Construction of 4-Laning of West Serawlg-Sairang section of NH-6 from Existing
Chainage km 142000 to km 158900 Design Chainage km 123400 to km 136260
on Silchar - Vairengte - Sairang road in the State of Mizoram under Bharatmala
Pariyojna on EPC mode under NHO-NE Package-8",NHIDCL,Ministry of Road Transport & Highways,Roads & Highways,Mizoram,02/2024,11/2025,11/2028,-,,875.79,875.79,288.34,13.95,2024-02-01,2025-11-01,2028-11-01,,,0.0,36.00525624178712,,0.0,,0.0,0.32923417714292236,2024,62.78064516129032,0,0.32923417714292236,LOW
979,618323,"Construction of Twin Tube Uni-directional Aizawl Bypass Tunnel of 2.5 km and its
approaches of 2.1 km from km 10.600 to km 15.200 on Sarrang - Phaibawk
section of NH-6 in the State of Mizoram on EPC Mode under NHO-NE Package-
2",NHIDCL,Ministry of Road Transport & Highways,Roads & Highways,Mizoram,01/2024,12/2025,12/2028,-,,1313.28,1313.28,0.11,0.0,2024-01-01,2025-12-01,2028-12-01,,,0.0,36.00525624178712,,0.0,,0.0,8.375974658869397e-05,2024,1313.28,1,8.375974658869397e-05,LOW
980,618324,"Construction of 2-lane Aizawl Bypass from km 15.200 to km 34.500 Package-3
on Sairang - Phaibawk section of NH-6 in the State of Mizoram under Bharatmala
Pariyojna on EPC Mode under NHO-NE",NHIDCL,Ministry of Road Transport & Highways,Roads & Highways,Mizoram,02/2023,10/2025,11/2028,-,,720.72,720.72,102.62,15.1,2023-02-01,2025-10-01,2028-11-01,,,0.0,37.023653088042046,,0.0,,0.0,0.14238539238539238,2023,47.72980132450331,0,0.14238539238539238,LOW
981,618325,Dillai to Lahorijan Package-7,NHIDCL,Ministry of Road Transport & Highways,Roads & Highways,Assam,11/2021,01/2023,07/2024,04/2026,,204.1,204.1,142.21,0.0,2021-11-01,2023-01-01,2024-07-01,2026-04-01,,0.0,17.969776609724047,38.96189224704336,20.992115637319312,,20.992115637319312,0.696766291033807,2021,204.1,0,0.696766291033807,MEDIUM-HIGH
982,618326,"Widening/Improvement to 4-Lane with Paved Shoulder from KM 38500 to Km
51246 Design Chainage 38500 to 50959 with proposed Daboka Bypass of
Daboka-Parokhaowa of NH 29 on EPC under NHO-NE Package-1",NHIDCL,Ministry of Road Transport & Highways,Roads & Highways,Assam,01/2023,11/2023,11/2025,06/2026,,516.88,516.88,322.98,99.7,2023-01-01,2023-11-01,2025-11-01,2026-06-01,,0.0,24.014454664914584,30.97897503285151,6.964520367936924,,6.964520367936924,0.6248645720476707,2023,5.184353059177532,0,0.6248645720476707,LOW
983,618327,"Widening/Improvement to 4-Lane with Paved Shoulder from KM 113300 to Km
146230 Design Chainage 113830 to 145712 of Kwaram Taro Village - Dillai
Section in Assam on EPC Package-6",NHIDCL,Ministry of Road Transport & Highways,Roads & Highways,Assam,09/2021,07/2022,03/2025,,07/2024,625.64,625.64,578.19,100.0,2021-09-01,2022-07-01,2025-03-01,,2024-07-01,0.0,31.99737187910644,,0.0,24.014454664914584,-7.982917214191854,0.9241576625535453,2021,6.2564,0,0.9241576625535453,LOW
984,618328,"4-Laning of Balance work of Dimapur-Kohima Road from design km 152.490 to
km 166.700 Existing km 156.000 to km 172.900 Excluding Dimapur & Kohima
Bypass under SARDP-NE Package-III",NHIDCL,Ministry of Road Transport & Highways,Roads & Highways,Nagaland,03/2016,09/2023,09/2025,09/2026,,562.98,794.75,542.85,84.32,2016-03-01,2023-09-01,2025-09-01,2026-09-01,,0.41168425166080497,24.014454664914584,36.00525624178712,11.990801576872538,,11.990801576872538,0.683044982698962,2016,6.676707779886149,0,0.9642438452520516,LOW
985,618329,"Construction of 4/6 Laning from Km 132.375 to Km 153.058 Total New Alignment
length of 20.683 Km of Daboka-Dimapur Section Dimapur Bypass Nagaland
Portion of NH-36 & 39 in the State of Nagaland on EPC basis under PhaseA of
SARDP-NE",NHIDCL,Ministry of Road Transport & Highways,Roads & Highways,Nagaland,02/2017,09/2017,09/2025,,09/2020,819.39,819.39,635.0,100.0,2017-02-01,2017-09-01,2025-09-01,,2020-09-01,0.0,95.99211563731932,,0.0,36.00525624178712,-59.98685939553219,0.774966743553131,2017,8.1939,0,0.774966743553131,LOW
986,618330,"Construction of 4/6 Laning from existing Km 159.400 of NH-36 to existing Km
102.500 of NH-39 and upto end point of Assam portion [Design Km 118.050 to
design Km 132.375] Total New Alignment length of 14.325 Km of Daboka -
Dimapur Section Dimapur Bypass in the state of Assam under SARDP-NE
'Phase-A' on EPC mode Assam Portion",NHIDCL,Ministry of Road Transport & Highways,Roads & Highways,Assam,03/2018,11/2019,11/2025,,11/2022,511.02,511.02,671.35,100.0,2018-03-01,2019-11-01,2025-11-01,,2022-11-01,0.0,72.01051248357425,,0.0,36.00525624178712,-36.00525624178712,1.3137450589018043,2018,5.1102,0,1.3137450589018043,LOW
987,618331,"lmprovement to 4-Lane with Paved Shoulder from existing km 260000 Design
Ch.4560 km to existing km Ch.233000 D. Ch.24560 of Silchar near Nutan
Dayapur village - Budha Nagar Section Length-20.00 Km of NH-37 under
Package Silchar-Jiribam Pkg-1 in the state of Assam on HAM Mode",NHIDCL,Ministry of Road Transport & Highways,Roads & Highways,Assam,01/2024,01/2025,01/2028,01/2028,,957.95,957.95,214.64,47.27,2024-01-01,2025-01-01,2028-01-01,2028-01-01,,0.0,35.972404730617605,35.972404730617605,0.0,,0.0,0.22406179863249645,2024,20.265496086312673,0,0.22406179863249645,LOW
988,618333,"Widening to 2 lane with Paved shoulder of lmphal to Jiribam section of NH-37
from Design Ch. from km 169570 Near Nungkao vlllage under Tamenglong
District to km 205974 near Jiribam Bridge under Jiribam district under NHO-NE
PKG-7",NHIDCL,Ministry of Road Transport & Highways,Roads & Highways,Manipur,01/2023,12/2023,12/2025,12/2026,,760.16,760.16,428.13,92.52,2023-01-01,2023-12-01,2025-12-01,2026-12-01,,0.0,24.014454664914584,36.00525624178712,11.990801576872538,,11.990801576872538,0.5632103767627868,2023,8.216169476869865,0,0.5632103767627868,LOW
989,618334,"Widening to 2 Lane with Paved shoulder of lmphal to Jiribam section of NH-37
from Design Ch. from km 131.280 to km 169.570 on EPC mode in Manipur under
NHO-TSP PKG-6",NHIDCL,Ministry of Road Transport & Highways,Roads & Highways,Manipur,12/2021,02/2023,02/2025,12/2026,,504.76,504.76,325.89,95.2,2021-12-01,2023-02-01,2025-02-01,2026-12-01,,0.0,24.014454664914584,45.959264126149804,21.94480946123522,,21.94480946123522,0.6456335684285601,2021,5.302100840336134,0,0.6456335684285601,LOW
990,618335,"Widening to 2 Lane with Paved shoulder of lmphal to Jiribam section of NH-37
from Design Ch. from Km 101280 Near Khongsang Village to Km 131280 near
Puilon Kambiron Village on EPC Mode in Manipur PKG-5",NHIDCL,Ministry of Road Transport & Highways,Roads & Highways,Manipur,12/2021,11/2022,05/2024,12/2026,,410.68,410.68,382.67,91.02,2021-12-01,2022-11-01,2024-05-01,2026-12-01,,0.0,17.969776609724047,48.98160315374507,31.011826544021023,,31.011826544021023,0.9317960455829356,2021,4.511975390024171,0,0.9317960455829356,MEDIUM
991,618336,"Widening to 2 -Lane with Paved shoulder of Imphal to Jiribam section of NH-37
from Design Chainage 66.110 km to 101.280 Km Existing Chainage km 67.496 to
km 103.557 on EPC Mode in Manipur PKG-4",NHIDCL,Ministry of Road Transport & Highways,Roads & Highways,Manipur,09/2021,06/2022,12/2023,12/2026,,579.63,579.63,408.21,86.05,2021-09-01,2022-06-01,2023-12-01,2026-12-01,,0.0,18.00262812089356,54.007884362680684,36.00525624178712,,36.00525624178712,0.7042596138916205,2021,6.7359674607786175,0,0.7042596138916205,MEDIUM
992,618337,"Widening to 2 -Lane with Paved shoulder of Imphal to Jiribam section of NH-37
from Design Chainage 33.000 km to 66.390 Km Existing Chainage from km
33.395 to km 67.496 on EPC Mode in Manipur PKG-3",NHIDCL,Ministry of Road Transport & Highways,Roads & Highways,Manipur,03/2021,09/2021,03/2023,03/2026,,467.0,467.0,593.79,86.33,2021-03-01,2021-09-01,2023-03-01,2026-03-01,,0.0,17.936925098554532,53.942181340341655,36.00525624178712,,36.00525624178712,1.2714989293361885,2021,5.409475269315418,0,1.2714989293361885,MEDIUM-HIGH
993,618338,"Widening to 2-Lane with Paved shoulder of Imphal to Jiribam section of NH-37
from Design Chainage 15.940 km to 33.120 Km Existing Chainage Km 15.946 to
Km 33.395 Total length17.180 Km in the State of Manipur on EPC mode PKG-2 -
Balance Works & Rectification works",NHIDCL,Ministry of Road Transport & Highways,Roads & Highways,Manipur,03/2021,03/2025,03/2026,10/2026,,195.14,195.14,162.71,93.1,2021-03-01,2025-03-01,2026-03-01,2026-10-01,,0.0,11.990801576872535,19.021024967148488,7.030223390275953,,7.030223390275953,0.8338116224249258,2021,2.0960257787325456,0,0.8338116224249258,LOW
994,618339,"Widening/Improvement to 2-Lane Lane with Paved Shoulder from km 16900
Bogapani to km 27150 Golai Goan on existing Dibrugarh to Ledo section with
proposed Digboi Bypass Green Field and Brownfield 2-LanePS of NH-315 OLD
NH-38 in Tinsukia District under NHO- NE Package-4",NHIDCL,Ministry of Road Transport & Highways,Roads & Highways,Assam,01/2023,12/2023,12/2025,12/2026,,356.65,356.65,80.08,20.45,2023-01-01,2023-12-01,2025-12-01,2026-12-01,,0.0,24.014454664914584,36.00525624178712,11.990801576872538,,11.990801576872538,0.22453385672227674,2023,17.440097799511,0,0.22453385672227674,LOW
995,618340,"Widening/Improvement to 4-Lane with Paved Shoulder from km 626030 Nalani
hulla Gaon to km 650450 Chotahapjan on existing Tinsukhia -Makum Bypass of
NH-15 OLD NH-37 and Strengthening of existing NH-315 OLD NH-38 from Km
0000 Chotahapjan to Km 16900 Bogapani section 2-Lane PS in Assam on
EPCMode under NHO-NE Package-3",NHIDCL,Ministry of Road Transport & Highways,Roads & Highways,Assam,01/2023,05/2023,05/2025,10/2026,,458.59,458.59,261.02,88.99,2023-01-01,2023-05-01,2025-05-01,2026-10-01,,0.0,24.014454664914584,41.03153745072273,17.017082785808146,,17.017082785808146,0.5691794413310365,2023,5.15327564894932,0,0.5691794413310365,LOW
996,618341,"Up-gradation to 2-lane with paved shoulders of Ngopa - Pawlrang section of NH
102B of Aizawl - Imphal Economic Corridor from Existing Chainage km 32.796 to
km 72.030 [Design Chainage km 31.280 to km 68.170] in the State of Mizoram
under Bharatmala Pariyojna on EPC mode under NHO-NE Package-2 Keifang-
Tuivai Pkg-2",NHIDCL,Ministry of Road Transport & Highways,Roads & Highways,Mizoram,09/2021,09/2023,06/2025,,02/2025,523.78,523.78,426.69,100.0,2021-09-01,2023-09-01,2025-06-01,,2025-02-01,0.0,20.992115637319316,,0.0,17.04993429697766,-3.942181340341655,0.8146359158425294,2021,5.2378,0,0.8146359158425294,LOW
997,618342,"Rehabilitation and upgradation to 2 Lane with Paved shoulder of Economic
corridor of NH-6 from Design chaiange Km 0.000 to Km 13.510 Package-1 in the
state of Mizoram under Bharatmala Pariyojana on EPC mode",NHIDCL,Ministry of Road Transport & Highways,Roads & Highways,Mizoram,03/2020,07/2020,06/2022,06/2024,06/2024,206.9,206.9,214.51,100.0,2020-03-01,2020-07-01,2022-06-01,2024-06-01,2024-06-01,0.0,22.996057818659658,47.010512483574246,24.014454664914588,47.010512483574246,24.014454664914588,1.0367810536491058,2020,2.069,0,1.0367810536491058,MEDIUM
998,618343,"Rehabilitation and Up gradation to 2-lane with paved shoulder of Keifang Section
Economic Corridor of NH-06 from Existing Chainage Km 30050 Keifang to Km
50360 Keifang, Design Chainage Km 27400 to Km 45040 PkgIII in the State of
Mizoram under Bharatmala Pariyojna on EPC Mode Seling-Dulte - III",NHIDCL,Ministry of Road Transport & Highways,Roads & Highways,Mizoram,03/2020,07/2020,06/2022,10/2024,10/2024,292.23,292.23,298.93,100.0,2020-03-01,2020-07-01,2022-06-01,2024-10-01,2024-10-01,0.0,22.996057818659658,51.01839684625492,28.022339027595265,51.01839684625492,28.022339027595265,1.0229271464257605,2020,2.9223000000000003,0,1.0229271464257605,MEDIUM
999,618344,"Widening to 2-lane with Hard shoulder of Churachandpur to Tuivai Section of NH-
102B from Design Chainage 69.875 Km to 121.769 Km in the State of Manipur
on EPC mode Package-3",NHIDCL,Ministry of Road Transport & Highways,Roads & Highways,Manipur,03/2021,08/2021,08/2023,12/2026,,673.27,673.27,563.39,85.84,2021-03-01,2021-08-01,2023-08-01,2026-12-01,,0.0,23.98160315374507,63.99474375821288,40.01314060446781,,40.01314060446781,0.8367965303667176,2021,7.843313140726933,0,0.8367965303667176,MEDIUM
1000,618345,"Widening to 2-lane with Hard shoulder of Churachandpur to Tuivai Section from
Km 48.587 to Km 69.875 in the State of Manipur on EPC mode under NHO
Package-2B",NHIDCL,Ministry of Road Transport & Highways,Roads & Highways,Manipur,06/2020,08/2020,08/2022,08/2026,,365.53,365.53,198.28,88.2,2020-06-01,2020-08-01,2022-08-01,2026-08-01,,0.0,23.98160315374507,71.97766097240472,47.99605781865965,,47.99605781865965,0.5424452165348945,2020,4.144331065759637,0,0.5424452165348945,MEDIUM
1001,618346,"Widening to 2-lane with Hard shoulder of Churachandpur to Tuivai Section of NH-
102B from km 32.835 to km 48.587 in the State of Manipur on EPC mode under
NHO Package-2A",NHIDCL,Ministry of Road Transport & Highways,Roads & Highways,Manipur,04/2020,07/2020,06/2022,08/2026,,232.99,232.99,155.44,100.0,2020-04-01,2020-07-01,2022-06-01,2026-08-01,,0.0,22.996057818659658,72.99605781865965,49.99999999999999,,49.99999999999999,0.6671530966994291,2020,2.3299000000000003,0,0.6671530966994291,MEDIUM
1002,618347,"Widening to 2-lane with Hard shoulder of Churachandpur to Tuivai Section of NH-
102B from km 13.747 to km 32.835 in the State of Manipur on EPC mode under
NHO Package-1B",NHIDCL,Ministry of Road Transport & Highways,Roads & Highways,Manipur,04/2020,07/2020,06/2022,08/2026,,241.52,241.52,164.85,100.0,2020-04-01,2020-07-01,2022-06-01,2026-08-01,,0.0,22.996057818659658,72.99605781865965,49.99999999999999,,49.99999999999999,0.6825521695925802,2020,2.4152,0,0.6825521695925802,MEDIUM
1003,618348,"Balance work of Widening to 2 Two lane with hard shoulder of Churachandpur to
Tuivai section of NH-102B from km 130.000 to km 141.029 Package-4B in the
State of Manipur on EPC Mode",NHIDCL,Ministry of Road Transport & Highways,Roads & Highways,Manipur,06/2020,11/2025,11/2026,11/2026,,177.76,177.76,97.93,9.17,2020-06-01,2025-11-01,2026-11-01,2026-11-01,,0.0,11.990801576872535,11.990801576872535,0.0,,0.0,0.5509113411341134,2020,19.38495092693566,0,0.5509113411341134,MEDIUM
1004,618349,"Balance work of Widening to 2 Two lane with hard shoulder of Churachandpur to
Tuivai section of NH-102B from Design Chainage km 118850 to km 130000
Package-4A in the State of Manipur on EPC Mode",NHIDCL,Ministry of Road Transport & Highways,Roads & Highways,Manipur,04/2020,08/2025,08/2026,08/2026,,204.12,204.12,112.41,25.93,2020-04-01,2025-08-01,2026-08-01,2026-08-01,,0.0,11.990801576872535,11.990801576872535,0.0,,0.0,0.550705467372134,2020,7.871962977246433,0,0.550705467372134,MEDIUM
1005,618350,"Improvement & widening of existing NH-08 to 4-lane with Paved Shoulder from
Champak Nagar to Khayerpur section design Km 242500 to Km 261610 in the
state of Tripura on EPC basis under NHO-NE",NHIDCL,Ministry of Road Transport & Highways,Roads & Highways,Tripura,12/2023,09/2024,09/2026,03/2027,,920.66,920.66,404.6,48.3,2023-12-01,2024-09-01,2026-09-01,2027-03-01,,0.0,23.98160315374507,29.927726675427067,5.946123521681997,,5.946123521681997,0.439467338648361,2023,19.06128364389234,0,0.439467338648361,LOW
1006,618351,"Widening & Upgradation to 2 lanes with paved shoulders road from Tamenglong
to Mahur NH-137 in the State of Assam starting from km 156.489 near P. Leikul
to km 176.410 near Borowapu on EPC mode under NHO-NE Assam portion
Package-10",NHIDCL,Ministry of Road Transport & Highways,Roads & Highways,Assam,03/2023,08/2023,08/2025,09/2026,,890.33,693.15,605.43,90.5,2023-03-01,2023-08-01,2025-08-01,2026-09-01,,-0.2214684442847035,24.014454664914584,37.023653088042046,13.009198423127462,,13.009198423127462,0.8734473057779701,2023,9.837900552486188,0,0.6800062898026573,LOW
1007,618352,"Widening & Upgradation to 2 lanes with paved shoulders road from Tamenglong
to Mahur NH-137 in the State of Assam starting from km 136.500 near Hejaichak
to km 156.489 near P. Leikul Package-9 on EPC mode under NHO-NE Package-
9",NHIDCL,Ministry of Road Transport & Highways,Roads & Highways,Assam,03/2023,08/2023,08/2025,09/2026,,860.37,614.43,559.51,87.5,2023-03-01,2023-08-01,2025-08-01,2026-09-01,,-0.2858537605913735,24.014454664914584,37.023653088042046,13.009198423127462,,13.009198423127462,0.9106163436030142,2023,9.8328,0,0.6503132373281263,LOW
1008,618353,"Widening & Upgradation to 2-lanes with paved shoulders road from Tamenglong
to Mahur NH-137 in the State of Assam starting from km 116.480 near Hangrum
to km 136.500 near Hejaichak Package-8 on EPC mode under NHO-NE
Package 8",NHIDCL,Ministry of Road Transport & Highways,Roads & Highways,Assam,03/2023,08/2023,08/2025,09/2026,,904.04,904.04,563.52,85.2,2023-03-01,2023-08-01,2025-08-01,2026-09-01,,0.0,24.014454664914584,37.023653088042046,13.009198423127462,,13.009198423127462,0.623335250652626,2023,10.610798122065727,0,0.623335250652626,LOW
1009,618354,"Wideinig & Upgradation to 2-lanes with paved shoulders road from Tamenglong
to Mahur NH-137 in the State of Assam starting from km 96.870 near Jiri River to
km 116.550 near Hangrum Package-7 on EPC mode Package7",NHIDCL,Ministry of Road Transport & Highways,Roads & Highways,Assam,12/2023,03/2024,03/2026,12/2026,,846.82,846.82,481.81,90.36,2023-12-01,2024-03-01,2026-03-01,2026-12-01,,0.0,23.98160315374507,33.01576872536137,9.034165571616299,,9.034165571616299,0.5689638884296544,2023,9.37162461266047,0,0.5689638884296544,LOW
1010,618355,"Construction of of 2 -Lane with paved shoulders road from Tamenglong-Tousem-
Lisang-Mahur Road NH-137 starting near Dialong Village from km 10.000 at
Dialong to km 31.430 near Old Tamenglong , near Barak River on EPC Mode
Package-2",NHIDCL,Ministry of Road Transport & Highways,Roads & Highways,Manipur,07/2021,09/2021,03/2023,03/2026,,483.87,483.87,375.87,95.28,2021-07-01,2021-09-01,2023-03-01,2026-03-01,,0.0,17.936925098554532,53.942181340341655,36.00525624178712,,36.00525624178712,0.7767995535991072,2021,5.0784005037783375,0,0.7767995535991072,MEDIUM
1011,618356,"Construction of 2 -Lane with paved shoulders road from Tamenglong to Mahur in
the state of Manipur from km 31.430 at Old Tamenglong to km 43.480 ending
near Phelong on EPC Mode Package-3",NHIDCL,Ministry of Road Transport & Highways,Roads & Highways,Manipur,03/2021,06/2021,12/2022,04/2026,,234.08,234.08,201.13,98.5,2021-03-01,2021-06-01,2022-12-01,2026-04-01,,0.0,18.00262812089356,57.98291721419185,39.98028909329829,,39.98028909329829,0.8592361585782637,2021,2.376446700507614,0,0.8592361585782637,MEDIUM
1012,618357,"Construction of 2 -Lane with paved shoulders road from Tamenglong to Mahur
NH-137 in Manipur starting from km 54.180 near Azuram to km 80.630 near
Mandeu on EPC Mode Package 5",NHIDCL,Ministry of Road Transport & Highways,Roads & Highways,Manipur,09/2021,11/2021,05/2023,01/2026,,477.86,477.86,330.13,84.87,2021-09-01,2021-11-01,2023-05-01,2026-01-01,,0.0,17.936925098554532,50.0,32.06307490144547,,32.06307490144547,0.6908508768258486,2021,5.63049369624131,0,0.6908508768258486,MEDIUM
1013,618358,"Construction of 2 -Lane with paved shoulders road from Tamenglong to Mahur
NH-137 starting from km 80.630 near Mandeu to km 96.870 near Jiri River on
EPC Mode Package-6",NHIDCL,Ministry of Road Transport & Highways,Roads & Highways,Manipur,09/2021,11/2021,05/2023,12/2025,,311.18,311.18,231.08,86.87,2021-09-01,2021-11-01,2023-05-01,2025-12-01,,0.0,17.936925098554532,48.98160315374507,31.044678055190538,,31.044678055190538,0.742592711613857,2021,3.5821342235524347,0,0.742592711613857,MEDIUM
1014,618359,"Widening/Improvement to 4-Lane with Paved Shoulder from km 55000 Nagabang
Gamsuk to km 82514 Oyan in the State of Assam and Arunachal Pradesh on
EPC mode under Bharatmala Pariyojna of Length 27.514 Km Package-3",NHIDCL,Ministry of Road Transport & Highways,Roads & Highways,"Multi-States (Arunachal
Pradesh, Assam)",03/2023,09/2024,03/2027,03/2027,,665.47,665.47,380.59,96.7,2023-03-01,2024-09-01,2027-03-01,2027-03-01,,0.0,29.927726675427067,29.927726675427067,0.0,,0.0,0.5719115812884127,2023,6.881799379524302,0,0.5719115812884127,LOW
1015,618362,"Construction of 2-laning with hard shoulder of Lunglei to Chhumkhum from
Design Chainage Km 0.000 to Km 37.420 of NH-302 [Lunglei-Tlabung] Package-
A",NHIDCL,Ministry of Road Transport & Highways,Roads & Highways,Mizoram,03/2021,06/2021,12/2022,11/2026,,698.45,698.45,553.89,64.78,2021-03-01,2021-06-01,2022-12-01,2026-11-01,,0.0,18.00262812089356,65.01314060446781,47.010512483574246,,47.010512483574246,0.7930274178538191,2021,10.781877122568694,0,0.7930274178538191,MEDIUM
1016,618363,"Construction of 2-laning with hard shoulder configuration of Chhumkhum to
Tlabung from Design Chainage Km 37.420 to Km 74.950 of NH-302 in Mizoram
under Bharatmala Pariyojana on EPC mode [Pkg-B]",NHIDCL,Ministry of Road Transport & Highways,Roads & Highways,Mizoram,06/2021,07/2021,01/2023,12/2026,,740.58,740.58,494.49,61.34,2021-06-01,2021-07-01,2023-01-01,2026-12-01,,0.0,18.035479632063073,65.01314060446781,46.977660972404735,,46.977660972404735,0.6677063922871262,2021,12.073361591131398,0,0.6677063922871262,MEDIUM
1017,618364,"Widening to 2 Lane with Hard shoulder of Akegwo-Avangkhu section of NH-202K
for Package-I Design Chainage 0000 Km to 34795 Km, in the State of Nagaland
on EPC mode under NH O-NE",NHIDCL,Ministry of Road Transport & Highways,Roads & Highways,Nagaland,12/2022,08/2023,02/2026,02/2026,,430.24,430.24,0.0,87.0,2022-12-01,2023-08-01,2026-02-01,2026-02-01,,0.0,30.059132720105122,30.059132720105122,0.0,,0.0,0.0,2022,4.945287356321839,0,0.0,LOW
1018,618365,"Widening to 2 Lane with Hard shoulder of Akegwo-Avangkhu section of NH-202K
for Package-III Design Chainage 69875 Km to 106816 Km in the State of
Nagaland on EPC mode under NHO-NE",NHIDCL,Ministry of Road Transport & Highways,Roads & Highways,Nagaland,12/2022,08/2023,02/2026,02/2026,,497.18,497.18,0.0,85.67,2022-12-01,2023-08-01,2026-02-01,2026-02-01,,0.0,30.059132720105122,30.059132720105122,0.0,,0.0,0.0,2022,5.803431773082759,0,0.0,LOW
1019,618366,"Widening to 2 Lane with Hard shoulder of Akegwo-Avangkhu section of NH-202K
for Package-II Design Chainage 34795 Km to 69875 Km in the State of Nagaland
on EPC mode under NHO-NE",NHIDCL,Ministry of Road Transport & Highways,Roads & Highways,Nagaland,12/2022,08/2023,02/2026,02/2026,,442.54,442.54,0.0,58.5,2022-12-01,2023-08-01,2026-02-01,2026-02-01,,0.0,30.059132720105122,30.059132720105122,0.0,,0.0,0.0,2022,7.564786324786325,0,0.0,LOW
1020,618367,"Improvement and Widening to 2-lane with paved shoulder of road from design
Km 72.000 Pati Chhari to design Km 107.654 Harina Total length 35.654 Km on
Teliamura to Harina section of NH 208 in the state of Tripura on EPC mode under
JICA ODA Loan Phase VI Package-4",NHIDCL,Ministry of Road Transport & Highways,Roads & Highways,Tripura,01/2024,12/2024,12/2026,06/2027,,726.9,726.9,100.25,9.5,2024-01-01,2024-12-01,2026-12-01,2027-06-01,,0.0,23.98160315374507,29.96057818659658,5.978975032851512,,5.978975032851512,0.1379144311459623,2024,76.51578947368421,0,0.1379144311459623,LOW
1021,618368,"Improvement and Widening to 2-lane with paved shoulder of road from design
Km 36.000 Rangamati to design Km 72.000 Pati Chhari Total length 36.000 Km
on Teliamura to Harina section of NH 208 in the state of Tripura on EPC mode
under JICA ODA Loan Phase VI Package-3",NHIDCL,Ministry of Road Transport & Highways,Roads & Highways,Tripura,01/2024,09/2024,09/2026,05/2027,,670.9,670.9,183.24,14.7,2024-01-01,2024-09-01,2026-09-01,2027-05-01,,0.0,23.98160315374507,31.93166885676741,7.950065703022339,,7.950065703022339,0.2731256521091072,2024,45.63945578231293,0,0.2731256521091072,LOW
1022,618369,"Improvement and Widening to 2-lane with paved shoulder of road from existing
Km 438.170 Khowai Chowmuhani to existing Km 439.410 South Pulinpur of NH-
08 and from design Km 0.000 South Pulinpur to design Km 36.00 near
Rangamati of NH 208 on Khowai Teliamura- Harina section Total length 37.24 in
the state of Tripura on EPC mode under JICA ODA Loan Phase VI Package-2",NHIDCL,Ministry of Road Transport & Highways,Roads & Highways,Tripura,01/2024,09/2024,09/2026,03/2027,,657.21,657.21,301.86,60.7,2024-01-01,2024-09-01,2026-09-01,2027-03-01,,0.0,23.98160315374507,29.927726675427067,5.946123521681997,,5.946123521681997,0.45930524489889074,2024,10.827182866556837,0,0.45930524489889074,LOW
1023,618370,"Improvement and Widening to 2-lane with paved shoulder of road from Km
101.300 to km 127.319 Total Length 26.019 Km i.e. the Khowai Teliamura-
Amarpur-Harina-Sabroom section of NH 208 in the state of Tripura on EPC under
JICA ODA Loan Phase VI Package-1",NHIDCL,Ministry of Road Transport & Highways,Roads & Highways,Tripura,01/2024,07/2024,07/2026,04/2027,,431.78,431.78,265.36,63.15,2024-01-01,2024-07-01,2026-07-01,2027-04-01,,0.0,23.98160315374507,32.98291721419185,9.00131406044678,,9.00131406044678,0.6145722358608552,2024,6.837371338083927,0,0.6145722358608552,LOW
1024,618371,"Widening/Improvement to 4-Lane with Paved Shoulder configuration of existing
single lane road from Srirampur near Bhairiguri Village to Kachukhana Harichara
Paglagaunj Package-I of Srirampur - Dhubri Section of NH-127B from existing
Km 0.000 to Km 28.050 Design Km 0.000 to Km 27.650, Design Length27.650
Km under JICA ODA Loan assistance Phase-V -Balance work",NHIDCL,Ministry of Road Transport & Highways,Roads & Highways,Assam,03/2022,11/2024,11/2026,11/2026,,613.89,613.89,384.6,89.5,2022-03-01,2024-11-01,2026-11-01,2026-11-01,,0.0,23.98160315374507,23.98160315374507,0.0,,0.0,0.6264966036260569,2022,6.859106145251396,0,0.6264966036260569,LOW
1025,618372,"Widening / Improvement to 4-Lane with Paved Shoulder configuration of existing
single lane road from Kachukhana Harichara Paglagaunj to Dhubri - Phulbari
Bridge approach Package-II of Srirampur - Dhubri Section of NH-127B from
existing Km 28.050 to Km 55.060 Design Km 27.650 to Km 54.154, Design
Length26.504 Km under JICA ODA Loan assistance Phase-V [Srirampur - Dhubri
Pkg-2]",NHIDCL,Ministry of Road Transport & Highways,Roads & Highways,Assam,03/2022,01/2023,06/2025,,01/2025,909.02,909.02,683.81,100.0,2022-03-01,2023-01-01,2025-06-01,,2025-01-01,0.0,28.97503285151117,,0.0,24.014454664914584,-4.960578186596585,0.752249675474687,2022,9.0902,0,0.752249675474687,LOW
1026,618373,"Construction of 4-Lane Bridge including approaches over River Brahmaputra
between Dhubri on North Bank,Assam and Phulbari on south Bank,Meghalaya on
NH-127B under JICA ODA Loan assistance Phase-III",NHIDCL,Ministry of Road Transport & Highways,Roads & Highways,Assam,05/2019,12/2020,09/2028,09/2028,,4997.04,4997.04,3081.08,77.14,2019-05-01,2020-12-01,2028-09-01,2028-09-01,,0.0,93.00262812089356,93.00262812089356,0.0,,0.0,0.6165810159614492,2019,64.77884366087633,1,0.6165810159614492,LOW
1027,618374,"Improvement/Widening to 2-L with Paved Shoulder/ 4-Laning of NH-40 section
from Km 151330 to Km 163400 design Km 63.530 to Km 71.520 including Dawki
Bridge of length 368 m between Shillong-Dawki under JICA ODA Loan
assistance Phase-II Pkg-5 -Balance work",NHIDCL,Ministry of Road Transport & Highways,Roads & Highways,Meghalaya,07/2020,05/2024,11/2026,11/2026,,284.21,284.21,170.81,42.91,2020-07-01,2024-05-01,2026-11-01,2026-11-01,,0.0,30.02628120893561,30.02628120893561,0.0,,0.0,0.6009992611097429,2020,6.623397809368446,0,0.6009992611097429,LOW
1028,618375,"Improvement/Widening to 2-Lane with Paved Shoulder from design Km 45.760 to
Km 63.530 between Shillong-Dawki under JICA ODA Loan assistance Phase-II -
Balance work Pkg-4",NHIDCL,Ministry of Road Transport & Highways,Roads & Highways,Meghalaya,07/2020,04/2024,04/2026,10/2026,,445.51,445.51,42.39,53.43,2020-07-01,2024-04-01,2026-04-01,2026-10-01,,0.0,23.98160315374507,29.993429697766096,6.011826544021027,,6.011826544021027,0.09514937936297727,2020,8.338199513381994,0,0.09514937936297727,LOW
1029,618376,"Improvement/Widening to 2-Lane with Paved Shoulder between Shillong-Dawki
road up to Bangladesh Border from design Km 10.670 to Km 37.550 under JICA
ODA Loan assistance Phase-II -Balance Work-Pkg-2",NHIDCL,Ministry of Road Transport & Highways,Roads & Highways,Meghalaya,07/2020,02/2024,08/2026,12/2026,,525.67,525.67,0.0,53.21,2020-07-01,2024-02-01,2026-08-01,2026-12-01,,0.0,29.96057818659658,33.96846254927726,4.007884362680681,,4.007884362680681,0.0,2020,9.879158052997555,0,0.0,LOW
1030,618377,"Improvement/Widening to 2-L with Paved Shoulder/4-L from Km 81740 to Km
93490 design Km 0000 to Km 10670 of NH-40 New NH-106 & 206 section & 4-L
from design Km 0.00 to Km 0.930 of NH-44 section between Shillong-Dawki
under JICA ODA Loan assistance Phase-II -Balance Work Pkg-1",NHIDCL,Ministry of Road Transport & Highways,Roads & Highways,Meghalaya,07/2020,10/2023,10/2025,06/2026,,351.12,351.12,243.15,100.0,2020-07-01,2023-10-01,2025-10-01,2026-06-01,,0.0,24.014454664914584,31.99737187910644,7.982917214191854,,7.982917214191854,0.6924982911825017,2020,3.5112,0,0.6924982911825017,LOW
1031,618379,"Widening and Up-gradation to 2- Lane with Paved Shoulder Configuration and
geometric improvement from Km. 208. 000 to Km 250.000 Package-5 on Aizawl
Tuipang Section of NH-54 in the State of Mizoram Package-5",NHIDCL,Ministry of Road Transport & Highways,Roads & Highways,Mizoram,09/2019,10/2019,04/2023,06/2026,,752.89,752.89,125.64,95.35,2019-09-01,2019-10-01,2023-04-01,2026-06-01,,0.0,41.98423127463863,79.99342969776609,38.00919842312746,,38.00919842312746,0.16687696741887925,2019,7.89606712113267,0,0.16687696741887925,MEDIUM
1032,618380,"Widening and Up-gradation to 2- Lane with Paved Shoulder Configuration and
geometric improvement from Km. 125. 000 to Km 166 Package-3 on Aizawl
Tuipang Section of NH-54 in the State of Mizoram Package-3",NHIDCL,Ministry of Road Transport & Highways,Roads & Highways,Mizoram,09/2019,10/2019,04/2023,06/2026,,867.09,867.09,525.13,97.51,2019-09-01,2019-10-01,2023-04-01,2026-06-01,,0.0,41.98423127463863,79.99342969776609,38.00919842312746,,38.00919842312746,0.6056234070281055,2019,8.892318736539842,0,0.6056234070281055,MEDIUM
1033,618381,"Widening and up-gradation to 2-lane with paved shoulder configuration and
geometric improvements from km 250.00 Lunglei to km 298.00 on Aizawl-
Tuipang section under JICA ODA Loan assistance Phase-I Package-6",NHIDCL,Ministry of Road Transport & Highways,Roads & Highways,Mizoram,09/2019,12/2019,05/2025,,06/2023,768.76,768.76,168.78,100.0,2019-09-01,2019-12-01,2025-05-01,,2023-06-01,0.0,64.98028909329828,,0.0,41.98423127463863,-22.99605781865965,0.2195483635985223,2019,7.6876,0,0.2195483635985223,LOW
1034,618382,"Widening and up-gradation to 2-lane with paved shoulder configuration and
geometric improvements from km 298.00 to km 339.00 on Aizawl-Tuipang
section under JICA ODA Loan assistance Phase-I Package-7",NHIDCL,Ministry of Road Transport & Highways,Roads & Highways,Mizoram,09/2019,10/2020,05/2025,,04/2024,605.76,750.32,132.33,100.0,2019-09-01,2020-10-01,2025-05-01,,2024-04-01,0.23864236661384056,54.96057818659658,,0.0,41.98423127463863,-12.976346911957947,0.17636475103955646,2019,6.0576,0,0.21845285261489703,LOW
1035,618383,"Widening and up-gradation to 2-lane with paved shoulder configuration and
geometric improvements from km 339.00 to km 380.00 Siaha on Aizawl-Tuipang
section under JICA ODA Loan assistance Phase-I Package-8",NHIDCL,Ministry of Road Transport & Highways,Roads & Highways,Mizoram,09/2019,03/2020,09/2023,06/2026,,637.06,637.06,547.01,99.82,2019-09-01,2020-03-01,2023-09-01,2026-06-01,,0.0,42.01708278580814,75.0,32.98291721419186,,32.98291721419186,0.8586475371236619,2019,6.382087757964336,0,0.8586475371236619,MEDIUM
1036,618384,"Widening and Up-gradation to 2- Lane with Paved Shoulder Configuration and
geometric improvement from Km. 166. 000 to Km 208.000 Package-4 on Aizawl
Tuipang Section of NH-54 in the State of Mizoram Package-4",NHIDCL,Ministry of Road Transport & Highways,Roads & Highways,Mizoram,09/2019,10/2019,04/2025,,04/2023,899.45,899.45,191.68,100.0,2019-09-01,2019-10-01,2025-04-01,,2023-04-01,0.0,65.99868593955321,,0.0,41.98423127463863,-24.01445466491458,0.21310801045083105,2019,8.9945,0,0.21310801045083105,LOW
1037,618385,"Rehabilitation and up-gradation of road from design km 25.250 to km 36.460
Total lengh 11.210 km of Kailashahar-Kurti Bridge section on NH-208A to 2-lane
with paved shoulder on EPC basis under NHO Package-III- Balance Work",NHIDCL,Ministry of Road Transport & Highways,Roads & Highways,Tripura,02/2020,09/2024,03/2026,03/2026,,174.43,174.43,67.1,53.14,2020-02-01,2024-09-01,2026-03-01,2026-03-01,,0.0,17.936925098554532,17.936925098554532,0.0,,0.0,0.38468153413976947,2020,3.282461422657132,0,0.38468153413976947,LOW
1038,618386,"Rehabilitation & Upgradation of Road from Km 0.00 to Km 18.600 Total length-
18.600 km of Kumarghat-Kailashahar section on NH-208 to 2-lane with Paved
shoulder on EPC bais under NHO",NHIDCL,Ministry of Road Transport & Highways,Roads & Highways,Tripura,02/2020,07/2020,12/2024,,01/2022,277.5,302.03,273.04,100.0,2020-02-01,2020-07-01,2024-12-01,,2022-01-01,0.08839639639639629,53.022339027595265,,0.0,18.035479632063073,-34.98685939553219,0.9040161573353642,2020,2.775,0,0.983927927927928,LOW
1039,618387,"Construction of 2-laning with Hard shoulder of Ukhrul Tolloi - Tadubi section of
NH-102A from Design Chainage km 9450 to km 50850 in the State of Manipur on
EPC mode under NHO-NE Package-2",NHIDCL,Ministry of Road Transport & Highways,Roads & Highways,Manipur,03/2023,03/2024,03/2026,12/2026,,578.98,578.98,278.6,80.04,2023-03-01,2024-03-01,2026-03-01,2026-12-01,,0.0,23.98160315374507,33.01576872536137,9.034165571616299,,9.034165571616299,0.48119106014024665,2023,7.233633183408296,0,0.48119106014024665,LOW
1040,618388,"Construction of 2-laning with Hard shoulder road of Ukhrul - Tolloi - Tadubi
section of NH-102A from Design Chainage 50.850 km to 81.870 km in the State
of Manipur on EPC mode under NHO-TSP Package -3",NHIDCL,Ministry of Road Transport & Highways,Roads & Highways,Manipur,09/2021,07/2023,01/2025,12/2026,,315.56,315.56,257.41,94.5,2021-09-01,2023-07-01,2025-01-01,2026-12-01,,0.0,18.068331143232587,41.03153745072273,22.963206307490143,,22.963206307490143,0.8157244264165294,2021,3.339259259259259,0,0.8157244264165294,LOW
1041,618389,"Construction of 2-laning with Hard shoulder road of Ukhrul - Tolloi - Tadubi
section of NH-102A from Design Chainage 81.870 km to 105.825 km in the State
of Manipur on EPC mode under NHO-TSP Package -4",NHIDCL,Ministry of Road Transport & Highways,Roads & Highways,Manipur,09/2021,08/2022,02/2024,08/2026,,310.76,310.76,287.73,97.0,2021-09-01,2022-08-01,2024-02-01,2026-08-01,,0.0,18.035479632063073,47.99605781865966,29.960578186596585,,29.960578186596585,0.9258913631097955,2021,3.2037113402061856,0,0.9258913631097955,MEDIUM
1042,618390,"Construction, Operation & Maintenance of 2-L Bi-directional Silkyara Bend- Barkot
Tunnel with escape passage including approaches Tunnel-4.531 & Approach road-
0.328 on Dharasu-Yamunotri section b/w Chainage 25.400km and 51.00km falling
along NH-134 Old NH-94 on EPC mode",NHIDCL,Ministry of Road Transport & Highways,Roads & Highways,Uttarakhand,03/2018,07/2018,07/2022,03/2027,,1383.78,1383.78,842.44,76.03,2018-03-01,2018-07-01,2022-07-01,2027-03-01,,0.0,47.99605781865966,103.97503285151116,55.9789750328515,,55.9789750328515,0.6087961959270983,2018,18.200447191897933,1,0.6087961959270983,MEDIUM
1043,618391,"Construction for Mitigation Measures of 5 Nos. Landslides, 05 No. Sinking Zones and
01 No. Bridge from Ch. 450.00 to Ch. 468.00 18 Km. Length on NH-07 Package-III",NHIDCL,Ministry of Road Transport & Highways,Roads & Highways,Uttarakhand,12/2023,06/2024,12/2025,02/2027,,250.33,250.33,100.93,88.12,2023-12-01,2024-06-01,2025-12-01,2027-02-01,,0.0,18.00262812089356,32.03022339027595,14.027595269382388,,14.027595269382388,0.40318779211440897,2023,2.840785292782569,0,0.40318779211440897,LOW
1044,618392,"Construction for Mitigation Measures of 5 Nos. Landslides, 5 Nos. Sinking Zones in
between Ch. 433.00 to 450.00 BANERPANI VILLAGE on NH-07 on EPC mode in the
state of Uttarakhand Package-2",NHIDCL,Ministry of Road Transport & Highways,Roads & Highways,Uttarakhand,12/2023,12/2024,06/2026,01/2027,,259.64,259.64,0.0,68.45,2023-12-01,2024-12-01,2026-06-01,2027-01-01,,0.0,17.969776609724047,25.0,7.030223390275953,,7.030223390275953,0.0,2023,3.793133674214755,0,0.0,LOW
1045,618393,"Construction for Mitigation Measures of 10 Nos. Landslides, 01 No. Sinking Zones
and 1 No. of Minor Bridge in between at Ch. Km 368.00 to Km 433.00 on NH-07 on
EPC Mode in Uttarakhand Package-1",NHIDCL,Ministry of Road Transport & Highways,Roads & Highways,Uttarakhand,12/2023,06/2024,12/2025,02/2024,,216.68,216.68,117.83,99.97,2023-12-01,2024-06-01,2025-12-01,2024-02-01,,0.0,18.00262812089356,-3.9750328515111693,-21.97766097240473,,-21.97766097240473,0.5437973047812442,2023,2.1674502350705214,0,0.5437973047812442,LOW
1046,618394,"Up-gradation to 2-lane with Paved Shoulder from Km 12.850 to Km20.300 of 7.450Km
length on Goha-Khellani section and a link road to Goha village of 2.016 km on NH-
244 in UT of Jammu and Kashmir on EPC Mode Pkg-1",NHIDCL,Ministry of Road Transport & Highways,Roads & Highways,"Jammu and
Kashmir",07/2020,10/2020,04/2022,10/2026,,228.39,225.37,182.21,94.26,2020-07-01,2020-10-01,2022-04-01,2026-10-01,,-0.01322299575287877,17.969776609724047,71.97766097240472,54.00788436268067,,54.00788436268067,0.8084927008918668,2020,2.4229789942711646,0,0.7978020053417401,MEDIUM
1047,618395,"Construction & Upgradation to 2-lane with paved shoulder from Design Ch. Km 51700
at Premnagar km 66315 to Km 66535 New Thatri at Start of Km 83rd, Tunnel Km
82665 of 14.835 Km design length on Chenani-Sudhmahadev-Goha Khellani-
Kishtwar-Vailoo Donipawa-Ashajipora section of NH-244 in the UT of J&K on EPC
Mode under NHO-Gen Pkg - 2",NHIDCL,Ministry of Road Transport & Highways,Roads & Highways,"Jammu and
Kashmir",03/2021,08/2021,02/2023,10/2026,,512.43,512.43,164.66,53.49,2021-03-01,2021-08-01,2023-02-01,2026-10-01,,0.0,18.035479632063073,61.990801576872535,43.95532194480946,,43.95532194480946,0.3213316940850458,2021,9.579921480650588,0,0.3213316940850458,MEDIUM
1048,618396,"Construction & Upgradation to 2 lane with paved shoulder from Design Km.
31.449 Khellani Ex. Km 44.946 to Km 51.700 Prem Nagar Ex. Km 68617 of
20.251 Km length on Khellani - Kishtwar - Chattroo section of NH-244 in the UT
of J&K on EPC Mode under NHO-Gen PKG- 1",NHIDCL,Ministry of Road Transport & Highways,Roads & Highways,Jammu and Kashmir,02/2021,03/2021,11/2024,,09/2022,486.45,486.45,300.52,100.0,2021-02-01,2021-03-01,2024-11-01,,2022-09-01,0.0,44.053876478318,,0.0,18.035479632063073,-26.01839684625493,0.6177818891972453,2021,4.8645,0,0.6177818891972453,LOW
1049,618397,"Widening and Up-gradation to 2-Lane with Paved Shoulder of configuration and
geometric improvement from Km 0.000 to Km 16.990 on Chenani Sudhmahadev
section of NH-244 in UT of Jammu and Kashmir to be executed on EPC basis",NHIDCL,Ministry of Road Transport & Highways,Roads & Highways,"Jammu and
Kashmir",03/2018,11/2018,11/2020,12/2025,,255.9,255.9,239.96,94.06,2018-03-01,2018-11-01,2020-11-01,2025-12-01,,0.0,24.014454664914584,84.98685939553219,60.97240473061761,,60.97240473061761,0.9377100429855413,2018,2.7206038698702955,0,0.9377100429855413,MEDIUM
1050,618398,"Up-gradation to 2-lane with Paved Shoulder from Km 20.300 to Km 29.030 of 8.730
Km length on Goha-Khellani section on NH-244 in UT of Jammu and Kashmir on EPC
Mode Package II",NHIDCL,Ministry of Road Transport & Highways,Roads & Highways,"Jammu and
Kashmir",07/2020,10/2020,04/2022,06/2026,,210.79,210.79,190.27,96.95,2020-07-01,2020-10-01,2022-04-01,2026-06-01,,0.0,17.969776609724047,67.96977660972405,50.0,,50.0,0.9026519284596044,2020,2.1742135121196493,0,0.9026519284596044,MEDIUM
1051,618399,"Construction of Kishtwar bypass with 2 lane with paved shoulder from Design Km.
80.675 Dulhasti to km 95.550 Bandarkoot of 14.88 km & a link road to Kishtwar town
from 0000 to 1.871 of length1.871 Km on Khellani - Kishtwar - Chattroo section in UT
of Jammu and Kashmir on EPC Mode Pkg-4",NHIDCL,Ministry of Road Transport & Highways,Roads & Highways,"Jammu and
Kashmir",03/2021,08/2021,08/2023,06/2027,,859.67,859.67,363.03,50.64,2021-03-01,2021-08-01,2023-08-01,2027-06-01,,0.0,23.98160315374507,69.97371879106439,45.992115637319316,,45.992115637319316,0.4222899484685984,2021,16.976105845181674,0,0.4222899484685984,MEDIUM
1052,618400,"Construction & Upgradation to 2-lane with paved shoulder from Design Km 67.805 at
the end of Km 83rd Tunnel near Dhrabshalla Ex. Km 83905 to Km 80.675 start of
Kishtwar Bypass - Dulhasti Ex. Km 970751 of 12.870 Km length on chenani-
Sudhmahadev-Goha Khellani-Kishtwar-vailoo-Donipawa-Ashajipora seition of NH-244
in the UT of J&K on EPC Mode under NHO-Gen Pkg-3",NHIDCL,Ministry of Road Transport & Highways,Roads & Highways,"Jammu and
Kashmir",03/2021,07/2021,12/2022,08/2025,,398.51,398.51,120.09,98.55,2021-03-01,2021-07-01,2022-12-01,2025-08-01,,0.0,17.017082785808146,49.01445466491458,31.997371879106435,,31.997371879106435,0.3013475195101754,2021,4.0437341451040085,0,0.3013475195101754,MEDIUM
1053,618401,"Construction of Intermediate Lane with Hard Shoulder of Hunli to Hayuliang
Package-III from design Km 60.000 to Km 121.500 Design Length 61.500 km,
Greenfield Section of Frontier Highway NH-913 in the State of Arunachal Pradesh
on EPC Mode Pkg-3",NHIDCL,Ministry of Road Transport & Highways,Roads & Highways,Arunachal Pradesh,02/2024,07/2025,07/2028,07/2028,,1418.67,1418.67,93.19,1.7,2024-02-01,2025-07-01,2028-07-01,2028-07-01,,0.0,36.00525624178712,36.00525624178712,0.0,,0.0,0.06568828550684795,2024,834.5117647058825,1,0.06568828550684795,LOW
1054,618402,"Construction of Intermediate Lane with Hard Shoulder of Hunli to Hayuliang from
Design Km 0.000 to Km 53.000 Design Length 53.000 km, Greenfield Section of
Frontier Highway NH-913 in the State of Arunachal Pradesh on EPC Mode
Package-I",NHIDCL,Ministry of Road Transport & Highways,Roads & Highways,Arunachal Pradesh,02/2024,03/2025,02/2028,03/2028,,1262.43,1262.43,255.45,19.13,2024-02-01,2025-03-01,2028-02-01,2028-03-01,,0.0,35.05256241787122,36.00525624178712,0.9526938239159009,,0.9526938239159009,0.20234785295026256,2024,65.99215891270256,1,0.20234785295026256,LOW
1055,618403,"Construction of Intermediate Lane Road with hard shoulder from design Km
0.000 to Km 17.387 Total length 17.387 km of Hunli to Ithun Bridge section on
NH-913 Frontier Highway in State of Arunachal Pradesh on EPC mode under
NHO-NE",NHIDCL,Ministry of Road Transport & Highways,Roads & Highways,Arunachal Pradesh,02/2024,01/2025,01/2027,01/2027,,275.5,275.5,163.15,56.18,2024-02-01,2025-01-01,2027-01-01,2027-01-01,,0.0,23.98160315374507,23.98160315374507,0.0,,0.0,0.5921960072595281,2024,4.903880384478462,0,0.5921960072595281,LOW
1056,618404,"Construction of lntermediate Lane Road with hard shoulder from design chainage
Km 0.000 to Km 53.040 Existing Length68.500 Km & Total Design length 53.04
km of Tato to Monigong section of NH-913 Frontier Highway on Nafra Bomdila to
Vijaynagar along China border in state of Arunachal pradesh on EPC mode",NHIDCL,Ministry of Road Transport & Highways,Roads & Highways,Arunachal Pradesh,12/2023,05/2025,11/2027,11/2027,,625.61,625.61,269.64,22.81,2023-12-01,2025-05-01,2027-11-01,2027-11-01,,0.0,30.02628120893561,30.02628120893561,0.0,,0.0,0.4310033407394383,2023,27.427005699254714,0,0.4310033407394383,LOW
1057,618405,"Construction of Intermediate Lane of Pango to Jorging Road from 0000 to Design
Km Design Km 40000 Design Length 40.00 Km, Pkg-l, Greenfield Alignment in
the State of Arunachal Pradesh on EPC mode Pkg-1",NHIDCL,Ministry of Road Transport & Highways,Roads & Highways,Arunachal Pradesh,01/2024,01/2025,07/2027,07/2027,,898.19,898.19,255.52,39.86,2024-01-01,2025-01-01,2027-07-01,2027-07-01,,0.0,29.927726675427067,29.927726675427067,0.0,,0.0,0.2844832385130095,2024,22.533617661816358,0,0.2844832385130095,LOW
1058,618406,"Up-gradation to 4-lane with Paved Shoulder of Jammu-Akhnoor road section of NH-
144A from Ganesh Vihar Km 6.000 to Khati Chowk Km 26.350 in UT of Jammu and
Kashmir on EPC basis Pkg-3A",NHIDCL,Ministry of Road Transport & Highways,Roads & Highways,"Jammu and
Kashmir",03/2018,07/2019,07/2021,11/2026,,322.49,322.49,398.19,92.5,2018-03-01,2019-07-01,2021-07-01,2026-11-01,,0.0,24.014454664914584,88.04204993429697,64.02759526938239,,64.02759526938239,1.2347359608049862,2018,3.4863783783783786,0,1.2347359608049862,MEDIUM-HIGH
1059,618407,Jammu-Akhnoor Road Pkg-I,NHIDCL,Ministry of Road Transport & Highways,Roads & Highways,"Jammu and
Kashmir",03/2018,01/2023,01/2025,10/2026,,245.3,245.3,115.21,75.29,2018-03-01,2023-01-01,2025-01-01,2026-10-01,,0.0,24.014454664914584,44.973718791064385,20.9592641261498,,20.9592641261498,0.4696697920913167,2018,3.2580688006375347,0,0.4696697920913167,LOW
1060,618408,Kargil Zanskar Road,NHIDCL,Ministry of Road Transport & Highways,Roads & Highways,Ladakh,03/2021,07/2021,01/2023,08/2026,,398.37,398.37,337.19,97.1,2021-03-01,2021-07-01,2023-01-01,2026-08-01,,0.0,18.035479632063073,61.00525624178712,42.96977660972405,,42.96977660972405,0.8464241785274995,2021,4.102677651905252,0,0.8464241785274995,MEDIUM
1061,618409,"Widening & Up-gradation to 2 lane with Paved shoulder of NH-301 Kargil- Zanskar
Road from Design km 57.000 Ex. Km. 57.905 to Km 87.000 Ex. Km. 88.2491 of
30.000 Km length Pkg-lll",NHIDCL,Ministry of Road Transport & Highways,Roads & Highways,Ladakh,03/2021,07/2021,01/2023,08/2026,,381.01,381.01,313.34,91.01,2021-03-01,2021-07-01,2023-01-01,2026-08-01,,0.0,18.035479632063073,61.00525624178712,42.96977660972405,,42.96977660972405,0.8223931130416524,2021,4.186463026041094,0,0.8223931130416524,MEDIUM
1062,618410,"Widening & Up-gradation to 2 lane with paved shoulder of NH-301 Kargil- Zanskar
Road from Design Km .30.040 Ex. Km. 30.000 to Design Km 57.000 Ex. Km. 57.905
of 26.960 Km length Pkg-II",NHIDCL,Ministry of Road Transport & Highways,Roads & Highways,Ladakh,03/2021,07/2021,01/2023,10/2026,,404.89,404.89,360.06,84.94,2021-03-01,2021-07-01,2023-01-01,2026-10-01,,0.0,18.035479632063073,63.00919842312746,44.973718791064385,,44.973718791064385,0.8892785694880091,2021,4.766776548151636,0,0.8892785694880091,MEDIUM
1063,618411,"Melaghar-Srimantapur section on NH-08 Spur from Km 23 to Km 34.500 11.5 Km
and overlay from Km 20.30 to Km 22.00 1.7 Km Total Length 13.2 Km",NHIDCL,Ministry of Road Transport & Highways,Roads & Highways,Tripura,01/2023,05/2023,11/2024,10/2026,,195.95,195.95,95.54,72.48,2023-01-01,2023-05-01,2024-11-01,2026-10-01,,0.0,18.068331143232587,41.03153745072273,22.963206307490143,,22.963206307490143,0.4875733605511611,2023,2.703504415011037,0,0.4875733605511611,LOW
1064,618412,"Construction of i Connecting Road from Z-Morh Tunnel to Zojila Tunnel Road Length
18.475km and ii 14.150 Km long 2-L Bi-directional single tube Zoji-la Tunnel across
Zojila Pass on Sonamarg - Kargil section from Km 82 to Km 118 of NH-01 under
PMDP",NHIDCL,Ministry of Road Transport & Highways,Roads & Highways,Andhra Pradesh,01/2018,10/2020,09/2026,02/2028,,6808.69,6808.69,3574.5,68.8,2018-01-01,2020-10-01,2026-09-01,2028-02-01,,0.0,70.99211563731932,88.00919842312746,17.017082785808142,,17.017082785808142,0.5249908572721038,2018,98.96351744186046,1,0.5249908572721038,LOW
1065,618413,"Construction of 2 laning with Hard shoulder of Peren-Dimapur section on NH
129A from Design Km 146.208 to Km 163.592 Length- 17.384 km in the state of
Nagaland on EPC mode under NHO-TSP Package-III",NHIDCL,Ministry of Road Transport & Highways,Roads & Highways,Nagaland,02/2021,06/2023,06/2025,08/2026,,177.77,199.02,111.71,95.62,2021-02-01,2023-06-01,2025-06-01,2026-08-01,,0.11953647972098778,24.014454664914584,38.009198423127465,13.99474375821288,,13.99474375821288,0.5613003718219274,2021,1.8591298891445305,0,0.6283962423356021,LOW
1066,618414,"Construction of Balance work for 2-lane with hard shoulder of Peren- Dimapur
section on NH-129A from Design Km 126.775 to Km 146.208 Length 19.433 Km
in the state of Nagaland on EPC mode under NHO-TSP Package-II",NHIDCL,Ministry of Road Transport & Highways,Roads & Highways,Nagaland,01/2021,09/2023,09/2025,09/2025,,258.52,258.52,136.09,96.53,2021-01-01,2023-09-01,2025-09-01,2025-09-01,,0.0,24.014454664914584,24.014454664914584,0.0,,0.0,0.5264196193718088,2021,2.6781311509375323,0,0.5264196193718088,LOW
1067,618415,"Improvement of existing road to 2 laning with Hard Shoulders of Maram-Peren
section Package-1B, length- 17.660 km from Design Chainage 22.340 km to
40.000 km on NH-129A in the State of Manipur on EPC mode",NHIDCL,Ministry of Road Transport & Highways,Roads & Highways,Manipur,02/2021,06/2021,12/2022,03/2026,,188.36,188.36,0.0,100.0,2021-02-01,2021-06-01,2022-12-01,2026-03-01,,0.0,18.00262812089356,56.96452036793692,38.96189224704336,,38.96189224704336,0.0,2021,1.8836000000000002,0,0.0,MEDIUM
1068,618416,"Improvement of existing road to 2 laning with Hard Shoulders of Maram -Peren
section Package-1A, length- 22.340Km from Design Chainage 0.000 km to
22.340 km on NH-129A in the State of Manipur on EPC mode",NHIDCL,Ministry of Road Transport & Highways,Roads & Highways,Manipur,02/2021,06/2021,12/2022,03/2027,,226.32,226.32,190.19,75.08,2021-02-01,2021-06-01,2022-12-01,2027-03-01,,0.0,18.00262812089356,68.95532194480946,50.952693823915894,,50.952693823915894,0.8403587840226229,2021,3.014384656366542,0,0.8403587840226229,MEDIUM
1069,618417,"Construction of 4-Lane with paved shoulder Agartala bypass Western side, length
25.402 km connecting NH-8 near Amtali to NH-108B near Lembuchhera in the
state of Tripura on EPC basis under NHO-NE",NHIDCL,Ministry of Road Transport & Highways,Roads & Highways,Tripura,03/2023,03/2024,03/2027,03/2027,,2026.05,2026.05,462.34,9.2,2023-03-01,2024-03-01,2027-03-01,2027-03-01,,0.0,35.972404730617605,35.972404730617605,0.0,,0.0,0.22819772463660817,2023,220.22282608695653,1,0.22819772463660817,LOW
1070,618418,"Rehabilitation and up gradation of Nongstoin-Rambrai-Kyrshai road up to
Meghalaya-Assam border from Km 0.335 to km 34.039 to 2-Lane under NHO -
NE in the State of Meghalaya Package-1",NHIDCL,Ministry of Road Transport & Highways,Roads & Highways,Meghalaya,09/2021,05/2022,05/2024,12/2026,,359.86,359.86,310.07,83.05,2021-09-01,2022-05-01,2024-05-01,2026-12-01,,0.0,24.014454664914584,55.02628120893561,31.011826544021023,,31.011826544021023,0.861640638025899,2021,4.333052378085491,0,0.861640638025899,MEDIUM
1071,618419,"Construction of 2-Lane with paved shoulders of Shillong Western Bypass starting
from NH-06 near Ladumsaw existing Km 60.900 of old NH40 to NH106 old NH
44E Package-III, from km 24700 to km 38256 under SARDP-NE PHASE A in the
state of Meghalaya on EPC Mode Greenfield alignment",NHIDCL,Ministry of Road Transport & Highways,Roads & Highways,Meghalaya,03/2023,09/2024,09/2026,09/2026,,562.48,562.48,340.17,52.28,2023-03-01,2024-09-01,2026-09-01,2026-09-01,,0.0,23.98160315374507,23.98160315374507,0.0,,0.0,0.6047681695349169,2023,10.758990053557765,0,0.6047681695349169,LOW
1072,618420,"Construction of 2 lane with paved shoulder of Shillong Western Bypass starting
from NH-06 near Ladumsaw existing km 60.900 of old NH-40 to NH-106 old NH-
44E, Package-II km 12800 to km 24700 under SARDP-NE Phase A in the State
of Meghalaya on EPC Mode",NHIDCL,Ministry of Road Transport & Highways,Roads & Highways,Meghalaya,03/2023,09/2024,09/2026,09/2026,,686.03,686.03,357.32,50.48,2023-03-01,2024-09-01,2026-09-01,2026-09-01,,0.0,23.98160315374507,23.98160315374507,0.0,,0.0,0.5208518577904756,2023,13.590134706814581,0,0.5208518577904756,LOW
1073,618421,"Construction of 2-Lane with paved shoulder of Shillong Western Bypass starting
from NH-06 near Ladumsaw Existing km 60.900 of old NH-40 to NH106 old NH-
44E, km 0000 to km 12800 Package-I under SARDP-NE PHASE A in the State of
Meghalaya on EPC Mode Greenfield alignment",NHIDCL,Ministry of Road Transport & Highways,Roads & Highways,Meghalaya,03/2023,09/2024,09/2026,09/2026,,620.3,620.3,332.95,74.85,2023-03-01,2024-09-01,2026-09-01,2026-09-01,,0.0,23.98160315374507,23.98160315374507,0.0,,0.0,0.5367564081895857,2023,8.287241148964595,0,0.5367564081895857,LOW
1074,618422,"Construction of 2-lane with hard shoulders of Merangkong-Tamlu-Mon road
Wakching Twon portion on EPC basis from existing Chainage Km 59000 to Km
73640 [Design Km. 59000 to Km, 72450] Design length - 13.450 Km under
SARDP-NE package-V Balance work",NHIDCL,Ministry of Road Transport & Highways,Roads & Highways,Nagaland,03/2021,09/2023,09/2025,07/2026,,161.73,161.73,101.28,99.75,2021-03-01,2023-09-01,2025-09-01,2026-07-01,,0.0,24.014454664914584,33.96846254927726,9.954007884362678,,9.954007884362678,0.6262289000185495,2021,1.6213533834586464,0,0.6262289000185495,LOW
1075,618423,"Construction of 2-Lane with hard shoulders of Merangkong-Tamlu-Mon MTM
Road from existing Km 20.456 to Km 41.065 Design Km. 20 to Km. 40.0 Design
Length-20.000 Km in the State of Nagaland under SARDP-NE Phase-A Pkg-2
Balance work",NHIDCL,Ministry of Road Transport & Highways,Roads & Highways,Nagaland,03/2018,08/2023,08/2025,03/2026,,215.79,215.79,173.12,100.0,2018-03-01,2023-08-01,2025-08-01,2026-03-01,,0.0,24.014454664914584,30.97897503285151,6.964520367936924,,6.964520367936924,0.8022614578988833,2018,2.1578999999999997,0,0.8022614578988833,LOW
1076,618424,"Construction of 2-Laning with hard shoulders of Hayuliang Hawai bypass Road
on EPC basis from design Km. 51.825 to Km. 63.131 Existing Km 45.050 of
HayuliangHawai road to Hawai Town under SARDP-NE -Balance work Pkg - IV",NHIDCL,Ministry of Road Transport & Highways,Roads & Highways,Arunachal Pradesh,01/2017,05/2021,07/2026,,05/2023,256.66,216.76,0.0,100.0,2017-01-01,2021-05-01,2026-07-01,,2023-05-01,-0.15545858333982712,61.990801576872535,,0.0,23.98160315374507,-38.009198423127465,0.0,2017,2.5666,0,0.0,LOW
1077,618426,"Construction/Up gradation of Existing road to 2 Lane with Paved Shoulder
including Geometric Improvement from Ranipool to Pakyong Balance work from
Km 2.000 to 16.167 of NH-717-A on EPC basis under SARDP-NE Phase A in the
State of Sikkim",NHIDCL,Ministry of Road Transport & Highways,Roads & Highways,Sikkim,03/2018,01/2023,07/2024,12/2026,,264.84,380.94,127.34,87.03,2018-03-01,2023-01-01,2024-07-01,2026-12-01,,0.43837788853647497,17.969776609724047,46.97766097240473,29.00788436268068,,29.00788436268068,0.33427836404683153,2018,3.04308859014133,0,0.48081860746110866,MEDIUM-HIGH
1078,618427,"Construction & upgradation of existing road to 2-lane with paved shoulder including
geometric improvement of Kafer- Lava More section from km 40.00 to km 61.100 of
NH717-A on EPC under SARDP-NE A in state of West Bengal Pkg-VA",NHIDCL,Ministry of Road Transport & Highways,Roads & Highways,West Bengal,06/2020,10/2020,04/2023,12/2026,,311.02,273.78,268.2,95.98,2020-06-01,2020-10-01,2023-04-01,2026-12-01,,-0.11973506526911457,29.96057818659658,73.98160315374507,44.02102496714849,,44.02102496714849,0.9796186719263643,2020,3.2404667639091476,0,0.8623239663044178,MEDIUM
1079,618428,"Realignment of NH-717A from Design Ch.0.00 Km 77.800 of NH-10 to Design
Ch.2.00 Km 3.100 of NH-717A with two lane paved shoulder including Major
Bridge of 680 m in the State of Sikkim on EPC Mode-COS work",NHIDCL,Ministry of Road Transport & Highways,Roads & Highways,Sikkim,01/2021,04/2021,04/2023,05/2026,,264.84,380.94,70.71,100.0,2021-01-01,2021-04-01,2023-04-01,2026-05-01,,0.43837788853647497,23.98160315374507,60.972404730617605,36.990801576872535,,36.990801576872535,0.18561978264293588,2021,2.6483999999999996,0,0.2669913910285455,MEDIUM-HIGH
1080,618429,"Construction & upgradation of existing road to 2-lane with paved shoulder including
geometric improvement of sect. from Pedong bypass to Reshi Border km 79.700 to
km 96.254 of NH-717A under SARDP-NE-A on EPC as part of Alternate connectivity
to Gangtok Lava More-Reshi Border Pkg-VB",NHIDCL,Ministry of Road Transport & Highways,Roads & Highways,West Bengal,06/2020,10/2020,04/2022,08/2026,,345.38,395.59,418.73,97.22,2020-06-01,2020-10-01,2022-04-01,2026-08-01,,0.14537610747582366,17.969776609724047,69.97371879106439,52.003942181340335,,52.003942181340335,1.0584949063424254,2020,3.552561201398889,0,1.2123747756094736,MEDIUM
1081,618430,"Construction of alternative highway to Gangtok in Sikkim via Bagrakot -Chuikhim-
Nimbong -Kafer-Bakhim-Algarah-Rhenock in the State of West Bengal and from
Rhenok-Rorathang-Pakyong along with spur from Aritar-Rolep-Menla in the State of
Sikkim from Km 0.00 to Km 13.00 of Bagrakot -Kafer section of NH 717A on EPC
Mode under Phase-A of SARDP-NE in the State of West Bengal PKG- IVA",NHIDCL,Ministry of Road Transport & Highways,Roads & Highways,West Bengal,03/2018,10/2019,04/2022,08/2026,,402.94,402.94,261.9,99.23,2018-03-01,2019-10-01,2022-04-01,2026-08-01,,0.0,29.993429697766096,81.99737187910644,52.00394218134034,,52.00394218134034,0.6499727006502208,2018,4.0606671369545495,0,0.6499727006502208,MEDIUM
1082,618431,"Construction of alternative highway to Gangtok in Sikkim via Bagrakot -Chuikhim-
Nimbong -Kafer-Bakhim-Algarah-Rhenock in the State of West Bengal and from
Rhenok-Rorathang-Pakyong along with spur from Aritar-Rolep-Menla in the State of
Sikkim from Km 13.00 to Km 25.60 of Bagrakot -Kafer section of NH 717A on EPC
Mode under Phase-A of SARDP-NE in the State of West Bengal PKG- IVB",NHIDCL,Ministry of Road Transport & Highways,Roads & Highways,West Bengal,03/2018,10/2020,04/2023,12/2026,,295.97,295.97,255.94,97.73,2018-03-01,2020-10-01,2023-04-01,2026-12-01,,0.0,29.96057818659658,73.98160315374507,44.02102496714849,,44.02102496714849,0.864749805723553,2018,3.028445717793922,0,0.864749805723553,MEDIUM
1083,618432,"Construction of Balance work of 2-Lane with PS of Joram-Koloriang Road NH-
713 on EPC basis from Design Km 44.989 to Km 61.547 Existing Km 50.050 to
Km 70.000 in the state of Arunachal Pradesh under SARDP-NE Pkg-3",NHIDCL,Ministry of Road Transport & Highways,Roads & Highways,Arunachal Pradesh,02/2017,10/2020,04/2022,09/2024,09/2024,228.72,228.72,205.68,100.0,2017-02-01,2020-10-01,2022-04-01,2024-09-01,2024-09-01,0.0,17.969776609724047,47.010512483574246,29.0407358738502,47.010512483574246,29.0407358738502,0.8992654774396642,2017,2.2872,0,0.8992654774396642,MEDIUM
1084,618433,"Construction of Balance work of 2-Lane with PS of Joram Koloriang Road from
existing Km122.600 to km138.00 [Design Km108.724 to Km123.714] in
Arunachal Pradesh on EPC Mode under SARDP-NE Pkg-7",NHIDCL,Ministry of Road Transport & Highways,Roads & Highways,Arunachal Pradesh,02/2017,10/2020,04/2022,04/2026,,184.89,184.89,156.42,99.69,2017-02-01,2020-10-01,2022-04-01,2026-04-01,,0.0,17.969776609724047,65.9658344283837,47.99605781865965,,47.99605781865965,0.8460165503813079,2017,1.8546494131808606,0,0.8460165503813079,MEDIUM
1085,618434,Roing-Hunli Road Greenfield Alignment Project,NHIDCL,Ministry of Road Transport & Highways,Roads & Highways,Arunachal Pradesh,02/2017,03/2018,03/2022,10/2026,,1718.59,1718.59,1123.4,82.45,2017-02-01,2018-03-01,2022-03-01,2026-10-01,,0.0,47.99605781865966,103.02233902759527,55.02628120893561,,55.02628120893561,0.6536753966914739,2017,20.84402668283808,1,0.6536753966914739,MEDIUM
1086,618435,"4-Laning from Rangagara to Kaliabor Tiniali from km 297.00 to km 315.315 of
NH-37 on EPC basis under SARDP-NE in state of Assam",NHIDCL,Ministry of Road Transport & Highways,Roads & Highways,Assam,01/2016,10/2017,04/2020,07/2026,,386.51,386.51,360.25,97.13,2016-01-01,2017-10-01,2020-04-01,2026-07-01,,0.0,29.993429697766096,104.96057818659658,74.96714848883047,,74.96714848883047,0.9320586789475046,2016,3.979306084628848,0,0.9320586789475046,MEDIUM
1087,618436,"4-Laning of Jamugurihat to end of Biswanath Chariali By-Pass from Km 182.000
to Km 208.000 of NH-52 on EPC mode in state of Assam under SARDP-NE",NHIDCL,Ministry of Road Transport & Highways,Roads & Highways,Assam,03/2015,12/2016,06/2019,07/2025,,599.0,599.0,432.62,100.0,2015-03-01,2016-12-01,2019-06-01,2025-07-01,,0.0,29.96057818659658,102.95663600525624,72.99605781865966,,72.99605781865966,0.722237061769616,2015,5.99,0,0.722237061769616,MEDIUM
1088,618437,"Construction of Balance Work of 4-Laning of NH-37 Section between End of
Moran Bypass to Bogibeel junction near Lapetketa Km. 561.700-Km. 580.875
under SARDP-NE, Phase 'A' in the State of Assam on EPC mode Pkg-I Road
works & Toll Plaza",NHIDCL,Ministry of Road Transport & Highways,Roads & Highways,Assam,01/2016,09/2024,03/2025,08/2025,,274.34,274.34,116.66,100.0,2016-01-01,2024-09-01,2025-03-01,2025-08-01,,0.0,5.946123521681997,10.972404730617608,5.026281208935611,,5.026281208935611,0.4252387548297733,2016,2.7434,0,0.4252387548297733,LOW
1089,618438,"4-Laning of NH-37 Section between Demow to End of Moran Bypass From Km.
534.800 to Km. 561.700 including Emergency Landing Facility ELF under
SARDP-NE, Phase 'A' in the State of Assam on EPC mode",NHIDCL,Ministry of Road Transport & Highways,Roads & Highways,Assam,01/2016,01/2023,07/2024,08/2025,,385.57,385.57,680.44,100.0,2016-01-01,2023-01-01,2024-07-01,2025-08-01,,0.0,17.969776609724047,30.97897503285151,13.009198423127462,,13.009198423127462,1.7647638561091372,2016,3.8557,0,1.7647638561091372,MEDIUM
1090,618439,"Construction of Balance Work of 4-Laning of the Section from Jorhat to Jhanji of
NH-37 Old from Km 453000 to Km 463000 10.000 Km, under SARDP- NE under
EPC Mode in the state of Assam Pkg-I Road Works",NHIDCL,Ministry of Road Transport & Highways,Roads & Highways,Assam,01/2024,02/2024,08/2024,06/2026,,478.3,478.3,0.0,96.79,2024-01-01,2024-02-01,2024-08-01,2026-06-01,,0.0,5.978975032851511,27.95663600525624,21.977660972404728,,21.977660972404728,0.0,2024,4.941626201053828,0,0.0,LOW
1091,618440,"Construction of Balance Work of 4-Laning of the Section from Jhanji to Demow of
NH-37 Old from Km 490.800 to Km 534.800, under SARDP- NE on EPC Mode in
the state of Assam Pkg- IV Structures & Toll Plaza",NHIDCL,Ministry of Road Transport & Highways,Roads & Highways,Assam,01/2016,10/2024,10/2025,10/2026,,187.09,100.22,16.71,58.19,2016-01-01,2024-10-01,2025-10-01,2026-10-01,,-0.4643219840718371,11.990801576872535,23.98160315374507,11.990801576872535,,11.990801576872535,0.16673318698862505,2016,3.2151572435126314,0,0.08931530279544604,LOW
1092,618441,"Construction of Balance Work of 4-Laning of the Section from Jhanji to Demow of
NH-37 Old from Km 490.800 to Km 501.800 11.000 Km, under SARDP- NE
under EPC Mode in the state of Assam Pkg-I Road Works",NHIDCL,Ministry of Road Transport & Highways,Roads & Highways,Assam,01/2016,10/2024,09/2025,10/2026,,467.79,476.5,97.88,87.33,2016-01-01,2024-10-01,2025-09-01,2026-10-01,,0.018619465999700675,11.005256241787121,23.98160315374507,12.976346911957949,,12.976346911957949,0.20541448058761805,2016,5.3565784953624185,0,0.20923918852476536,LOW
1093,618442,"Construction of Balance Work of the 4-Laning of the Section from Jorhat to Jhanji
of NH-37 Old from Km 477.000 to Km 490800 13.800 Km, under SARDP- NE
under EPC Mode in the state of Assam Pkg-III Road Works",NHIDCL,Ministry of Road Transport & Highways,Roads & Highways,Assam,01/2024,02/2024,08/2024,06/2026,,358.72,358.72,100.4,100.0,2024-01-01,2024-02-01,2024-08-01,2026-06-01,,0.0,5.978975032851511,27.95663600525624,21.977660972404728,,21.977660972404728,0.2798840321141838,2024,3.5872,0,0.2798840321141838,LOW
1094,618443,"Construction of Balance Work of the 4-Laning of the Section from Jorhat to Jhanji
of NH-37 Old from Km 463.00 to Km 477.000 14.000 Km, under SARDP- NE
under EPC Mode in the state of Assam Pkg-II Road Works",NHIDCL,Ministry of Road Transport & Highways,Roads & Highways,Assam,01/2024,02/2024,08/2024,03/2026,,438.44,438.44,0.0,95.86,2024-01-01,2024-02-01,2024-08-01,2026-03-01,,0.0,5.978975032851511,24.93429697766097,18.95532194480946,,18.95532194480946,0.0,2024,4.573753390360943,0,0.0,LOW
1095,618444,"Construction of Balance Work of the 4-Laning of the Section from Jorhat to Jhanji
of NH-37 Old from Km 453.000 to Km 490.800, under SARDP- NE , under EPC
Mode in the state of Assam Pkg-IV Structures & Toll Plaza",NHIDCL,Ministry of Road Transport & Highways,Roads & Highways,Assam,01/2024,02/2024,08/2024,07/2026,,279.01,279.01,398.54,94.73,2024-01-01,2024-02-01,2024-08-01,2026-07-01,,0.0,5.978975032851511,28.942181340341655,22.963206307490143,,22.963206307490143,1.4284075839575643,2024,2.9453182729863823,0,1.4284075839575643,MEDIUM
1096,618445,"Construction of 2-Laning with hard shoulders of Demwe-Brahmakund section of
NH-13 from Ch.0.00 km to 18.464 km on EPC under SARDP-NE NHO-NE -
Balance Work",NHIDCL,Ministry of Road Transport & Highways,Roads & Highways,Arunachal Pradesh,08/2020,06/2025,12/2027,12/2027,,353.9,353.9,26.82,19.57,2020-08-01,2025-06-01,2027-12-01,2027-12-01,,0.0,29.993429697766096,29.993429697766096,0.0,,0.0,0.07578411980785534,2020,18.08380173735309,0,0.07578411980785534,LOW
1097,618446,"Construction & Upgradation of existing road to 2-lane with paved shoulder from
New Rolep Bridge at km 37.600 to Chochenpheri at km 52.00 in the section of
Rongli to Chochenpheri of NH 717B Pkg-II C",NHIDCL,Ministry of Road Transport & Highways,Roads & Highways,Sikkim,10/2020,05/2021,05/2024,09/2026,,493.42,478.79,395.19,79.13,2020-10-01,2021-05-01,2024-05-01,2026-09-01,,-0.029650196587086043,36.00525624178712,64.02759526938239,28.022339027595265,,28.022339027595265,0.8253931786378161,2020,6.235561733855681,0,0.8009201086295651,MEDIUM
1098,618447,"Construction of 2-Laning with Paved Shoulder of New Greenfield Alignment From
Helipad near Menla at Km 82000 to Menla at Km 94030 of Rhenock-Menla Spur
NH-717B Package-IIIB on EPC Basis under SARDP-NE Phase 'A' in the State of
Sikkim",NHIDCL,Ministry of Road Transport & Highways,Roads & Highways,Sikkim,01/2021,02/2021,02/2024,05/2027,,410.6,379.3,241.77,82.64,2021-01-01,2021-02-01,2024-02-01,2027-05-01,,-0.07622990745250854,35.972404730617605,74.90144546649145,38.92904073587385,,38.92904073587385,0.6374110203005536,2021,4.9685382381413365,0,0.5888212372138334,MEDIUM
1099,618448,"Construction of 2-Laning with Paved Shoulder of New Greenfield Alignment From
Chochenpheri at Km 52000 to Helipad near Menla at Km 82000 of Rhenock-
Menla Spur NH-717B Package-IIIA on EPC Basis under SARDP-NE Phase 'A' in
the State of Sikkim",NHIDCL,Ministry of Road Transport & Highways,Roads & Highways,Sikkim,10/2020,12/2020,12/2023,05/2027,,816.79,786.6,474.96,64.31,2020-10-01,2020-12-01,2023-12-01,2027-05-01,,-0.03696176495794506,35.972404730617605,76.93823915900131,40.96583442838371,,40.96583442838371,0.603813882532418,2020,12.70082413310527,0,0.5814958557279105,MEDIUM
1100,618449,"Construction & Upgradation of existing road to 2-lane with paved shoulder from
km27.200 End of Rongli bypass to km37.600New Rolep Bridge of Rhenok-Menla
spur NH-717B on EPC Mode under SARDP-NE Phase-A in Sikkim Pkg-II B",NHIDCL,Ministry of Road Transport & Highways,Roads & Highways,Sikkim,07/2020,10/2020,04/2023,09/2026,,230.45,244.91,249.71,86.19,2020-07-01,2020-10-01,2023-04-01,2026-09-01,,0.06274679973963987,29.96057818659658,70.99211563731932,41.03153745072274,,41.03153745072274,1.0195990363807113,2020,2.6737440538345516,0,1.0835756129312215,MEDIUM
1101,618450,"Rehabilitation & Upgradation of existing road to 2-lane with paved shoulder
including geometric improvement of section from start of Rabangla km33.600 to
km58.840 under SARDP-NE Phase A Pkg- IV",NHIDCL,Ministry of Road Transport & Highways,Roads & Highways,Sikkim,07/2020,10/2020,05/2022,12/2026,,292.8,292.8,253.63,65.15,2020-07-01,2020-10-01,2022-05-01,2026-12-01,,0.0,18.95532194480946,73.98160315374507,55.026281208935615,,55.026281208935615,0.8662226775956283,2020,4.49424405218726,0,0.8662226775956283,MEDIUM
1102,618452,"2-laning of Zorinpui - Longmasu section of NH-502A from km 0.000 to km 28.244
in the State of Mizoram on EPC mode under NHO-NE, stretch of IMBR",NHIDCL,Ministry of Road Transport & Highways,Roads & Highways,Mizoram,02/2023,12/2024,12/2026,07/2027,,781.85,781.85,48.26,4.71,2023-02-01,2024-12-01,2026-12-01,2027-07-01,,0.0,23.98160315374507,30.946123521681997,6.964520367936927,,6.964520367936927,0.06172539489671931,2023,165.99787685774947,0,0.06172539489671931,LOW
1103,618454,"Earthwork in Formation, Road Work, Construction of Bridges, Blanketing, P. Way
Linking works including Supply of P. Way Fittings and Track Ballast in connection
with Construction of Railway Siding from Jogighopa Railway Station to MMLP at
Jogighopa from Ch. 00 to 3760 on Item Rate basis Package -3, Railway Siding
from Jogighopa Railway Station to MMLP",NHIDCL,Ministry of Road Transport & Highways,Roads & Highways,Assam,02/2020,12/2020,06/2022,09/2024,,693.97,693.97,40.17,93.23,2020-02-01,2020-12-01,2022-06-01,2024-09-01,,0.0,17.969776609724047,45.006570302233904,27.036793692509857,,27.036793692509857,0.057884346585587276,2020,7.443634023383031,0,0.057884346585587276,MEDIUM
1104,618455,"Development of External Trunk Connectivity and Internal Infrastructure Works at
Multi Model Logistics ParkMMLP at Jogighopa in the State of Assam on EPC
Mode Package-I Road and Utility Works",NHIDCL,Ministry of Road Transport & Highways,Roads & Highways,Assam,02/2020,09/2020,04/2022,09/2024,,693.97,693.97,308.85,100.0,2020-02-01,2020-09-01,2022-04-01,2024-09-01,,0.0,18.95532194480946,47.99605781865966,29.0407358738502,,29.0407358738502,0.44504805683242793,2020,6.9397,0,0.44504805683242793,MEDIUM
1105,618456,"Delhi-Vadodara Greenfield Alignment NH-148N Pkg-14 Ch. 388.420 to Ch.
419.000 [Junction with NH- 76 to Junction with NH-12 near village Ummedpura]",NHAI,Ministry of Road Transport & Highways,Roads & Highways,Rajasthan,11/2019,05/2021,03/2025,,05/2023,1119.35,1194.17,1114.19,100.0,2019-11-01,2021-05-01,2025-03-01,,2023-05-01,0.06684236387189009,45.992115637319316,,0.0,23.98160315374507,-22.010512483574246,0.9330246112362561,2019,11.193499999999998,1,0.9953901818019387,LOW
1106,618457,"Delhi-Vadodara Greenfield Alignment NH-148N Pkg-10 Ch. 292.950 to Ch. 319.400
[End of Interchange on NH-166 near village Mui to Hardeoganj village near Indergarh]",NHAI,Ministry of Road Transport & Highways,Roads & Highways,Rajasthan,11/2019,05/2021,05/2023,09/2026,,1272.97,1265.16,1150.13,95.25,2019-11-01,2021-05-01,2023-05-01,2026-09-01,,-0.006135258489987938,23.98160315374507,64.02759526938239,40.04599211563732,,40.04599211563732,0.9090786936039711,2019,13.364514435695538,1,0.9035012608309702,MEDIUM
1107,618458,"Delhi-Vadodara Greenfield Alignment NH-148N Pkg-15 Ch. 419.000 to Ch.427.300
[Junction with NH-12 near village Ummedpura to Major bridge over Takli river near
Nayagaon Jageer village]",NHAI,Ministry of Road Transport & Highways,Roads & Highways,Rajasthan,07/2020,07/2021,01/2024,08/2026,,1854.68,1854.68,1530.92,98.28,2020-07-01,2021-07-01,2024-01-01,2026-08-01,,0.0,30.02628120893561,61.00525624178712,30.978975032851512,,30.978975032851512,0.8254361938447603,2020,18.87138787138787,1,0.8254361938447603,MEDIUM
1108,618459,Delhi-Vadodara Greenfield Alignment NH-148N Pkg-26 Ch.696890 to Ch.726390,NHAI,Ministry of Road Transport & Highways,Roads & Highways,Gujarat,09/2020,12/2022,08/2024,02/2027,,1555.2,1556.4,1288.32,85.5,2020-09-01,2022-12-01,2024-08-01,2027-02-01,,0.0007716049382716342,20.006570302233904,50.03285151116951,30.026281208935607,,30.026281208935607,0.8277563608326908,2020,18.189473684210526,1,0.8283950617283949,MEDIUM
1109,618460,Delhi-Vadodara Greenfield Alignment NH-148N Pkg-28 Ch.756052 to Ch.781282,NHAI,Ministry of Road Transport & Highways,Roads & Highways,Gujarat,09/2020,11/2021,11/2023,04/2026,,1263.38,1266.98,934.98,100.0,2020-09-01,2021-11-01,2023-11-01,2026-04-01,,0.0028494989630989164,23.98160315374507,52.95663600525624,28.975032851511173,,28.975032851511173,0.73795955737265,2020,12.6338,1,0.7400623723661922,MEDIUM
1110,618461,"Delhi-Vadodara Greenfield Alignment NH-148N Pkg-30 Ch 803420 to Ch.824920
[Baletiya Village - Junction near Pratap Nagar Village]",National Highways Authority of India [NHAI],Ministry of Road Transport & Highways,Roads & Highways,Gujarat,11/2019,09/2021,09/2023,06/2024,,1800.73,1800.73,1090.06,99.0,2019-11-01,2021-09-01,2023-09-01,2024-06-01,,0.0,23.98160315374507,32.98291721419185,9.00131406044678,,9.00131406044678,0.6053433885146579,2019,18.18919191919192,1,0.6053433885146579,LOW
1111,618462,"Delhi-Vadodara Greenfield Alignment NH-148N Pkg-31 Ch.824920 to Ch.844382
[Junction near Pratap nagar Village - Junction near Dodka Village]",NHAI,Ministry of Road Transport & Highways,Roads & Highways,Gujarat,11/2019,05/2021,05/2023,08/2026,,1644.85,1651.14,1297.76,100.0,2019-11-01,2021-05-01,2023-05-01,2026-08-01,,0.0038240569048850603,23.98160315374507,63.00919842312746,39.02759526938239,,39.02759526938239,0.7859781726564676,2019,16.4485,1,0.7889837979147035,MEDIUM
1112,618463,Vadodara Mumbai Expressway Kim to Ankleshwar Phase IA - Pkg V,NHAI,Ministry of Road Transport & Highways,Roads & Highways,Gujarat,02/2018,11/2019,10/2021,08/2026,,1324.84,2807.48,1546.7,91.34,2018-02-01,2019-11-01,2021-10-01,2026-08-01,,1.1191087225627248,22.996057818659658,80.97897503285151,57.98291721419185,,57.98291721419185,0.5509211107470044,2018,14.50448872345084,1,1.167461731227922,HIGH
1113,618464,"Vadodara Mumbai Expressway Ena -Kim Phase IB - Pkg VI [Km 217.500 to Km
254.430]",NHAI,Ministry of Road Transport & Highways,Roads & Highways,Gujarat,05/2020,12/2021,06/2025,,12/2023,2271.86,4297.28,2991.42,100.0,2020-05-01,2021-12-01,2025-06-01,,2023-12-01,0.8915250059422674,41.98423127463863,,0.0,23.98160315374507,-18.00262812089356,0.696119405763646,2020,22.718600000000002,1,1.316727263123608,MEDIUM
1114,618465,"Vadodara Mumbai Expressway Gandeva to Ena Phase IB - Pkg VII [Km 190.00
to Km 217.500]",NHAI,Ministry of Road Transport & Highways,Roads & Highways,Gujarat,07/2020,11/2021,01/2026,,11/2023,1710.3,3392.21,2451.01,100.0,2020-07-01,2021-11-01,2026-01-01,,2023-11-01,0.9834005729988892,50.0,,0.0,23.98160315374507,-26.01839684625493,0.7225407625117549,2020,17.102999999999998,1,1.433087762380869,MEDIUM
1115,618466,"Vadodara Mumbai Expressway Jujuwa - Gandeva from Km. 154.600 to Km. 190.000
Phase-I Package-VIII",NHAI,Ministry of Road Transport & Highways,Roads & Highways,Gujarat,07/2023,08/2024,03/2026,11/2026,,3834.24,3820.2,197.98,4.85,2023-07-01,2024-08-01,2026-03-01,2026-11-01,,-0.003661742613920872,18.95532194480946,27.003942181340342,8.048620236530883,,8.048620236530883,0.05182451180566462,2023,790.5649484536083,1,0.051634743782340176,LOW
1116,618467,"Vadodara Mumbai Expressway Karvad - Jujuwa from Km. 128.000 to Km. 154.600
Phase-I Package-IX",NHAI,Ministry of Road Transport & Highways,Roads & Highways,Gujarat,07/2023,04/2024,10/2025,07/2027,,2594.17,2587.04,235.55,21.75,2023-07-01,2024-04-01,2025-10-01,2027-07-01,,-0.0027484706090965933,18.00262812089356,38.96189224704336,20.959264126149797,,20.959264126149797,0.0910500030923372,2023,119.27218390804597,1,0.09079975483487975,LOW
1117,618468,"Vadodara Mumbai Expressway Phase II - Pkg XI [Km. 77.000 to Km. 103.400]
Ganjad - Talsari",NHAI,Ministry of Road Transport & Highways,Roads & Highways,Maharashtra,06/2020,05/2022,01/2026,,05/2024,1524.71,1913.95,901.76,100.0,2020-06-01,2022-05-01,2026-01-01,,2024-05-01,0.25528789081202324,44.053876478318,,0.0,24.014454664914584,-20.03942181340342,0.4711512839938347,2020,15.2471,1,0.5914305015379974,LOW
1118,618469,"Vadodara Mumbai Expressway Phase II - Pkg XIII [Km. 26.582 to Km. 50.700]
Shirsad - Masvan",NHAI,Ministry of Road Transport & Highways,Roads & Highways,Maharashtra,06/2020,02/2022,02/2024,08/2026,,3536.9,4679.54,1986.56,98.2,2020-06-01,2022-02-01,2024-02-01,2026-08-01,,0.3230625689162826,23.98160315374507,53.942181340341655,29.960578186596585,,29.960578186596585,0.42452035883868927,2020,36.0173116089613,1,0.5616669965223783,MEDIUM-HIGH
1119,618470,"Vadodara Mumbai Expressway Phase II - Pkg XIV [Km. 3.000 to Km. 20.200 of Spur]
Shirsad - Akloli",NHAI,Ministry of Road Transport & Highways,Roads & Highways,Maharashtra,05/2021,11/2022,05/2024,08/2026,,2058.79,2324.72,634.55,98.0,2021-05-01,2022-11-01,2024-05-01,2026-08-01,,0.1291681035948299,17.969776609724047,44.973718791064385,27.00394218134034,,27.00394218134034,0.272957603496335,2021,21.008061224489797,1,0.3082150195017462,MEDIUM
1120,618471,"Vadodara Mumbai Expressway Phase II - Pkg XV [Km. 20.200 to Km. 43.000 of Spur]
Akloli - Amne",NHAI,Ministry of Road Transport & Highways,Roads & Highways,Maharashtra,05/2021,11/2022,05/2024,08/2026,,2610.88,2918.39,651.95,94.6,2021-05-01,2022-11-01,2024-05-01,2026-08-01,,0.1177802120357886,17.969776609724047,44.973718791064385,27.00394218134034,,27.00394218134034,0.2233937205102814,2021,27.599154334038058,1,0.24970508027944602,MEDIUM
1121,618472,"Vadodara Mumbai Expressway Phase II - Pkg XVI [Km. 43.000 to Km. 69.800 of Spur]
Amne - Bhoj",NHAI,Ministry of Road Transport & Highways,Roads & Highways,Maharashtra,06/2021,11/2022,10/2024,08/2026,,4051.8,4315.56,952.69,95.5,2021-06-01,2022-11-01,2024-10-01,2026-08-01,,0.06509699392862436,22.996057818659658,44.973718791064385,21.977660972404728,,21.977660972404728,0.22075698171268618,2021,42.42722513089005,1,0.23512759761093835,LOW
1122,618473,"Vadodara Mumbai Expressway Phase II - Pkg XVII [Km. 69.800 to Km. 79.783 of
Spur] Bhoj - Morbe",NHAI,Ministry of Road Transport & Highways,Roads & Highways,Maharashtra,09/2021,01/2023,07/2025,08/2026,,2208.68,2463.02,931.24,90.73,2021-09-01,2023-01-01,2025-07-01,2026-08-01,,0.11515475306517928,29.96057818659658,42.96977660972404,13.009198423127462,,13.009198423127462,0.37808868787098765,2021,24.343436570042982,1,0.4216273973595089,LOW
1123,618475,"Bangalore Chennai Expressway Phase-II Pkg-II from km.96.000 to Km 127.000
Baireddypalle to Bangarupalem section",NHAI,Ministry of Road Transport & Highways,Roads & Highways,Andhra Pradesh,02/2021,06/2023,06/2025,10/2026,,2548.04,2548.04,1332.41,94.24,2021-02-01,2023-06-01,2025-06-01,2026-10-01,,0.0,24.014454664914584,40.01314060446781,15.998685939553223,,15.998685939553223,0.5229156528154975,2021,27.03777589134126,1,0.5229156528154975,LOW
1124,618476,"Bangalore Chennai Expressway Phase-II Pkg-III from km.127.000 to Km 156.000
Bangarupalem to Gudipala section",NHAI,Ministry of Road Transport & Highways,Roads & Highways,Andhra Pradesh,11/2020,10/2022,10/2024,08/2026,,1407.33,1407.33,868.62,99.46,2020-11-01,2022-10-01,2024-10-01,2026-08-01,,0.0,24.014454664914584,45.992115637319316,21.97766097240473,,21.97766097240473,0.61721131504338,2020,14.149708425497687,1,0.61721131504338,LOW
1125,618477,"Bangalore Chennai Expressway Phase-III Package I Gudipala to Walajajhpet from
Km 156.000 to Km 180.000",NHAI,Ministry of Road Transport & Highways,Roads & Highways,"Multi-States
(Andhra Pradesh,
Tamil Nadu)",10/2020,05/2022,05/2024,08/2026,,1481.87,1481.87,746.74,99.02,2020-10-01,2022-05-01,2024-05-01,2026-08-01,,0.0,24.014454664914584,51.01839684625492,27.00394218134034,,27.00394218134034,0.5039173476755722,2020,14.96536053322561,1,0.5039173476755722,MEDIUM
1126,618478,"Bangalore Chennai Expressway Phase-III Package II Walajahpet to Arakkonam from
Km 180.000 to Km 204.500",NHAI,Ministry of Road Transport & Highways,Roads & Highways,Tamil Nadu,01/2021,07/2022,07/2024,08/2026,,1106.65,1106.65,593.0,93.04,2021-01-01,2022-07-01,2024-07-01,2026-08-01,,0.0,24.014454664914584,49.01445466491458,24.999999999999996,,24.999999999999996,0.5358514435458365,2021,11.894346517626827,1,0.5358514435458365,MEDIUM
1127,618479,"Bangalore Chennai Expressway Phase-III Package III Arakkonam to Kancheepuram
from Km 204.500 to Km 230.000",NHAI,Ministry of Road Transport & Highways,Roads & Highways,Tamil Nadu,12/2020,08/2022,07/2024,12/2027,,1525.1,1525.1,360.95,53.56,2020-12-01,2022-08-01,2024-07-01,2027-12-01,,0.0,22.996057818659658,63.99474375821288,40.99868593955322,,40.99868593955322,0.23667300504884925,2020,28.474607916355485,1,0.23667300504884925,MEDIUM
1128,618480,"Construction of Trumpet Interchange Connecting Bangalore Chennai Expressway
km.261705 to km. 262800 with Maduravoyal to Walajapet Section of NH 48 near
Sriperumbudur Toll Plaza at km. 35700",NHAI,Ministry of Road Transport & Highways,Roads & Highways,Tamil Nadu,05/2023,02/2024,08/2025,10/2026,,162.55,162.56,54.98,38.52,2023-05-01,2024-02-01,2025-08-01,2026-10-01,,6.151953245149741e-05,17.969776609724047,31.964520367936924,13.994743758212877,,13.994743758212877,0.33821358267716534,2023,4.219885773624092,0,0.33823438941864037,LOW
1129,618481,"4L Bangalore-Chennai Expressway from Km. 230.000 to Km. 261.705 of
Kanchepuram to Sriperumbudur Section Phase-III/Package-IV",NHAI,Ministry of Road Transport & Highways,Roads & Highways,Tamil Nadu,02/2021,07/2022,07/2024,10/2026,,3605.73,3605.73,987.38,89.97,2021-02-01,2022-07-01,2024-07-01,2026-10-01,,0.0,24.014454664914584,51.01839684625492,27.00394218134034,,27.00394218134034,0.2738363660063288,2021,40.07702567522507,1,0.2738363660063288,MEDIUM
1130,618482,"Delhi-Amritsar-Katra Expressway Phase-I Pkg-I from Jussur Kheri on NH-KMP
Expressway to Junction with Rohtak-Panipat road NH-709 near Rukhi Paani village
Km 0000 to Km 34000",NHAI,Ministry of Road Transport & Highways,Roads & Highways,Haryana,12/2020,12/2021,12/2023,07/2026,,1866.49,2429.9,1609.72,99.91,2020-12-01,2021-12-01,2023-12-01,2026-07-01,,0.301855354167448,23.98160315374507,54.96057818659658,30.97897503285151,,30.97897503285151,0.6624634758632042,2020,18.68171354218797,1,0.8624316229928904,MEDIUM-HIGH
1131,618483,"Delhi-Amritsar-Katra Expressway Phase-I Pkg-II from Junction with Rohtak-Panipat
road NH-709 near Rukhi Paani village to Junction with Jind-Panipat road NH-352A
near Gangana village Km 34000 to Km 60800",NHAI,Ministry of Road Transport & Highways,Roads & Highways,Haryana,12/2020,01/2022,01/2024,07/2026,,1533.87,1792.53,1176.23,99.89,2020-12-01,2022-01-01,2024-01-01,2026-07-01,,0.16863228304875907,23.98160315374507,53.942181340341655,29.960578186596585,,29.960578186596585,0.6561842758559132,2020,15.35559115026529,1,0.7668381283941925,MEDIUM
1132,618484,"Delhi-Amritsar-Katra Expressway Phase-I Pkg-III from Junction with Jind-Panipat
road NH-352A near Gangana village to Junction with Jind-Karnal road NH-709A
near Alewa village Km 60800 to Km 91400",NHAI,Ministry of Road Transport & Highways,Roads & Highways,Haryana,12/2020,12/2021,11/2025,,12/2023,1606.27,1813.91,1322.85,100.0,2020-12-01,2021-12-01,2025-11-01,,2023-12-01,0.1292684293425141,47.010512483574246,,0.0,23.98160315374507,-23.028909329829176,0.729280945581644,2020,16.0627,1,0.8235539479664066,LOW
1133,618485,"Delhi-Amritsar-Katra Expressway Phase-I Pkg-IV from Junction with Jind-Karnal road
NH-709A near Alewa village to Junction with Ambala-Kaithal-Hissar road NH-152 near
Kharak Pandwa village Km 91400 to Km 120250",National Highways Authority of India [NHAI],Ministry of Road Transport & Highways,Roads & Highways,Haryana,01/2021,12/2021,12/2023,03/2024,,1306.95,1578.66,563.2,76.13,2021-01-01,2021-12-01,2023-12-01,2024-03-01,,0.20789624698726045,23.98160315374507,26.971090670170828,2.9894875164257577,,2.9894875164257577,0.35675826333726074,2021,17.16734533035597,1,0.43092696736677,LOW
1134,618486,"Delhi-Amritsar-Katra Expressway Phase-I Pkg-V from Junction with Ambala-Kaithal-
Hissar road NH-152 near Kharak Pandwa village to Junction with Patiala-Samana-
Patran road SH-10 near Ghagga village Km 120250 to Km 157920",NHAI,Ministry of Road Transport & Highways,Roads & Highways,"Multi-States
(Haryana, Punjab)",01/2021,05/2022,05/2024,08/2026,,1741.86,2281.02,1508.2,98.7,2021-01-01,2022-05-01,2024-05-01,2026-08-01,,0.3095311907960457,24.014454664914584,51.01839684625492,27.00394218134034,,27.00394218134034,0.6611954301145979,2021,17.64802431610942,1,0.8658560389468729,MEDIUM-HIGH
1135,618487,"Delhi-Amritsar-Katra Expressway Phase-I Pkg-VII from Junction with Patiala-Bathinda
road NH-7 near Bhawanigarh to Junction with Ludhiana-Malerhkotla SH-11 near
Bhogiwal village Km 188830 to km 225770",National Highways Authority of India [NHAI],Ministry of Road Transport & Highways,Roads & Highways,Punjab,12/2020,07/2022,07/2024,06/2026,,1759.82,1774.32,1250.45,95.8,2020-12-01,2022-07-01,2024-07-01,2026-06-01,,0.008239479037628849,24.014454664914584,47.010512483574246,22.99605781865966,,22.99605781865966,0.7047488615356869,2020,18.36972860125261,1,0.710555625007103,LOW
1136,618488,"Delhi-Amritsar-Katra Expressway Phase-I Pkg-VIII from Junction with Ludhiana-
Malerkotla SH-11 near Bhogiwal village to Junction with Ludhiana-Moga road NH-5
near Mullanpur Dakha Km 225770 to km 260860",NHAI,Ministry of Road Transport & Highways,Roads & Highways,Punjab,12/2020,03/2023,03/2025,12/2026,,1895.74,2034.94,1274.51,31.08,2020-12-01,2023-03-01,2025-03-01,2026-12-01,,0.07342779073079644,24.014454664914584,45.039421813403415,21.02496714848883,,21.02496714848883,0.6263133065348364,2020,60.9954954954955,1,0.6723021089389896,LOW
1137,618489,"Delhi-Amritsar-Katra Expressway Phase-I Pkg-IX from Junction with Ludhiana-Moga
road NH-5 near Mullanpur Dakha to Junction with Jalandhar - Moga road NH-703 near
Kang Sahibu village Km 260860 to km 303900",NHAI,Ministry of Road Transport & Highways,Roads & Highways,Punjab,12/2020,07/2022,07/2024,03/2027,,1851.47,2407.14,1935.88,73.35,2020-12-01,2022-07-01,2024-07-01,2027-03-01,,0.30012368550395085,24.014454664914584,55.97897503285151,31.964520367936924,,31.964520367936924,0.8042240999692583,2020,25.241581458759374,1,1.0455908008231298,MEDIUM-HIGH
1138,618490,"Delhi-Amritsar-Katra Expressway Phase-I Pkg-X from Jn. with Jalandhar - Moga road
NH-703 to Jn. with Jalandhar-Kapurthala road NH-703A and to Jn. with Kapurthala -
Sultanpur Lodhi road NH-703A km 000 to km 24000 to Amritsar connectivity",NHAI,Ministry of Road Transport & Highways,Roads & Highways,Punjab,12/2020,07/2022,07/2024,07/2026,,2177.54,2062.74,1524.23,62.99,2020-12-01,2022-07-01,2024-07-01,2026-07-01,,-0.052720041882123946,24.014454664914584,47.99605781865966,23.981603153745073,,23.981603153745073,0.7389346209410784,2020,34.56961422448008,1,0.6999779567769134,LOW
1139,618491,"Delhi-Amritsar-Katra Expressway Phase-I Pkg-XI from Junction with Jalandhar -
Kapurthala road NH-703A near khojewal village to Junction with Amritsar-Mehta-
SriHargobindpur-Tanda road NH-503A near SriHargobindpur Km 319400 to km
362420",NHAI,Ministry of Road Transport & Highways,Roads & Highways,Punjab,03/2021,11/2022,11/2024,12/2026,,2175.35,2206.71,1377.13,43.45,2021-03-01,2022-11-01,2024-11-01,2026-12-01,,0.014416070977084207,24.014454664914584,48.98160315374507,24.967148488830485,,24.967148488830485,0.6240647842262916,2021,50.06559263521288,1,0.6330613464499967,MEDIUM
1140,618492,"Delhi-Amritsar-Katra Expressway Phase-I Pkg-XII from Junction with Amritsar-Mehta-
SriHargobindpur-Tanda road NH-503A near SriHargobindpur to Junction with
Pathankot-Gurdaspur road NH-54 near Gurdaspur Km 362420 to km 397700",NHAI,Ministry of Road Transport & Highways,Roads & Highways,Punjab,03/2021,02/2025,02/2027,06/2027,,1734.18,1538.47,780.61,27.6,2021-03-01,2025-02-01,2027-02-01,2027-06-01,,-0.11285449030665792,23.98160315374507,27.92378449408673,3.9421813403416586,,3.9421813403416586,0.5073937093345987,2021,62.832608695652176,1,0.450132050882838,LOW
1141,618493,"Delhi-Amritsar-Katra Expressway Phase-I Spur-I from Jn. with Kapurthala - Sultanpur
Lodhi Road NH-703A near Isharwal village to Jn. with Kapurthala - Tarn Taran road
NH-703AA near Goinwal Sahib [Km 24000 to Km 41000 of Amritsar connectivity]",NHAI,Ministry of Road Transport & Highways,Roads & Highways,Punjab,12/2021,04/2023,04/2026,03/2028,,2165.23,1519.6,618.22,34.79,2021-12-01,2023-04-01,2026-04-01,2028-03-01,,-0.29818079372630163,36.00525624178712,59.00131406044678,22.996057818659658,,22.996057818659658,0.40683074493287713,2021,62.23713710836447,1,0.28552163049652923,LOW
1142,618494,"Delhi-Amritsar-Katra Expressway Phase-II Pkg-XV [Junction with Hiranagar Road
near village Gurha Baildaran to Junction with Jammu Ring Road NH-244A near Jakh
village from Km 468100 to Km 503250]",NHAI,Ministry of Road Transport & Highways,Roads & Highways,"Jammu and
Kashmir",10/2021,09/2022,09/2024,12/2026,,2714.95,3716.56,1846.59,90.01,2021-10-01,2022-09-01,2024-09-01,2026-12-01,,0.3689239212508518,24.014454664914584,50.98554533508541,26.971090670170828,,26.971090670170828,0.4968546182491336,2021,30.1627596933674,1,0.680156172305199,MEDIUM-HIGH
1143,618495,"4/6L Access Control Expressway from Design Chainage Km 515.000 to 528.300
Kunjwani to Sidhra Section of NH-44 and from Design Chainage Km 550.900 to Km
566.520 Domel to Katra Section Phase II-Package XVII",NHAI,Ministry of Road Transport & Highways,Roads & Highways,"Jammu and
Kashmir",06/2022,06/2023,06/2025,11/2027,,2894.74,2894.74,1016.96,66.74,2022-06-01,2023-06-01,2025-06-01,2027-11-01,,0.0,24.014454664914584,53.022339027595265,29.00788436268068,,29.00788436268068,0.35131307129483136,2022,43.37338927180102,1,0.35131307129483136,MEDIUM
1144,618496,"Delhi-Amritsar-Katra Expressway Phase-II Pkg-XVI Existing Jakh Vijaypur-Kunjwani
section of NH-44 including spur Connectivity to Jammu Airport NH-144A [Km 503500
to km 514500]",NHAI,Ministry of Road Transport & Highways,Roads & Highways,"Jammu and
Kashmir",09/2021,09/2022,09/2024,09/2026,,1821.72,2522.56,1238.6,94.14,2021-09-01,2022-09-01,2024-09-01,2026-09-01,,0.3847133478251322,24.014454664914584,47.99605781865966,23.981603153745073,,23.981603153745073,0.49100913357858683,2021,19.351179094964944,1,0.6799069011703225,MEDIUM
1145,618497,"Delhi Amritsar Katra Expressway Phase-II Pkg XVIII Development and Upgradation of
Four lane Access Control Expressway from Design Chainage KM 530.00 to KM
545.300 Sidhra to Domel Section of NH-44",NHAI,Ministry of Road Transport & Highways,Roads & Highways,"Jammu and
Kashmir",12/2022,11/2023,11/2025,06/2027,,1025.73,975.38,631.2,70.17,2022-12-01,2023-11-01,2025-11-01,2027-06-01,,-0.049086991703469744,24.014454664914584,42.96977660972404,18.95532194480946,,18.95532194480946,0.6471323996801247,2022,14.617785378366824,1,0.6153666169459799,LOW
1146,618498,"6L Greenfield Kanpur - Lucknow Expressway Pkg II from km. 28.500 to km.
73.744",NHAI,Ministry of Road Transport & Highways,Roads & Highways,Uttar Pradesh,12/2021,11/2022,02/2026,,05/2025,2471.56,2489.0,1439.5,100.0,2021-12-01,2022-11-01,2026-02-01,,2025-05-01,0.007056272152001187,39.02759526938239,,0.0,29.96057818659658,-9.067017082785807,0.5783447167537163,2021,24.7156,1,0.5824256744728026,LOW
1147,618499,6L Elevated Kanpur - Lucknow Exeressway Pkg-1 from Km. 10980 to Km. 28500,NHAI,Ministry of Road Transport & Highways,Roads & Highways,Uttar Pradesh,12/2021,02/2023,07/2025,08/2026,,1972.94,1943.27,770.81,100.0,2021-12-01,2023-02-01,2025-07-01,2026-08-01,,-0.015038470505945478,28.942181340341655,41.95137976346912,13.009198423127465,,13.009198423127465,0.3966561517442249,2021,19.729400000000002,1,0.3906910499052176,LOW
1148,618500,"Construction of 4L Connector from Delhi Meerut Expressway Km 50.000 of Pkg IV to
Km 8.520 of NH-235 Pkg-5",NHAI,Ministry of Road Transport & Highways,Roads & Highways,Uttar Pradesh,09/2021,03/2022,03/2024,08/2026,,1081.39,1116.19,455.0,78.0,2021-09-01,2022-03-01,2024-03-01,2026-08-01,,0.032180804335161184,24.014454664914584,53.022339027595265,29.00788436268068,,29.00788436268068,0.4076366926777699,2021,13.86397435897436,1,0.42075476932466543,MEDIUM
1149,618501,"Ahmedabad - Dholera Pkg I from km. 0.00 to km. 22.00 [Sardar Patel Ring Road
- Sindhrej Village]",NHAI,Ministry of Road Transport & Highways,Roads & Highways,Gujarat,05/2020,01/2022,01/2026,,01/2024,1298.0,1421.05,1385.83,100.0,2020-05-01,2022-01-01,2026-01-01,,2024-01-01,0.0947996918335901,47.99605781865966,,0.0,23.98160315374507,-24.014454664914588,0.9752155096583512,2020,12.98,1,1.0676656394453004,LOW
1150,618502,"Ahmedabad - Dholera Pkg II from km. 22.00 to km. 48.52 [Sindhrej Village -
Vejallka Village]",NHAI,Ministry of Road Transport & Highways,Roads & Highways,Gujarat,05/2020,01/2022,04/2026,,01/2024,1415.34,1729.69,1785.68,100.0,2020-05-01,2022-01-01,2026-04-01,,2024-01-01,0.22210210974041583,50.9526938239159,,0.0,23.98160315374507,-26.97109067017083,1.0323699622475704,2020,14.1534,1,1.2616615088953893,LOW
1151,618503,"Ahmedabad - Dholera Pkg III from km. 48.52 to km. 71.06 [Vejallka Village - Start of
DSIR zone]",NHAI,Ministry of Road Transport & Highways,Roads & Highways,Gujarat,05/2020,07/2021,07/2023,08/2026,,1034.04,1155.41,1125.55,100.0,2020-05-01,2021-07-01,2023-07-01,2026-08-01,,0.11737456964914328,23.98160315374507,61.00525624178712,37.02365308804205,,37.02365308804205,0.9741563600799715,2020,10.340399999999999,1,1.0884975436153341,MEDIUM
1152,618504,"Ahmedabad - Dholera Pkg IV from km. 71.06 to km. 109.019 [Start of DSIR zone -
Adhelai Village]",NHAI,Ministry of Road Transport & Highways,Roads & Highways,Gujarat,05/2020,12/2021,12/2023,08/2026,,1181.76,1358.73,1222.79,98.08,2020-05-01,2021-12-01,2023-12-01,2026-08-01,,0.14975121852152723,23.98160315374507,55.97897503285151,31.99737187910644,,31.99737187910644,0.8999506892465758,2020,12.048939641109298,1,1.0347194015705388,MEDIUM
1153,618505,"Additional Structures on 6LGurgaon-Jaipur Section of NH-48 between KM 42.700 to
KM 273.00",NHAI,Ministry of Road Transport & Highways,Roads & Highways,"Multi-States
(Haryana,
Rajasthan)",08/2022,12/2022,06/2024,08/2026,,409.64,290.64,200.31,88.9,2022-08-01,2022-12-01,2024-06-01,2026-08-01,,-0.29049897470950103,18.00262812089356,43.98817345597897,25.985545335085412,,25.985545335085412,0.6892031379025599,2022,4.607874015748031,0,0.4889903329752954,MEDIUM
1154,618506,"Construction of Additional Structures, Improvement of Service Road & Maintenance of
Six Lane Gurgaon-Jaipur Section of NH-48 old NH-8 between km 42700 to km 107100
in the State of Haryana",NHAI,Ministry of Road Transport & Highways,Roads & Highways,Haryana,05/2024,05/2025,05/2027,05/2027,,401.74,240.02,131.79,61.38,2024-05-01,2025-05-01,2027-05-01,2027-05-01,,-0.4025489122317917,23.98160315374507,23.98160315374507,0.0,,0.0,0.5490792433963836,2024,6.545128706419029,0,0.3280479912381142,LOW
1155,618507,"Balance work of Six Laning of Shamlaji-Motachiloda from Km. 401.200 to Km.494.410
section Design Chainage Km.447.385 to Km 540.595, Length- 93.210 Km of old NH-8
NH-48 in the state of Gujarat on single Percentage Item Rate Contract",NHAI,Ministry of Road Transport & Highways,Roads & Highways,Gujarat,06/2024,08/2024,06/2025,08/2026,,466.8,501.48,577.62,91.83,2024-06-01,2024-08-01,2025-06-01,2026-08-01,,0.07429305912596403,9.986859395532194,23.98160315374507,13.994743758212875,,13.994743758212875,1.1518305814788226,2024,5.083306109114669,0,1.2374035989717223,LOW
1156,618508,"Construction of Additional Structures including Approaches in Vadodara Surat Section
of NH48 between existing Km. 108.000 to Km. 250.000",NHAI,Ministry of Road Transport & Highways,Roads & Highways,Gujarat,03/2024,01/2025,01/2027,06/2027,,907.39,907.39,368.63,48.73,2024-03-01,2025-01-01,2027-01-01,2027-06-01,,0.0,23.98160315374507,28.942181340341655,4.960578186596585,,4.960578186596585,0.40625309954925665,2024,18.62076749435666,0,0.40625309954925665,LOW
1157,618509,"Development of 6L UER II [Package - I] NH-1 Near Bakoli till Karala Kanjhawala Road
from km. 0.70 to km.15.00",NHAI,Ministry of Road Transport & Highways,Roads & Highways,Delhi,07/2020,10/2021,10/2023,08/2026,,2089.94,2203.45,1834.91,99.99,2020-07-01,2021-10-01,2023-10-01,2026-08-01,,0.054312563997052435,23.98160315374507,57.98291721419185,34.00131406044678,,34.00131406044678,0.8327441058340331,2020,20.901490149014904,1,0.8779725733753122,MEDIUM
1158,618511,"Upgradation & rehabilitation of Service Roads on both sides in urban areas of Pune
City on PuneSatara section of NH48",NHAI,Ministry of Road Transport & Highways,Roads & Highways,Maharashtra,01/2025,06/2025,06/2027,06/2027,,604.59,388.78,66.39,24.08,2025-01-01,2025-06-01,2027-06-01,2027-06-01,,-0.3569526455945352,23.98160315374507,23.98160315374507,0.0,,0.0,0.1707649570451155,2025,25.107558139534888,0,0.10980995385302436,LOW
1159,618512,"Tunnel at Khambataki Ghat Section and its approaches from existing Km. 771.730 to
existing Km. 782.000",NHAI,Ministry of Road Transport & Highways,Roads & Highways,Maharashtra,11/2017,02/2019,02/2022,10/2026,,907.03,816.12,686.79,89.2,2017-11-01,2019-02-01,2022-02-01,2026-10-01,,-0.10022821736877498,36.00525624178712,91.95137976346912,55.946123521682,,55.946123521682,0.8415306572562858,2017,10.168497757847533,0,0.7571855396183147,MEDIUM
1160,618513,6L of Kagal-Satara section from Km 592.500 to Km 658.000 of NH-48 Pkg-I,NHAI,Ministry of Road Transport & Highways,Roads & Highways,Maharashtra,12/2021,01/2023,01/2025,02/2027,,2111.95,1435.46,634.07,51.14,2021-12-01,2023-01-01,2025-01-01,2027-02-01,,-0.3203153483747247,24.014454664914584,49.01445466491458,24.999999999999996,,24.999999999999996,0.44171903083332176,2021,41.297418850215095,1,0.30022964558820053,MEDIUM
1161,618514,6L of Kagal-Satara section from Km 658.000 to Km 725.000 of NH-48 Pkg-II,NHAI,Ministry of Road Transport & Highways,Roads & Highways,Maharashtra,12/2021,12/2022,12/2024,12/2026,,2330.71,317.4,206.68,90.12,2021-12-01,2022-12-01,2024-12-01,2026-12-01,,-0.8638183214556937,24.014454664914584,47.99605781865966,23.981603153745073,,23.981603153745073,0.6511657214870826,2021,25.86229471815357,1,0.08867684096262513,LOW
1162,618515,"6L from Belgaum to Sankeshwar Bypass from Km. 515.000 to Km. 555.017 of
NH-48 Pkg-I",NHAI,Ministry of Road Transport & Highways,Roads & Highways,"Multi-States
(Maharashtra,
Karnataka)",11/2021,10/2022,03/2026,,04/2025,1479.3,1237.04,1199.4,100.0,2021-11-01,2022-10-01,2026-03-01,,2025-04-01,-0.16376664638680458,40.9658344283837,,0.0,29.993429697766096,-10.972404730617605,0.9695725279699929,2021,14.793,1,0.8107888866355709,LOW
1163,618516,"6L from Sankeshwar Bypass to MH-KNT Border from Km. 555.017 to Km. 592.853 of
NH-48 Pkg-II",NHAI,Ministry of Road Transport & Highways,Roads & Highways,"Multi-States
(Karnataka,
Maharashtra)",01/2022,10/2022,04/2025,05/2027,,1388.7,1066.86,1183.98,85.3,2022-01-01,2022-10-01,2025-04-01,2027-05-01,,-0.23175631885936496,29.993429697766096,54.96057818659658,24.96714848883048,,24.96714848883048,1.109780102356448,2022,16.28018757327081,1,0.8525815510909484,MEDIUM
1164,618517,"4/6L of Bangalore - Pune Section of bypass connecting Dharwad - Hubli from km.
403.80 to km. 433.20",NHAI,Ministry of Road Transport & Highways,Roads & Highways,Karnataka,12/2021,03/2023,09/2025,05/2027,,1135.39,763.36,744.42,83.19,2021-12-01,2023-03-01,2025-09-01,2027-05-01,,-0.327667145210016,30.059132720105122,50.0,19.940867279894878,,19.940867279894878,0.9751886396981764,2021,13.648154826301239,1,0.6556513620870361,LOW
1165,618518,Davanagere - Haveri of NH-48 Old NH-4 from km. 260.00 to km. 338.923,NHAI,Ministry of Road Transport & Highways,Roads & Highways,Karnataka,01/2017,01/2018,07/2020,12/2026,,1454.67,1805.84,1273.5,98.87,2017-01-01,2018-01-01,2020-07-01,2026-12-01,,0.24140870437968737,29.96057818659658,106.96452036793693,77.00394218134035,,77.00394218134035,0.7052119789128606,2017,14.712956407403661,1,0.8754562890552496,MEDIUM-HIGH
1166,618519,"Bangalore Ring Road STRR-NH-948A- Package-I of Phase-III from Belagondapalli TN
to TN/KNT border from km 144.480 to 179.969",NHAI,Ministry of Road Transport & Highways,Roads & Highways,"Multi-States
(Karnataka, Tamil
Nadu)",03/2022,05/2023,05/2025,12/2026,,1260.74,1218.47,777.0,92.95,2022-03-01,2023-05-01,2025-05-01,2026-12-01,,-0.03352792804226088,24.014454664914584,43.03547963206307,19.021024967148488,,19.021024967148488,0.6376849655715775,2022,13.563636363636363,1,0.616304709932262,LOW
1167,618520,"4L of km 0.00 to km 42.00 of Dobbaspet to Doddaballapura Bypass section of NH-648
old NH-207] [Bangalore Ring Road Pkg 1]",NHAI,Ministry of Road Transport & Highways,Roads & Highways,Karnataka,08/2020,04/2021,04/2023,09/2026,,1438.74,1786.57,1294.84,99.2,2020-08-01,2021-04-01,2023-04-01,2026-09-01,,0.24176015124344907,23.98160315374507,65.01314060446781,41.03153745072274,,41.03153745072274,0.7247630935255825,2020,14.50342741935484,1,0.8999819286319973,MEDIUM-HIGH
1168,618521,Karaipettai to Walajapet from Km 71.015 to 107.091,NHAI,Ministry of Road Transport & Highways,Roads & Highways,Tamil Nadu,08/2018,02/2019,02/2021,08/2026,,766.51,766.51,613.76,93.55,2018-08-01,2019-02-01,2021-02-01,2026-08-01,,0.0,24.014454664914584,89.94743758212877,65.93298291721419,,65.93298291721419,0.8007201471605067,2018,8.193586317477285,0,0.8007201471605067,MEDIUM
1169,618522,"Balance Works for six laning of Sriperumbudur to karaipettai section of NH-4 New NH-
48 from 37000 Existing Km 37000 to Km 71015 Existing Km 71000 in Tamilnadu on
EPC mode underNHDP Phase-V",NHAI,Ministry of Road Transport & Highways,Roads & Highways,Tamil Nadu,06/2024,01/2025,10/2026,03/2027,,411.16,411.16,134.65,38.26,2024-06-01,2025-01-01,2026-10-01,2027-03-01,,0.0,20.9592641261498,25.919842312746386,4.960578186596585,,4.960578186596585,0.3274880824982975,2024,10.746471510716153,0,0.3274880824982975,LOW
1170,618523,Bhadrak KM 136.500 to Baleshwar KM 199.141,NHAI,Ministry of Road Transport & Highways,Roads & Highways,Odisha,11/2014,03/2019,09/2021,11/2026,,844.67,1394.82,783.98,91.32,2014-11-01,2019-03-01,2021-09-01,2026-11-01,,0.6513194501994862,30.059132720105122,92.04993429697765,61.99080157687253,,61.99080157687253,0.5620653561032966,2014,9.249561979851073,0,0.928149454816674,HIGH
1171,618524,"Construction of 6 lane elevated corridor including its approaches from Km. 629880 to
Km. 634470 Design Chainage of NH-16 in Ranasthalam Town portion in the state of
Andhra Pradesh on EPC Mode under NHO",NHAI,Ministry of Road Transport & Highways,Roads & Highways,Andhra Pradesh,07/2024,03/2025,03/2027,08/2027,,257.98,192.85,55.83,39.1,2024-07-01,2025-03-01,2027-03-01,2027-08-01,,-0.25246143111869146,23.98160315374507,29.00788436268068,5.026281208935611,,5.026281208935611,0.2894996110967073,2024,6.597953964194374,0,0.21641212497092796,LOW
1172,618525,"Construction of flyover at Gammon Junction at Km.903.265 on NH16 including vent at
Diwancheruvu junction at Km.902.308 Blackspot ID No.AP03299 in Andhra Pradesh
on EPC mode under NHO",NHAI,Ministry of Road Transport & Highways,Roads & Highways,Andhra Pradesh,03/2025,10/2025,10/2027,10/2027,,326.61,223.29,43.82,18.9,2025-03-01,2025-10-01,2027-10-01,2027-10-01,,-0.31634058969413065,23.98160315374507,23.98160315374507,0.0,,0.0,0.19624703300640423,2025,17.28095238095238,0,0.1341661308594348,LOW
1173,618526,"6L of Gundugolanu Design km 1023.280 to Kalaparru Design km 1050.680 of NH-5
New NH-16",NHAI,Ministry of Road Transport & Highways,Roads & Highways,Andhra Pradesh,10/2018,01/2020,07/2021,08/2026,,665.59,665.59,643.95,95.73,2018-10-01,2020-01-01,2021-07-01,2026-08-01,,0.0,17.969776609724047,78.97503285151117,61.00525624178712,,61.00525624178712,0.9674874923000646,2018,6.952783871304711,0,0.9674874923000646,MEDIUM
1174,618527,"Six Laning of Vijayawada Bypass from Gollapudi to Chinnakakani in Vijayawada -
Gundugolanu Section from km. 30.00 to km. 47.881 Pkg-IV",NHAI,Ministry of Road Transport & Highways,Roads & Highways,Andhra Pradesh,01/2020,07/2021,05/2026,,01/2024,1194.57,1757.82,862.83,100.0,2020-01-01,2021-07-01,2026-05-01,,2024-01-01,0.4715085763077928,57.98291721419185,,0.0,30.02628120893561,-27.95663600525624,0.4908523056968291,2020,11.945699999999999,1,0.7222933775333384,LOW
1175,618529,"Varanasi Ring Road Pkg-II connecting Sandaha Village km 11.70 / NH-29 with
Revasa Village km 818.80 / NH-2",NHAI,Ministry of Road Transport & Highways,Roads & Highways,Uttar Pradesh,12/2017,02/2019,02/2022,10/2026,,1991.71,1832.66,1751.26,96.86,2017-12-01,2019-02-01,2022-02-01,2026-10-01,,-0.0798560031329862,36.00525624178712,91.95137976346912,55.946123521682,,55.946123521682,0.9555836870996256,2017,20.56277100970473,1,0.8792745931887674,MEDIUM
1176,618530,Six Laning of Varanasi to Aurangabad from km. 786.00 to km. 978.40 of Old NH-2,NHAI,Ministry of Road Transport & Highways,Roads & Highways,"Multi-States
(Bihar, Uttar
Pradesh)",02/2009,09/2011,03/2014,08/2026,,3241.56,3241.56,2860.22,99.92,2009-02-01,2011-09-01,2014-03-01,2026-08-01,,0.0,29.96057818659658,178.97503285151117,120.0,,120.0,0.8823591110452992,2009,32.441553242594075,1,0.8823591110452992,MEDIUM
1177,618531,"6L of Aurangabad to Bihar-Jharkhand border Chordaha section from km. 180.000 to
km. 209.827 of NH-2 PKG-01",NHAI,Ministry of Road Transport & Highways,Roads & Highways,"Multi-States
(Bihar, Jharkhand)",02/2021,12/2024,12/2026,12/2026,,1054.46,786.81,202.27,37.93,2021-02-01,2024-12-01,2026-12-01,2026-12-01,,-0.2538266031902586,23.98160315374507,23.98160315374507,0.0,,0.0,0.25707604122977595,2021,27.80015818613235,1,0.19182330292282307,LOW
1178,618532,"6L of Aurangabad to Bihar-Jharkhand border Chordaha section from km.
209.827 to Km. 249.525 of NH-19 PKG-02",NHAI,Ministry of Road Transport & Highways,Roads & Highways,"Multi-States (Bihar,
Jharkhand)",06/2021,03/2022,04/2026,,03/2024,1822.46,738.11,611.43,100.0,2021-06-01,2022-03-01,2026-04-01,,2024-03-01,-0.5949924826882346,49.01445466491458,,0.0,24.014454664914584,-24.999999999999996,0.8283724648087682,2021,18.2246,1,0.335497075381627,LOW
1179,618533,Barwa Adda Km. 398.240 to Panagarh Km. 521.120,NHAI,Ministry of Road Transport & Highways,Roads & Highways,"Multi-States
(Jharkhand, West
Bengal)",08/2010,04/2014,09/2016,08/2026,,1560.39,1568.22,1694.94,100.0,2010-08-01,2014-04-01,2016-09-01,2026-08-01,,0.005017976275161932,29.040735873850196,147.99605781865966,118.95532194480947,,118.95532194480947,1.0808049890959177,2010,15.603900000000001,1,1.0862284428892777,MEDIUM
1180,618534,"Construction of Six lane elevated flyover including reconstruction/rehabilitation of
existing pavement from Km 426230 to Km 430500 Length 4.27 Km at Nirsa in the
Barwa Adda Panagarh section of NH-19 from Km.398.240 to Km.521.120 including
Panagarh Bypass in the State of Jharkhand on EPC Mode",NHAI,Ministry of Road Transport & Highways,Roads & Highways,Jharkhand,01/2025,02/2026,08/2028,08/2028,,470.75,470.75,0.93,0.0,2025-01-01,2026-02-01,2028-08-01,2028-08-01,,0.0,29.96057818659658,29.96057818659658,0.0,,0.0,0.0019755708975039833,2025,470.75,0,0.0019755708975039833,LOW
1181,618535,"Construction of Six lane elevated flyover including reconstruction/rehabilitation of
existing pavement from Km 406100 to Km 411150 Length 5.05 Km at Gobindpur area
in the Barwa Adda Panagarh section of NH-19 from Km.398.240 to Km.521.120
including Panagarh Bypass in the State of Jharkhand on EPC Mode",NHAI,Ministry of Road Transport & Highways,Roads & Highways,Jharkhand,01/2025,09/2025,03/2028,03/2028,,687.77,442.52,67.84,19.91,2025-01-01,2025-09-01,2028-03-01,2028-03-01,,-0.35658723119647556,29.96057818659658,29.96057818659658,0.0,,0.0,0.15330380547771855,2025,34.54394776494224,0,0.0986376259505358,LOW
1182,618536,"Construction of Ring Road around Kanpur from Ch.68.650 to Ch.93.209 Jarkala to
Pakari Package-IV in State of Uttar Pradesh",NHAI,Ministry of Road Transport & Highways,Roads & Highways,Uttar Pradesh,02/2023,12/2024,06/2027,06/2027,,1603.53,1192.16,266.36,39.2,2023-02-01,2024-12-01,2027-06-01,2027-06-01,,-0.2565402580556646,29.96057818659658,29.96057818659658,0.0,,0.0,0.22342638572003756,2023,40.906377551020405,1,0.16610852307097468,LOW
1183,618537,"Construction of Ring Road around Kanpur from Km.000 to Km. 23.325 Chachendi
Sachendi I to Maharajpur Package-I",NHAI,Ministry of Road Transport & Highways,Roads & Highways,Uttar Pradesh,01/2023,12/2023,06/2026,02/2027,,1753.75,1311.7,479.56,62.15,2023-01-01,2023-12-01,2026-06-01,2027-02-01,,-0.2520598717034925,29.993429697766096,38.042049934296976,8.04862023653088,,8.04862023653088,0.3656018906762217,2023,28.218020917135963,1,0.27344832501781896,LOW
1184,618538,"Construction of Ring Road around kanpur from Ch.51.200 to Ch. 68.650 Badarka to
Harbanch-Uchti Pkg-III",NHAI,Ministry of Road Transport & Highways,Roads & Highways,Uttar Pradesh,09/2023,01/2025,07/2027,07/2027,,1792.68,1126.75,284.83,34.8,2023-09-01,2025-01-01,2027-07-01,2027-07-01,,-0.371471762947096,29.927726675427067,29.927726675427067,0.0,,0.0,0.25278899489682716,2023,51.51379310344828,1,0.1588850213088783,LOW
1185,618539,"Construction of Ring Road Kanpur from Ch. 32.090 to Ch.51.200 Transganaga to
Sathara Package-II B",NHAI,Ministry of Road Transport & Highways,Roads & Highways,Uttar Pradesh,08/2024,03/2025,09/2027,09/2027,,1089.41,1106.92,54.19,20.4,2024-08-01,2025-03-01,2027-09-01,2027-09-01,,0.01607292020451436,30.02628120893561,30.02628120893561,0.0,,0.0,0.04895566075235789,2024,53.40245098039217,1,0.04974252118118981,LOW
1186,618540,"Construction of Ring Road around Kanpur from Ch.23.325 to Ch.32.090 Chaudhariya
to Transganga Package-IIA",NHAI,Ministry of Road Transport & Highways,Roads & Highways,Uttar Pradesh,08/2024,11/2025,10/2027,04/2028,,1089.41,977.45,252.18,49.85,2024-08-01,2025-11-01,2027-10-01,2028-04-01,,-0.10277122479140087,22.963206307490143,28.97503285151117,6.011826544021027,,6.011826544021027,0.2579978515525091,2024,21.853761283851554,1,0.23148309635490769,LOW
1187,618541,4L Ring road/bypass around Srinagar city from km 0.000 to km 42.100 Phase-I,NHAI,Ministry of Road Transport & Highways,Roads & Highways,"Jammu and
Kashmir",03/2021,08/2021,02/2024,10/2026,,2919.96,2604.76,1832.29,89.0,2021-03-01,2021-08-01,2024-02-01,2026-10-01,,-0.10794668420115337,30.02628120893561,61.990801576872535,31.964520367936924,,31.964520367936924,0.7034390884380902,2021,32.808539325842695,1,0.6275051713037164,MEDIUM
1188,618542,"4L of existing Wayul Ganderbal Pandach Soura section of old NH-1 as a part of
Srinagar Ring Road Phase IIA",NHAI,Ministry of Road Transport & Highways,Roads & Highways,"Jammu and
Kashmir",12/2024,05/2026,05/2028,05/2028,,827.98,827.98,265.02,0.02,2024-12-01,2026-05-01,2028-05-01,2028-05-01,,0.0,24.014454664914584,24.014454664914584,0.0,,0.0,0.32008019517379643,2024,41399.0,0,0.32008019517379643,LOW
1189,618543,"4L of twin tube tunnel configuration including approaches from Marog to Digdol from
Km.154.210 to Km.158.650 North Bound and from Km.155.940 to Km.160.260 South
Bound of Ramban to Banihal Pkg-I of Old NH-1A New NH-44",NHAI,Ministry of Road Transport & Highways,Roads & Highways,"Jammu and
Kashmir",07/2021,08/2022,08/2025,12/2027,,1912.17,1034.3,406.09,30.5,2021-07-01,2022-08-01,2025-08-01,2027-12-01,,-0.45909621006500473,36.00525624178712,63.99474375821288,27.989487516425754,,27.989487516425754,0.39262303006864546,2021,62.69409836065574,1,0.21237128497989194,MEDIUM
1190,618544,"4L twin tube tunnel including approaches from Digdol to Khuni Nallah North Bound
connecting with existing major bridge on NB and South Bound connecting with Tunnel
T4 ,Single tube tunnel of Ramban to Banihal Pkg-II of Old NH-1A New NH-44",NHAI,Ministry of Road Transport & Highways,Roads & Highways,"Jammu and
Kashmir",07/2021,02/2022,06/2024,09/2026,,1401.87,1020.99,1054.8,87.1,2021-07-01,2022-02-01,2024-06-01,2026-09-01,,-0.27169423698345774,27.95663600525624,54.96057818659658,27.00394218134034,,27.00394218134034,1.0331149178738284,2021,16.094948335246844,1,0.7524235485458709,MEDIUM
1191,618545,"4L of Km.165.092 to Km.171.855 North Bound and from Km.166.895 to Km.173.638
South Bound, excl. certain reaches of North Bound and South Bound of Ramban to
Banihal Pkg-III of Old NH-1A New NH-44",NHAI,Ministry of Road Transport & Highways,Roads & Highways,"Jammu and
Kashmir",07/2021,02/2022,08/2024,06/2027,,614.48,444.76,306.05,42.8,2021-07-01,2022-02-01,2024-08-01,2027-06-01,,-0.2762010154927744,29.96057818659658,63.92904073587385,33.96846254927726,,33.96846254927726,0.6881239320082742,2021,14.357009345794394,0,0.498063403202708,MEDIUM
1192,618546,"Construction of Tunnels/Viaducts at identified sliding/slip zones at Km 130.550 to
Km.130.750 Km. 131.170 to Km. 131.763 Km. 132.560 to Km. 133.168 Km.
133.590 to Km. 133.743 and Km. 147.877 to Km. 148.715 of Udhampur-Ramban
section of NH-44",National Highways Authority of India [NHAI],Ministry of Road Transport & Highways,Roads & Highways,Jammu and Kashmir,09/2021,04/2022,12/2025,,10/2023,442.14,533.11,458.86,100.0,2021-09-01,2022-04-01,2025-12-01,,2023-10-01,0.20574931017324835,44.021024967148485,,0.0,18.00262812089356,-26.018396846254923,0.8607229277259852,2021,4.4214,0,1.0378160763559054,LOW
1193,618547,"2L NH-1 from km 8.660 to km 33.775 Sumbal to Wayul to 4L dual carriageway NH
standard as part of Srinagar Ring Road PhaseII [Design Ch. 41.907 to Ch. 66.609]",NHAI,Ministry of Road Transport & Highways,Roads & Highways,"Jammu and
Kashmir",11/2022,12/2023,06/2026,06/2027,,961.0,643.64,474.55,55.02,2022-11-01,2023-12-01,2026-06-01,2027-06-01,,-0.3302393340270552,29.993429697766096,41.98423127463863,11.990801576872535,,11.990801576872535,0.7372910322540551,2022,17.466375863322426,0,0.4938085327783559,LOW
1194,618548,"Stand-alone Ring road/bypass around Jammu City from Raya Morh km. -0.687 to
Jagti km. 57.568",National Highways Authority of India [NHAI],Ministry of Road Transport & Highways,Roads & Highways,Jammu and Kashmir,12/2017,01/2018,01/2026,,01/2021,2023.88,2117.63,996.53,100.0,2017-12-01,2018-01-01,2026-01-01,,2021-01-01,0.04632191631914936,95.99211563731932,,0.0,36.00525624178712,-59.98685939553219,0.4705874019540713,2017,20.2388,1,0.49238591220823363,LOW
1195,618549,"Construction of twin tube tunnels on Jammu Kashmir Ring Road NH-244A Between
Design Ch. 50600 to 51700 and design Ch. 53535 to 55700 on EPC mode under
residual NHDP component of Bharatmala Pariyojna",NHAI,Ministry of Road Transport & Highways,Roads & Highways,"Jammu and
Kashmir",11/2022,06/2023,06/2025,12/2026,,242.65,731.59,677.47,83.87,2022-11-01,2023-06-01,2025-06-01,2026-12-01,,2.015001030290542,24.014454664914584,42.01708278580814,18.002628120893558,,18.002628120893558,0.9260241392036523,2022,2.8931679980922858,0,2.791963733772924,MEDIUM-HIGH
1196,618550,"Corridor Efficiency Improvement including removal of black spots in Lakhanpur -
Samba section of NH-44 from Chainage Km. 16.300 to Km. 74.100",NHAI,Ministry of Road Transport & Highways,Roads & Highways,"Jammu and
Kashmir",06/2022,12/2022,06/2024,12/2026,,855.74,215.68,203.55,74.63,2022-06-01,2022-12-01,2024-06-01,2026-12-01,,-0.7479608292238296,18.00262812089356,47.99605781865966,29.993429697766096,,29.993429697766096,0.9437592729970327,2022,11.466434409754791,0,0.23786430457849347,MEDIUM
1197,618551,"Greenfield connectivity from Govindsar village on Delhi Amritsar Katra Expressway to
Talwara village on NH-44 Pathankot by-pass",NHAI,Ministry of Road Transport & Highways,Roads & Highways,Punjab,11/2024,07/2025,07/2027,07/2027,,666.81,690.47,217.52,29.01,2024-11-01,2025-07-01,2027-07-01,2027-07-01,,0.03548237129017274,23.98160315374507,23.98160315374507,0.0,,0.0,0.31503178994018566,2024,22.98552223371251,0,0.32620986487905107,LOW
1198,618552,"Development of 6L Greenfield Jalandhar Bypass starting from Kahlwan NH-03 ending
at Kang Sahbu NH-703 via Sarmastpur NH-44 - Madara NH-03 - Khajurla NH-44",NHAI,Ministry of Road Transport & Highways,Roads & Highways,Punjab,03/2021,01/2023,01/2025,06/2027,,1754.84,2167.39,1252.02,56.7,2021-03-01,2023-01-01,2025-01-01,2027-06-01,,0.23509265802010437,24.014454664914584,52.95663600525624,28.94218134034166,,28.94218134034166,0.5776625342001209,2021,30.949559082892414,1,0.7134667548038568,MEDIUM-HIGH
1199,618553,"6L of Agra Bypass Northern connecting Km. 174.500 of NH-2 new NH-19 to Km.
141.000 of Yamuna Expressways",NHAI,Ministry of Road Transport & Highways,Roads & Highways,Uttar Pradesh,01/2022,02/2023,01/2026,,02/2025,957.62,1034.42,759.58,100.0,2022-01-01,2023-02-01,2026-01-01,,2025-02-01,0.08019882625676163,34.98685939553219,,0.0,24.014454664914584,-10.972404730617608,0.7343052145163473,2022,9.5762,0,0.793195630834778,LOW
1200,618554,"Construction of left out portion of Agra Inner Ring Road connecting village Deori to
NH-44 village Bad from Km. 0.000 to Km. 7.772",NHAI,Ministry of Road Transport & Highways,Roads & Highways,Uttar Pradesh,07/2022,03/2023,09/2024,08/2026,,879.26,787.58,629.11,94.0,2022-07-01,2023-03-01,2024-09-01,2026-08-01,,-0.10426949935172754,18.068331143232587,41.03153745072273,22.963206307490143,,22.963206307490143,0.7987886944818304,2022,9.353829787234043,0,0.7154993972203899,LOW
1201,618555,"Flyover at Km.544.650 including ROB, Service Roads ,Footpath for RCC drains
on urban link to Nagpur -Raipur road Pardi octroi Naka to Itwari",National Highways Authority of India [NHAI],Ministry of Road Transport & Highways,Roads & Highways,Maharashtra,12/2015,03/2016,04/2026,,03/2019,1097.81,758.4,316.23,100.0,2015-12-01,2016-03-01,2026-04-01,,2019-03-01,-0.30917007496743515,120.99211563731932,,0.0,35.972404730617605,-85.0197109067017,0.4169699367088608,2015,10.9781,1,0.2880553101174156,LOW
1202,618556,"Construction of 26 VUPs, Major Bridge, Service Road etc. on Lalitpur-Sagar-
Lakhnadon section of NH-44 NS",NHAI,Ministry of Road Transport & Highways,Roads & Highways,"Multi-States
(Madhya Pradesh,
Uttar Pradesh)",02/2023,03/2024,03/2026,08/2026,,665.91,665.91,574.39,97.4,2023-02-01,2024-03-01,2026-03-01,2026-08-01,,0.0,23.98160315374507,29.00788436268068,5.026281208935611,,5.026281208935611,0.862564010151522,2023,6.8368583162217655,0,0.862564010151522,LOW
1203,618557,4L of Indora Chowk to Pachpaoli and Agrasen Chowk - Ashoka Chowk,NHAI,Ministry of Road Transport & Highways,Roads & Highways,Maharashtra,03/2023,07/2023,06/2026,09/2026,,1038.84,918.53,696.83,84.0,2023-03-01,2023-07-01,2026-06-01,2026-09-01,,-0.11581186708251506,35.019710906701704,38.042049934296976,3.0223390275952724,,3.0223390275952724,0.7586360815651095,2023,12.367142857142856,1,0.670777020522891,LOW
1204,618558,"Improvement of Geometrics of Kalkallu to Gundla Pochanpalli from Km 454.00 to Km
471.00 of NH-44",NHAI,Ministry of Road Transport & Highways,Roads & Highways,Telangana,03/2022,01/2023,01/2025,03/2027,,955.49,903.17,454.5,36.5,2022-03-01,2023-01-01,2025-01-01,2027-03-01,,-0.054757244973783134,24.014454664914584,49.93429697766097,25.919842312746386,,25.919842312746386,0.5032275208432522,2022,26.177808219178083,0,0.4756721682068886,MEDIUM
1205,618559,"6L of existing 4L from Gundlapochampally to Bowenpally from km 471.300 to km
481.331 of NH-44",NHAI,Ministry of Road Transport & Highways,Roads & Highways,Telangana,12/2021,08/2022,07/2024,12/2026,,521.53,528.21,257.31,50.5,2021-12-01,2022-08-01,2024-07-01,2026-12-01,,0.01280846739401389,22.996057818659658,52.00394218134034,29.007884362680684,,29.007884362680684,0.48713579826205483,2021,10.327326732673267,0,0.4933752612505513,MEDIUM
1206,618560,"Improvement of Geometrics of Thondupally to Kothur from Km 22.300 to Km 34.14 of
NH-44",NHAI,Ministry of Road Transport & Highways,Roads & Highways,Telangana,03/2022,03/2023,09/2024,09/2026,,541.58,527.43,74.01,17.05,2022-03-01,2023-03-01,2024-09-01,2026-09-01,,-0.026127257284242568,18.068331143232587,42.04993429697766,23.981603153745073,,23.981603153745073,0.14032193845628807,2022,31.764222873900295,0,0.13665571106761698,LOW
1207,618561,"Improving the Alignment of Thoppur Ghat Section from Km 158.500 to Km 165.100 in
Dharmapuri - Salem Section of NH-44",NHAI,Ministry of Road Transport & Highways,Roads & Highways,Tamil Nadu,03/2024,03/2025,03/2028,03/2028,,904.99,731.09,211.34,47.84,2024-03-01,2025-03-01,2028-03-01,2028-03-01,,-0.19215681941236917,36.00525624178712,36.00525624178712,0.0,,0.0,0.2890752164576181,2024,18.917015050167223,0,0.23352744229218003,LOW
1208,618562,Dindigul Bypass - Samyanallore from km. 373.275 to km. 426.00,NHAI,Ministry of Road Transport & Highways,Roads & Highways,Tamil Nadu,06/2005,07/2006,07/2025,,01/2009,579.0,295.5,141.09,100.0,2005-06-01,2006-07-01,2025-07-01,,2009-01-01,-0.4896373056994819,227.98948751642575,,0.0,30.059132720105122,-120.0,0.4774619289340102,2005,5.79,0,0.24367875647668394,LOW
1209,618563,4L of Madurai Ring Road Phase 1 [Vadipatti-Thamrapatti] from km 0.00 - km 29.960,NHAI,Ministry of Road Transport & Highways,Roads & Highways,Tamil Nadu,12/2018,03/2020,03/2022,08/2026,,900.05,900.05,903.57,99.42,2018-12-01,2020-03-01,2022-03-01,2026-08-01,,0.0,23.98160315374507,77.00394218134034,53.022339027595265,,53.022339027595265,1.0039108938392312,2018,9.053007443170388,0,1.0039108938392312,MEDIUM
1210,618564,"6L with PS of Samakhiyali to Santalpur section from km. 339.700 to Km. 430.100 of
NH-27",NHAI,Ministry of Road Transport & Highways,Roads & Highways,Gujarat,01/2023,12/2023,12/2025,03/2027,,1553.76,34.34,28.66,64.52,2023-01-01,2023-12-01,2025-12-01,2027-03-01,,-0.9778987745855217,24.014454664914584,38.96189224704336,14.947437582128774,,14.947437582128774,0.8345952242283051,2023,24.081835089894607,1,0.01844557718051694,LOW
1211,618565,"Strengthening of existing 4L Ayodhya Bypass Section from design Km. 121 600
to Km. 144020 of NH 28 New NH 27Pkg-3",NHAI,Ministry of Road Transport & Highways,Roads & Highways,Uttar Pradesh,03/2023,09/2023,11/2025,,03/2025,526.45,281.13,270.75,100.0,2023-03-01,2023-09-01,2025-11-01,,2025-03-01,-0.46598917276094604,26.018396846254927,,0.0,17.969776609724047,-8.04862023653088,0.9630775797673674,2023,5.264500000000001,0,0.5142938550669579,LOW
1212,618566,"4L Green Field Northern East side Gorakhpur Bypass 26.616 Kms starting from NH-
29E Chainage 83.308 and end at NH-28 Chainage 285.100",NHAI,Ministry of Road Transport & Highways,Roads & Highways,Uttar Pradesh,02/2023,01/2024,01/2026,01/2027,,1973.98,1244.44,1035.52,73.78,2023-02-01,2024-01-01,2026-01-01,2027-01-01,,-0.3695782125452132,24.014454664914584,36.00525624178712,11.990801576872538,,11.990801576872538,0.8321172575616341,2023,26.75494714014638,1,0.5245848488839806,LOW
1213,618567,"4/6L of Northern Ayodhya Bypass starting Km. 112.540 and ending Km. 139.928 north
of existing NH-27 part-1 and part-2 south of NH-27 from km 0.000 to km 5.000",NHAI,Ministry of Road Transport & Highways,Roads & Highways,Uttar Pradesh,08/2024,07/2025,01/2028,01/2028,,2289.34,1834.25,285.67,33.53,2024-08-01,2025-07-01,2028-01-01,2028-01-01,,-0.19878654983532376,30.02628120893561,30.02628120893561,0.0,,0.0,0.15574212893553224,2024,68.27736355502535,1,0.12478268846042964,LOW
1214,618568,"4/6L Southern Ayodhya Bypass from Km 5.000 to Km 37.172 starting near Km.
112.540 and ending at Km. 153.281 of NH-27",NHAI,Ministry of Road Transport & Highways,Roads & Highways,Uttar Pradesh,08/2024,03/2025,09/2027,09/2027,,2541.13,1983.05,318.53,39.5,2024-08-01,2025-03-01,2027-09-01,2027-09-01,,-0.21961883099251125,30.02628120893561,30.02628120893561,0.0,,0.0,0.16062630795996066,2024,64.33240506329115,1,0.125349745979151,LOW
1215,618569,Balance work - WB-10 Gandak Bridge Km 402.00 to Km 440.00 Devanpur - Kotwa,NHAI,Ministry of Road Transport & Highways,Roads & Highways,Bihar,11/2021,07/2022,01/2024,02/2027,,210.05,358.3,181.96,64.05,2021-11-01,2022-07-01,2024-01-01,2027-02-01,,0.7057843370626041,18.035479632063073,55.059132720105126,37.02365308804205,,37.02365308804205,0.5078425900083728,2021,3.2794691647150667,0,0.8662699357295882,HIGH
1216,618570,"4L Elevated Highway and at grade improvements at Gopalganj Town from Km.
384.000 to Km. 386.750 on NH-27",NHAI,Ministry of Road Transport & Highways,Roads & Highways,Bihar,10/2021,03/2022,05/2025,,08/2024,325.57,248.92,241.89,100.0,2021-10-01,2022-03-01,2025-05-01,,2024-08-01,-0.23543324016340575,38.009198423127465,,0.0,29.040735873850196,-8.96846254927727,0.9717579945363972,2021,3.2557,0,0.7429738612280001,LOW
1217,618571,"Permanent rectification of 3 nos. of black spots in project Highway NH-27 of U.P
border - Dewapur - Kotwa section from Km.360.915 to km.440.000 Total Length of
79.085 Km of NH-27& Permanent rectification of 5 nos. of black spots of project
Highway NH-27 of Kotwa - Mehsi - Muzaffarpur Section from km.440.000 to
km.520.000 Total length 80.00Km",NHAI,Ministry of Road Transport & Highways,Roads & Highways,Bihar,04/2022,12/2023,12/2025,12/2026,,227.25,321.23,233.7,83.01,2022-04-01,2023-12-01,2025-12-01,2026-12-01,,0.4135533553355336,24.014454664914584,36.00525624178712,11.990801576872538,,11.990801576872538,0.7275161099523705,2022,2.737621973256234,0,1.0283828382838283,LOW
1218,618572,Binnaguri Bypass-Descoped portion of Ghoshpukur-Dhupguri Section of NH-31Dpkg-1,NHAI,Ministry of Road Transport & Highways,Roads & Highways,West Bengal,03/2025,11/2025,11/2027,11/2027,,309.99,306.02,4.77,3.67,2025-03-01,2025-11-01,2027-11-01,2027-11-01,,-0.012806864737572267,23.98160315374507,23.98160315374507,0.0,,0.0,0.01558721652179596,2025,84.46594005449592,0,0.015387593148166068,LOW
1219,618574,"Balance Works of 4L of NH-31D from Km. 113.200 to Km. 154.854 Package-II A
Ghoshpukur-Salsalabari Section",NHAI,Ministry of Road Transport & Highways,Roads & Highways,West Bengal,11/2023,12/2024,06/2027,06/2027,,1818.46,962.31,461.0,61.1,2023-11-01,2024-12-01,2027-06-01,2027-06-01,,-0.47081046599870224,29.96057818659658,29.96057818659658,0.0,,0.0,0.47905560578192063,2023,29.7620294599018,1,0.253511212784444,LOW
1220,618575,"6L Standalone Flyovers at Bongaigaon, Chapaguri, Pathsala, Simlaguri chowk
and Baihata Bypass Junctions on stretches of NH-31 and NH-27",National Highways Authority of India [NHAI],Ministry of Road Transport & Highways,Roads & Highways,Assam,03/2022,01/2023,02/2026,,07/2024,457.72,412.15,371.63,100.0,2022-03-01,2023-01-01,2026-02-01,,2024-07-01,-0.09955868216376834,37.023653088042046,,0.0,17.969776609724047,-19.053876478318,0.9016862792672571,2022,4.5772,0,0.8119155815782574,LOW
1221,618576,"6L Standalone Flyovers at Raha, Demow, Borghat, Kathiatali junctions and ROB
at Jagiroad on stretches of NH 36 and NH 27",NHAI,Ministry of Road Transport & Highways,Roads & Highways,Assam,03/2022,12/2022,10/2024,,06/2024,280.75,255.53,212.27,100.0,2022-03-01,2022-12-01,2024-10-01,,2024-06-01,-0.08983081032947461,22.010512483574242,,0.0,18.00262812089356,-4.007884362680681,0.8307048096113959,2022,2.8075,0,0.7560819234194123,LOW
1222,618577,Dwarka Expressway Pkg-III Delhi/HR Border to Start of RoB Gurugram,NHAI,Ministry of Road Transport & Highways,Roads & Highways,"Multi-States (Delhi,
Haryana)",01/2018,11/2018,11/2020,05/2024,05/2024,2228.26,2298.37,1775.04,100.0,2018-01-01,2018-11-01,2020-11-01,2024-05-01,2024-05-01,0.031464012278638785,24.014454664914584,65.9658344283837,41.95137976346912,65.9658344283837,41.95137976346912,0.7723038501198676,2018,22.282600000000002,1,0.7966036279428791,MEDIUM
1223,618578,"6L Access Controlled Highway from DND Maharani Bagh - Jn. with Jaitpur -
Pushta Road of NH-148NA from km. 0.00 to km. 9.00 in NCR",NHAI,Ministry of Road Transport & Highways,Roads & Highways,Delhi,07/2020,01/2022,04/2026,,07/2024,1467.44,2510.34,1652.29,100.0,2020-07-01,2022-01-01,2026-04-01,,2024-07-01,0.7106934525432045,50.9526938239159,,0.0,29.96057818659658,-20.99211563731932,0.6581937108120812,2020,14.6744,1,1.1259676715913427,MEDIUM
1224,618579,"6L of Anandapuram Pendurthi Anakapalli Section from km. 681.000 to km. 731.780 of
NH-16",NHAI,Ministry of Road Transport & Highways,Roads & Highways,Andhra Pradesh,01/2018,01/2019,07/2021,08/2026,,2527.0,2957.25,2376.11,100.0,2018-01-01,2019-01-01,2021-07-01,2026-08-01,,0.17026117926394935,29.96057818659658,90.9658344283837,61.00525624178712,,61.00525624178712,0.8034863471130274,2018,25.27,1,0.9402888800949744,MEDIUM
1225,618580,Gohana - Sonipat PKG-2,NHAI,Ministry of Road Transport & Highways,Roads & Highways,Haryana,01/2019,07/2020,07/2022,07/2026,,1275.31,1957.44,1225.85,97.86,2019-01-01,2020-07-01,2022-07-01,2026-07-01,,0.5348738738032323,23.98160315374507,71.97766097240472,47.99605781865965,,47.99605781865965,0.6262516347882948,2019,13.031984467606785,1,0.9612172726631172,HIGH
1226,618581,Hosur to Dhamrapuri Pkg-1 [Neraluru - Thorapalli Agraharam],NHAI,Ministry of Road Transport & Highways,Roads & Highways,"Multi-States
(Karnataka, Tamil
Nadu)",10/2021,10/2022,10/2024,01/2027,,1828.66,1828.66,1464.36,78.7,2021-10-01,2022-10-01,2024-10-01,2027-01-01,,0.0,24.014454664914584,51.01839684625492,27.00394218134034,,27.00394218134034,0.80078308706922,2021,23.235832274459973,1,0.80078308706922,MEDIUM
1227,618582,"4L of Galgalia - Bahadurganj section from Km 0.000 to Km 49.000 Package-I of
NH327E",NHAI,Ministry of Road Transport & Highways,Roads & Highways,Bihar,01/2021,01/2022,02/2025,,01/2024,1282.97,1282.97,816.12,100.0,2021-01-01,2022-01-01,2025-02-01,,2024-01-01,0.0,37.023653088042046,,0.0,23.98160315374507,-13.042049934296976,0.6361177580146067,2021,12.8297,1,0.6361177580146067,LOW
1228,618583,"4L of Bahadurganj Araria section from Km 49.000 to Km 94.000 Package-II of
NH-327E",NHAI,Ministry of Road Transport & Highways,Roads & Highways,Bihar,01/2021,01/2022,01/2025,,01/2024,1358.77,1358.77,812.28,100.0,2021-01-01,2022-01-01,2025-01-01,,2024-01-01,0.0,36.00525624178712,,0.0,23.98160315374507,-12.023653088042053,0.5978053680902581,2021,13.5877,1,0.5978053680902581,LOW
1229,618584,"4L of Kishanganj - Bahadurganj section from Km. 0.000 to Km. 23.649 & interchange
at Start Point Length - 1.200 Km of NH-27",NHAI,Ministry of Road Transport & Highways,Roads & Highways,"Multi-States
(Bihar, West
Bengal)",01/2025,12/2025,12/2027,12/2027,,962.84,855.56,181.12,20.14,2025-01-01,2025-12-01,2027-12-01,2027-12-01,,-0.11142038137177525,23.98160315374507,23.98160315374507,0.0,,0.0,0.21169760157090095,2025,47.80734856007945,0,0.18811017406838104,LOW
1230,618585,6L of Gonde Km. 439.038 to Pimpri Sado Km. 459.905 section of NH-848 Old NH-3,NHAI,Ministry of Road Transport & Highways,Roads & Highways,Maharashtra,02/2024,10/2024,04/2027,11/2027,,856.93,718.84,160.05,40.5,2024-02-01,2024-10-01,2027-04-01,2027-11-01,,-0.1611450176793903,29.96057818659658,36.990801576872535,7.030223390275953,,7.030223390275953,0.22265038116966224,2024,21.158765432098765,0,0.18677138155975403,LOW
1231,618586,"Improvement and strengthening of existing 2 lane stretch to 2-Lane with PS 1.5m on
both sides on Ghoti-Sinnar section of NH-160A using Thin White Topping 200mm
thick in the State Of Maharashtra on EPC Mode",NHAI,Ministry of Road Transport & Highways,Roads & Highways,Maharashtra,03/2025,06/2025,06/2026,08/2026,,254.78,147.64,115.05,77.0,2025-03-01,2025-06-01,2026-06-01,2026-08-01,,-0.42051966402386376,11.990801576872535,13.994743758212877,2.003942181340342,,2.003942181340342,0.7792603630452453,2025,3.3088311688311687,0,0.4515660569903446,LOW
1232,618588,"4L Mitigation Measure structures on CH/MH Border to Wainganga Bridge Section of
NH-6 New NH-53",NHAI,Ministry of Road Transport & Highways,Roads & Highways,Maharashtra,02/2021,11/2021,11/2023,08/2026,,540.24,468.92,464.29,99.79,2021-02-01,2021-11-01,2023-11-01,2026-08-01,,-0.13201540056271285,23.98160315374507,56.96452036793692,32.98291721419185,,32.98291721419185,0.9901262475475561,2021,5.413768914720913,0,0.8594143343699097,MEDIUM
1233,618589,"Durg-Raipur Bypass Section Package - 1 from km. 0.00 to km. 44.50 near Tendesara
to near Khatti Village",NHAI,Ministry of Road Transport & Highways,Roads & Highways,Chhattisgarh,06/2022,07/2023,07/2025,03/2027,,1828.0,1656.73,1063.62,75.39,2022-06-01,2023-07-01,2025-07-01,2027-03-01,,-0.0936925601750547,24.014454664914584,43.98817345597897,19.97371879106439,,19.97371879106439,0.6419996016248876,2022,24.247247645576337,1,0.5818490153172866,LOW
1234,618590,"Durg-Raipur-Arang Package - 2 from km. 44.50 to km. 92.23 near Khatti Village to
near Aurang",NHAI,Ministry of Road Transport & Highways,Roads & Highways,Chhattisgarh,06/2022,06/2023,05/2025,03/2027,,1958.9,1561.97,1001.18,73.96,2022-06-01,2023-06-01,2025-05-01,2027-03-01,,-0.2026290264944612,22.996057818659658,44.973718791064385,21.977660972404728,,21.977660972404728,0.6409726179119957,2022,26.485938345051384,1,0.5110929603348817,LOW
1235,618591,"Construction of 6-lane flyover at Ainthapali junction and a 2-lane ROB LHS on NH-53
Earlier NH-6 in Sambalpur, on EPC mode in Odisha under NHO",NHAI,Ministry of Road Transport & Highways,Roads & Highways,Odisha,03/2024,06/2024,12/2026,12/2026,,374.17,211.74,106.91,54.2,2024-03-01,2024-06-01,2026-12-01,2026-12-01,,-0.43410749124729403,29.993429697766096,29.993429697766096,0.0,,0.0,0.5049116841409275,2024,6.90350553505535,0,0.2857257396370633,LOW
1236,618592,"Balance work of 8 nos. of Elephant Underpasses EUPs, 1 no. of Vehicular Underpass
VUP, 1 nos. of Light Vehicular Underpass LVUP, 1 nos. of Pedestrian Underpass
PUP, 1 nos. of Foot Over Bridge FOB and A2 side approach of Jharpokharia Flyover
at Km.215.270 in Baharagora-Singhara section of NH-49",NHAI,Ministry of Road Transport & Highways,Roads & Highways,Odisha,09/2023,11/2024,05/2026,10/2027,,320.64,244.85,55.3,25.04,2023-09-01,2024-11-01,2026-05-01,2027-10-01,,-0.23637100798403193,17.936925098554532,34.95400788436268,17.01708278580815,,17.01708278580815,0.22585256279354707,2023,12.805111821086262,0,0.1724675648702595,LOW
1237,618593,"Balance work of Rehabilitation and Upgradation to four laning of Baharagora
Singhara section of NH-49 from Km.229.727 to Km.238.990 Length 9.263 Km.
including construction of five nos. of Elephant Underpasses EUP and fourteen nos. of
Animal Underpasses AUP inside the buffer zone of Similipal Tiger Reserve Area in
Bangriposi Ghat section in the State of Odisha on EPC Mode",NHAI,Ministry of Road Transport & Highways,Roads & Highways,Odisha,03/2025,05/2025,11/2027,11/2027,,263.32,163.07,13.82,9.95,2025-03-01,2025-05-01,2027-11-01,2027-11-01,,-0.3807154792647729,30.02628120893561,30.02628120893561,0.0,,0.0,0.08474888084871528,2025,26.4643216080402,0,0.05248367005924351,LOW
1238,618594,"Balance work of 4L Panvel to Indapur section of NH-66 Old NH- 17 from km 0.000
Panvel to km 42.300 Kasu",NHAI,Ministry of Road Transport & Highways,Roads & Highways,Maharashtra,12/2022,03/2023,10/2024,08/2026,,329.82,196.87,184.17,98.66,2022-12-01,2023-03-01,2024-10-01,2026-08-01,,-0.40309865987508336,19.053876478318003,41.03153745072273,21.977660972404728,,21.977660972404728,0.9354904251536547,2022,3.3429961483884045,0,0.5583954884482445,LOW
1239,618595,6L of Chengala - Neeleshwaram from km. 56.200 to km. 93.468,NHAI,Ministry of Road Transport & Highways,Roads & Highways,Kerala,06/2020,10/2021,04/2024,03/2027,,1746.45,2538.06,1447.45,90.82,2020-06-01,2021-10-01,2024-04-01,2027-03-01,,0.45326805806063725,29.993429697766096,64.94743758212877,34.954007884362674,,34.954007884362674,0.5702977864983492,2020,19.22979519929531,1,0.8287955567007358,MEDIUM-HIGH
1240,618596,6L of Taliparamba to Muzhappilangad from Km 134.650 to Km 170.6 of NH-66,NHAI,Ministry of Road Transport & Highways,Roads & Highways,Kerala,08/2020,11/2021,05/2024,01/2028,,2714.6,3557.65,2020.35,83.7,2020-08-01,2021-11-01,2024-05-01,2028-01-01,,0.3105614086789951,29.96057818659658,73.98160315374507,44.02102496714849,,44.02102496714849,0.567888915435751,2020,32.432497013142175,1,0.7442532969866646,MEDIUM-HIGH
1241,618597,6L of Azhiyur-Vengalam from km. 189.200 to km. 230.400 of NH-66,NHAI,Ministry of Road Transport & Highways,Roads & Highways,Kerala,10/2020,10/2021,07/2024,03/2028,,3205.77,3898.46,2406.73,60.07,2020-10-01,2021-10-01,2024-07-01,2028-03-01,,0.2160760129391691,32.98291721419185,76.97109067017082,43.98817345597897,,43.98817345597897,0.6173540321049851,2020,53.36723822207425,1,0.75074942993415,MEDIUM-HIGH
1242,618598,"6L Minor Bridge Paloli Palam at km. 203.160 & Major Bridge Morad at km. 204.895
and allied works",NHAI,Ministry of Road Transport & Highways,Roads & Highways,Kerala,03/2020,12/2020,06/2022,09/2026,,210.0,216.94,190.46,100.0,2020-03-01,2020-12-01,2022-06-01,2026-09-01,,0.033047619047619034,17.969776609724047,68.98817345597897,51.018396846254916,,51.018396846254916,0.8779386005347101,2020,2.1,0,0.906952380952381,MEDIUM
1243,618599,6L of Ramanatukkara Junction to start of Valanchery bypass section of NH-66,NHAI,Ministry of Road Transport & Highways,Roads & Highways,Kerala,01/2021,01/2022,07/2024,08/2026,,4919.46,4919.46,3765.27,100.0,2021-01-01,2022-01-01,2024-07-01,2026-08-01,,0.0,29.96057818659658,54.96057818659658,24.999999999999996,,24.999999999999996,0.7653827859155273,2021,49.1946,1,0.7653827859155273,MEDIUM
1244,618600,6L of Valanchery bypass to Kappirikkad of NH 66 from km. 298500 to km 335850,NHAI,Ministry of Road Transport & Highways,Roads & Highways,Kerala,02/2021,01/2022,07/2024,08/2026,,4023.94,4023.94,2592.92,100.0,2021-02-01,2022-01-01,2024-07-01,2026-08-01,,0.0,29.96057818659658,54.96057818659658,24.999999999999996,,24.999999999999996,0.6443734250510693,2021,40.2394,1,0.6443734250510693,MEDIUM
1245,618601,"6L of Kappirikkad to Thalikulam section from km 335.85 to km 369.015 of NH - 66 old
NH-17",NHAI,Ministry of Road Transport & Highways,Roads & Highways,Kerala,06/2021,09/2022,01/2025,06/2027,,4225.59,4225.59,3345.3,95.27,2021-06-01,2022-09-01,2025-01-01,2027-06-01,,0.0,28.02233902759527,56.96452036793692,28.94218134034165,,28.94218134034165,0.7916764286170689,2021,44.3538364647843,1,0.7916764286170689,MEDIUM
1246,618602,"6L of Thalikulam to Kodugallur section from km 369.015 to km 397.850 of NH - 66 old
NH-17",NHAI,Ministry of Road Transport & Highways,Roads & Highways,Kerala,06/2021,09/2022,02/2025,06/2027,,4302.06,4302.06,3312.68,95.05,2021-06-01,2022-09-01,2025-02-01,2027-06-01,,0.0,29.040735873850196,56.96452036793692,27.923784494086725,,27.923784494086725,0.7700218035080867,2021,45.261020515518155,1,0.7700218035080867,MEDIUM
1247,618603,"6L of Kodugallur to Edapppally section from km 397.750 to km 423.780 of NH - 66 old
NH-17",NHAI,Ministry of Road Transport & Highways,Roads & Highways,Kerala,11/2021,10/2022,04/2025,05/2027,,3465.82,3606.2,2178.55,71.11,2021-11-01,2022-10-01,2025-04-01,2027-05-01,,0.04050412312237786,29.993429697766096,54.96057818659658,24.96714848883048,,24.96714848883048,0.604112362043148,2021,48.738855294613984,1,0.6285814035350942,MEDIUM
1248,618604,Aroor-Thuravoor Thekku,NHAI,Ministry of Road Transport & Highways,Roads & Highways,Kerala,08/2022,02/2023,01/2026,12/2026,,2429.52,2382.83,1802.58,91.63,2022-08-01,2023-02-01,2026-01-01,2026-12-01,,-0.01921778787579442,34.98685939553219,45.959264126149804,10.972404730617612,,10.972404730617612,0.7564870343247315,2022,26.51446032958638,1,0.74194902696829,LOW
1249,618605,Thuravoor Thekku-Paravoor,NHAI,Ministry of Road Transport & Highways,Roads & Highways,Kerala,09/2021,03/2022,09/2024,05/2027,,2878.97,2638.67,2514.83,81.49,2021-09-01,2022-03-01,2024-09-01,2027-05-01,,-0.0834673511707311,30.059132720105122,61.990801576872535,31.931668856767413,,31.931668856767413,0.9530672649478714,2021,35.32912013744018,1,0.8735172648551393,MEDIUM
1250,618606,Paravoor-Kottankulangara,NHAI,Ministry of Road Transport & Highways,Roads & Highways,Kerala,12/2021,08/2022,02/2025,03/2027,,3273.61,3200.24,2858.55,71.2,2021-12-01,2022-08-01,2025-02-01,2027-03-01,,-0.022412565944019094,30.059132720105122,54.96057818659658,24.901445466491456,,24.901445466491456,0.8932298827587932,2021,45.97766853932584,1,0.8732103091082933,MEDIUM
1251,618607,Kottankulangara- Start of Kollam Bypass,NHAI,Ministry of Road Transport & Highways,Roads & Highways,Kerala,06/2021,04/2022,10/2024,03/2027,,2842.14,3680.49,2373.2,73.89,2021-06-01,2022-04-01,2024-10-01,2027-03-01,,0.2949713947940636,30.02628120893561,58.96846254927726,28.94218134034165,,28.94218134034165,0.6448054471007937,2021,38.464474218432805,1,0.8350046092029245,MEDIUM-HIGH
1252,618608,"4L of left-over works including additional structures from Kerala/Tamil Nadu border to
Kanyakumari Section from Km 43.0 to Km 96.174 of NH66",NHAI,Ministry of Road Transport & Highways,Roads & Highways,Tamil Nadu,11/2022,08/2023,08/2025,12/2026,,1564.23,1263.42,980.14,81.85,2022-11-01,2023-08-01,2025-08-01,2026-12-01,,-0.19230547937323791,24.014454664914584,40.01314060446781,15.998685939553223,,15.998685939553223,0.7757831916543984,2022,19.11093463653024,1,0.6265958330935988,LOW
1253,618609,"Construction of 4L Flyover from MES College Junction to Bogmalo Junction on NH-
566 from Km. 7.106 to Km. 10.460 and 4L VUP at Queeny Nagar Junction from Km.
3.330 to Km. 4.550",NHAI,Ministry of Road Transport & Highways,Roads & Highways,Goa,01/2024,08/2024,07/2026,05/2027,,463.08,316.28,168.21,59.18,2024-01-01,2024-08-01,2026-07-01,2027-05-01,,-0.31700786041288764,22.963206307490143,32.95006570302234,9.986859395532196,,9.986859395532196,0.5318388769444796,2024,7.824940858398107,0,0.3632417724799171,LOW
1254,618610,"6L of Jodhpur Romana Bathinda - Mandi Dabwali Punjab Haryana Border section of
NH-54 from km. 0.000 to km. 27.400 of NH-54",NHAI,Ministry of Road Transport & Highways,Roads & Highways,Punjab,05/2020,08/2023,08/2025,08/2026,,789.26,1318.91,719.18,99.0,2020-05-01,2023-08-01,2025-08-01,2026-08-01,,0.6710716367230065,24.014454664914584,36.00525624178712,11.990801576872538,,11.990801576872538,0.54528360540143,2020,7.972323232323232,0,0.9112079669563895,MEDIUM
1255,618611,"Sangariya near Chautala-Rasisar near Bikaner section of NH-754K Phase-I AJ/SR-
Package-7",NHAI,Ministry of Road Transport & Highways,Roads & Highways,Rajasthan,02/2019,06/2021,06/2023,08/2026,,520.63,548.42,450.59,100.0,2019-02-01,2021-06-01,2023-06-01,2026-08-01,,0.05337763863012113,23.98160315374507,61.990801576872535,38.009198423127465,,38.009198423127465,0.8216148207578133,2019,5.2063,0,0.8654706797533757,MEDIUM
1256,618612,Deogarh near Dhandhaniya-Rajasthan/Gujarat Border Phase-I AJ/DRGB-Package-6,NHAI,Ministry of Road Transport & Highways,Roads & Highways,Rajasthan,10/2019,08/2021,08/2023,08/2026,,846.59,740.62,705.48,100.0,2019-10-01,2021-08-01,2023-08-01,2026-08-01,,-0.12517275186335775,23.98160315374507,59.98685939553219,36.00525624178712,,36.00525624178712,0.9525532661823878,2019,8.4659,0,0.8333195525579088,MEDIUM
1257,618613,Deogarh near Dhandhaniya-Rajasthan/Gujarat Border Phase-I AJ/DRGB-Package-7,NHAI,Ministry of Road Transport & Highways,Roads & Highways,Rajasthan,10/2019,07/2021,07/2023,08/2026,,662.08,597.77,561.75,99.2,2019-10-01,2021-07-01,2023-07-01,2026-08-01,,-0.09713327694538433,23.98160315374507,61.00525624178712,37.02365308804205,,37.02365308804205,0.9397427104070127,2019,6.674193548387097,0,0.8484624214596422,MEDIUM
1258,618614,"Sanchore - Santalpur from km 67.000 - km 99.000 of NH-754K AJ-RGBS-
Package-3",NHAI,Ministry of Road Transport & Highways,Roads & Highways,Gujarat,02/2020,08/2021,01/2024,,08/2023,752.3,765.25,601.6,100.0,2020-02-01,2021-08-01,2024-01-01,,2023-08-01,0.017213877442509698,29.00788436268068,,0.0,23.98160315374507,-5.026281208935611,0.7861483175432865,2020,7.523,0,0.7996809783331119,LOW
1259,618615,Sanchore - Santalpur from km 99.000 - km 130.073 of NH-754K AJ-RGBS-Package-4,NHAI,Ministry of Road Transport & Highways,Roads & Highways,Gujarat,02/2020,03/2021,03/2023,08/2026,,778.15,835.55,767.83,99.7,2020-02-01,2021-03-01,2023-03-01,2026-08-01,,0.07376469832294542,23.98160315374507,65.01314060446781,41.03153745072274,,41.03153745072274,0.9189515887738616,2020,7.804914744232698,0,0.9867377754931569,MEDIUM
1260,618616,"4L of Dhrol bypass section of NH-151A Approx. length 5.7 Km & widening upto 4
laning of missing link of Amran section of NH-151A Approx. length 6.55 Km from
existing Ch. 42000 to 48500 of ongoing Dhrol-Bhadra-Pipaliya section of NH-151A",NHAI,Ministry of Road Transport & Highways,Roads & Highways,Gujarat,03/2024,02/2025,02/2027,02/2027,,625.58,455.54,151.99,35.47,2024-03-01,2025-02-01,2027-02-01,2027-02-01,,-0.2718117586879376,23.98160315374507,23.98160315374507,0.0,,0.0,0.33364797822364667,2024,17.63687623343671,0,0.24295853448000257,LOW
1261,618617,"6L Amritsar-Bathinda Greenfield section from village Tiba on NE-5A to Jn. with Moga
Jalandhar road NH-703 near Dharamkot from km 0.000 to km 39.000 of NH-754A
Pkg-1",NHAI,Ministry of Road Transport & Highways,Roads & Highways,Punjab,03/2021,11/2022,11/2024,12/2027,,1229.38,1549.32,1014.98,72.41,2021-03-01,2022-11-01,2024-11-01,2027-12-01,,0.2602450015454943,24.014454664914584,60.972404730617605,36.95795006570302,,36.95795006570302,0.6551132109570651,2021,16.978041706946556,1,0.8256031495550602,MEDIUM-HIGH
1262,618618,"6L Amritsar-Bathinda Greenfield section from Jn. with Bhagta Bhai Ka-Bhadaur Road
near Dyalpura Bhai Ka to Jn. with Mandi Dabwali Bathinda Road on NH-54 near
Sangat Kalan from km 93.000 to km 154.866 of NH-754A Pkg-3",NHAI,Ministry of Road Transport & Highways,Roads & Highways,Punjab,03/2021,06/2024,06/2026,07/2027,,2029.17,2677.23,1442.16,74.0,2021-03-01,2024-06-01,2026-06-01,2027-07-01,,0.3193719599639261,23.98160315374507,36.957950065703024,12.976346911957954,,12.976346911957954,0.538676169025448,2021,27.421216216216216,1,0.7107142329129644,MEDIUM
1263,618619,Bypass on Western side of Gwalior City,NHAI,Ministry of Road Transport & Highways,Roads & Highways,Madhya Pradesh,03/2025,01/2026,01/2028,01/2028,,998.95,998.95,195.31,0.0,2025-03-01,2026-01-01,2028-01-01,2028-01-01,,0.0,23.98160315374507,23.98160315374507,0.0,,0.0,0.1955152910556084,2025,998.95,0,0.1955152910556084,LOW
1264,618620,"Additional works 2VUPs, MR-10 junction flyover and underpass in Six lane Indore-
Dewas section of NH-52 in the state of Madhya Pradesh on EPC Mode",NHAI,Ministry of Road Transport & Highways,Roads & Highways,Madhya Pradesh,08/2022,01/2023,07/2024,03/2027,,207.77,211.27,150.59,79.72,2022-08-01,2023-01-01,2024-07-01,2027-03-01,,0.0168455503681956,17.969776609724047,49.93429697766097,31.964520367936924,,31.964520367936924,0.712784588441331,2022,2.6062468640240843,0,0.724791837127593,MEDIUM
1265,618621,Indore - Edlabad Pkg-II [Tejajinagar to Balwara],NHAI,Ministry of Road Transport & Highways,Roads & Highways,Madhya Pradesh,03/2022,01/2023,01/2025,10/2026,,1162.8,1530.82,824.5,87.3,2022-03-01,2023-01-01,2025-01-01,2026-10-01,,0.31649466804265564,24.014454664914584,44.973718791064385,20.9592641261498,,20.9592641261498,0.5386002273291439,2022,13.31958762886598,1,0.7090643274853802,MEDIUM
1266,618622,"4L of Indore - Boregaon Pkg-III [Balwara to Dhangaon] from km. 42.260 to km. 82.660
of NH347BG & 753L",NHAI,Ministry of Road Transport & Highways,Roads & Highways,Madhya Pradesh,01/2021,04/2022,04/2024,10/2026,,1001.69,888.81,835.15,92.5,2021-01-01,2022-04-01,2024-04-01,2026-10-01,,-0.11268955465263715,24.014454664914584,54.007884362680684,29.9934296977661,,29.9934296977661,0.9396271419088444,2021,10.829081081081082,1,0.8337409777476065,MEDIUM
1267,618623,"4L Boregaon Buzurg to Shahpur Pkg I of Boregaon Buzurg to Muktainagar of NH
753L",NHAI,Ministry of Road Transport & Highways,Roads & Highways,Madhya Pradesh,11/2022,02/2024,01/2026,10/2026,,1504.37,1132.34,556.86,90.1,2022-11-01,2024-02-01,2026-01-01,2026-10-01,,-0.24729953402420948,22.996057818659658,31.964520367936924,8.968462549277266,,8.968462549277266,0.4917780878534716,2022,16.69667036625971,1,0.37016159588399133,LOW
1268,618624,Mangloor to Telangana Maharashtra Border,NHAI,Ministry of Road Transport & Highways,Roads & Highways,"Multi-States
(Maharashtra,
Telangana)",03/2018,04/2019,10/2025,,04/2021,1082.65,1323.12,1011.7,100.0,2018-03-01,2019-04-01,2025-10-01,,2021-04-01,0.2221124093659075,78.02233902759527,,0.0,24.014454664914584,-54.007884362680684,0.7646320817461758,2018,10.826500000000001,1,0.9344663557012884,LOW
1269,618625,Indore - Gujarat / MP Border from km. Km 9.500 to Km 171.000 of NH-59 in MP,NHAI,Ministry of Road Transport & Highways,Roads & Highways,Madhya Pradesh,12/2009,08/2010,02/2026,,02/2013,1175.0,217.22,191.43,100.0,2009-12-01,2010-08-01,2026-02-01,,2013-02-01,-0.815131914893617,186.03810775295662,,0.0,30.059132720105122,-120.0,0.8812724426848357,2009,11.75,1,0.1629191489361702,LOW
1270,618626,"Four laning from Dive Ghat Km. 220.900 to Hadapsar Km. 234.150 of Mohol Alandi
section Pkg VI of NH-965",NHAI,Ministry of Road Transport & Highways,Roads & Highways,Maharashtra,12/2023,10/2024,10/2026,04/2027,,819.52,400.0,141.4,70.01,2023-12-01,2024-10-01,2026-10-01,2027-04-01,,-0.5119094103865678,23.98160315374507,29.96057818659658,5.978975032851512,,5.978975032851512,0.35350000000000004,2023,11.705756320525637,0,0.17254002342834832,LOW
1271,618627,"Construction of 7 Nos of Standalone safety structures/works at different locations on
various NHs",NHAI,Ministry of Road Transport & Highways,Roads & Highways,Maharashtra,01/2025,07/2025,01/2027,01/2027,,168.52,112.03,26.78,33.35,2025-01-01,2025-07-01,2027-01-01,2027-01-01,,-0.33521243769285547,18.035479632063073,18.035479632063073,0.0,,0.0,0.239043113451754,2025,5.053073463268366,0,0.15891288867790174,LOW
1272,618628,"Strengthening of Existing Alignment of Pandharpur Town Part Bypassed Section of
NH 965 from KM 36.230 to KM 44.230 from Chh. Shivaji Maharaj Chowk to Wakhari",NHAI,Ministry of Road Transport & Highways,Roads & Highways,Maharashtra,08/2022,11/2023,10/2025,03/2027,,150.21,87.59,76.45,69.25,2022-08-01,2023-11-01,2025-10-01,2027-03-01,,-0.416883030424073,22.996057818659658,39.94743758212878,16.95137976346912,,16.95137976346912,0.8728165315675306,2022,2.1690974729241876,0,0.5089541308834299,LOW
1273,618629,Nandigama Bypass and Kanchikacherla bypass,NHAI,Ministry of Road Transport & Highways,Roads & Highways,Andhra Pradesh,11/2017,03/2018,06/2019,09/2026,,416.07,444.58,387.77,98.47,2017-11-01,2018-03-01,2019-06-01,2026-09-01,,0.06852212368111132,15.013140604467806,102.03679369250985,87.02365308804204,,87.02365308804204,0.8722164739754374,2017,4.225347821671575,0,0.9319825990818852,MEDIUM
1274,618630,"6L of MH/KN Border Nimbal Village to KN/TS Border Singnodi Village from Km.
26.000 to Km. 97.000 in Gulbarga of NH-150C Pkg-II",NHAI,Ministry of Road Transport & Highways,Roads & Highways,Karnataka,02/2022,12/2022,06/2025,12/2026,,2355.56,1923.3,1012.1,81.35,2022-02-01,2022-12-01,2025-06-01,2026-12-01,,-0.18350625753536315,29.993429697766096,47.99605781865966,18.00262812089356,,18.00262812089356,0.5262309572089637,2022,28.955869698832206,1,0.42966428365229503,LOW
1275,618631,"6L of MH/KN Border Nimbal Village to KN/TS Border Singnodi Village from Km. 162.5
to Km. 203.100 in Raichur of NH-150C Pkg-IV",NHAI,Ministry of Road Transport & Highways,Roads & Highways,"Multi-States
(Karnataka,
Telangana)",03/2022,11/2022,05/2025,08/2026,,1499.73,1457.48,840.31,99.51,2022-03-01,2022-11-01,2025-05-01,2026-08-01,,-0.028171737579430964,29.96057818659658,44.973718791064385,15.013140604467804,,15.013140604467804,0.5765499355051183,2022,15.071148628278564,1,0.5603075220206304,LOW
1276,618632,"6L Access Controlled Greenfield Highway of Nandinne village to Julekal village from
Km 202.900 to Km 242.200 Pkg-1",NHAI,Ministry of Road Transport & Highways,Roads & Highways,"Multi-States
(Karnataka,
Telangana)",02/2022,01/2023,01/2025,08/2026,,972.06,1044.06,459.49,93.79,2022-02-01,2023-01-01,2025-01-01,2026-08-01,,0.07406950188259985,24.014454664914584,42.96977660972404,18.95532194480946,,18.95532194480946,0.4400992280137157,2022,10.364217933681628,0,0.4726971586116084,LOW
1277,618633,"4L of Kadapa China Orampadu section of NH-716 Package I of Kadapa-Renigunta
section",NHAI,Ministry of Road Transport & Highways,Roads & Highways,Andhra Pradesh,12/2022,03/2026,03/2028,03/2028,,1732.66,1732.66,106.39,5.01,2022-12-01,2026-03-01,2028-03-01,2028-03-01,,0.0,24.014454664914584,24.014454664914584,0.0,,0.0,0.06140269874066464,2022,345.84031936127747,1,0.06140269874066464,LOW
1278,618634,"6L of Veera Kaveri Raja Puram to Pondavakkam from km 61.380 to km 96.040 of NH
716B Pkg-III",NHAI,Ministry of Road Transport & Highways,Roads & Highways,"Multi-States
(Andhra Pradesh,
Tamil Nadu)",03/2021,01/2023,01/2025,09/2026,,1439.77,1439.77,808.62,98.89,2021-03-01,2023-01-01,2025-01-01,2026-09-01,,0.0,24.014454664914584,43.98817345597897,19.97371879106439,,19.97371879106439,0.5616313716774207,2021,14.5593083223784,1,0.5616313716774207,LOW
1279,618635,"6L of Pondavakkam to Kannigaipair from km 96.040 to km 116.100 of NH 716B Pkg-
IV",NHAI,Ministry of Road Transport & Highways,Roads & Highways,Tamil Nadu,02/2021,01/2023,01/2025,12/2027,,1359.81,1359.81,409.35,44.53,2021-02-01,2023-01-01,2025-01-01,2027-12-01,,0.0,24.014454664914584,58.96846254927726,34.95400788436268,,34.95400788436268,0.3010347033776778,2021,30.536941387828428,1,0.3010347033776778,MEDIUM
1280,618636,"Akkalkot MH/KN border New Greenfield corridor from Km 512.000 to Km 548.400 of
NH-150C part of Akkalkot KN/TS Border section Package XIV",NHAI,Ministry of Road Transport & Highways,Roads & Highways,"Multi-States
(Karnataka,
Maharashtra)",03/2023,10/2024,10/2026,06/2027,,1370.75,1403.49,322.92,57.62,2023-03-01,2024-10-01,2026-10-01,2027-06-01,,0.023884734634324282,23.98160315374507,31.964520367936924,7.982917214191854,,7.982917214191854,0.2300835773678473,2023,23.78948281846581,1,0.23557906255699435,LOW
1281,618637,Bal. Works of Fagne Km. 510.000 to Maharashtra/Gujarat Border Km. 650.794,NHAI,Ministry of Road Transport & Highways,Roads & Highways,"Multi-States
(Gujarat,
Maharashtra)",12/2019,09/2020,09/2022,12/2026,,1654.07,1672.89,1447.76,99.7,2019-12-01,2020-09-01,2022-09-01,2026-12-01,,0.011377994885343525,23.98160315374507,74.96714848883049,50.98554533508542,,50.98554533508542,0.8654245048987081,2019,16.590471414242728,1,0.8752713004890966,MEDIUM
1282,618638,Tarsod - Fagne section of NH-6,NHAI,Ministry of Road Transport & Highways,Roads & Highways,Maharashtra,06/2016,01/2019,04/2026,,07/2021,2267.99,2560.5,2213.75,100.0,2016-06-01,2019-01-01,2026-04-01,,2021-07-01,0.12897323180437315,86.95795006570302,,0.0,29.96057818659658,-56.99737187910644,0.8645772310095684,2016,22.679899999999996,1,0.9760845506373486,LOW
1283,618639,4L of Bilaspur to Urga km 0.00 to 70.2 of NH-130A,NHAI,Ministry of Road Transport & Highways,Roads & Highways,Chhattisgarh,04/2020,03/2022,03/2024,12/2026,,1855.59,2523.86,1470.78,94.81,2020-04-01,2022-03-01,2024-03-01,2026-12-01,,0.36013882377033735,24.014454664914584,57.03022339027595,33.01576872536137,,33.01576872536137,0.582750231787817,2020,19.571669655099672,1,0.7926212148157729,MEDIUM-HIGH
1284,618640,4L of Urga - Pathalgaon from Km. 70.200 to km. 157.745 of NH-130A,NHAI,Ministry of Road Transport & Highways,Roads & Highways,Chhattisgarh,03/2022,02/2024,08/2026,08/2026,,2261.3,2860.36,1120.45,81.5,2022-03-01,2024-02-01,2026-08-01,2026-08-01,,0.2649184097642948,29.96057818659658,29.96057818659658,0.0,,0.0,0.391716427302857,2022,27.746012269938653,1,0.49548932030248083,LOW
1285,618641,"4 Lane of CG/JH Border-Gumla from km 0.000 to km 32.370 of NH-43 in the State of
Jhrkhand",NHAI,Ministry of Road Transport & Highways,Roads & Highways,Jharkhand,08/2024,02/2026,02/2028,02/2028,,1325.8,1325.8,293.4,9.76,2024-08-01,2026-02-01,2028-02-01,2028-02-01,,0.0,23.98160315374507,23.98160315374507,0.0,,0.0,0.22130034696032583,2024,135.84016393442622,1,0.22130034696032583,LOW
1286,618642,4L of Palma to Gumla from km. 26.00 to km. 89.170 of NH-23,NHAI,Ministry of Road Transport & Highways,Roads & Highways,Jharkhand,03/2020,04/2022,03/2024,09/2026,,1882.93,1895.75,1371.55,99.9,2020-03-01,2022-04-01,2024-03-01,2026-09-01,,0.006808537757643639,22.996057818659658,53.022339027595265,30.026281208935607,,30.026281208935607,0.7234867466701833,2020,18.848148148148148,1,0.728412633502042,MEDIUM
1287,618644,4L of Ormanjhi-Gola section from Km 81.450 to Km 53.600 of NH- 320BPKG-II,NHAI,Ministry of Road Transport & Highways,Roads & Highways,Jharkhand,02/2022,06/2023,06/2025,12/2026,,1214.93,1462.19,993.6,86.57,2022-02-01,2023-06-01,2025-06-01,2026-12-01,,0.20351789815051072,24.014454664914584,42.01708278580814,18.002628120893558,,18.002628120893558,0.6795286522271388,2022,14.034076469908745,1,0.8178248952614554,MEDIUM
1288,618645,4L of Gola-BokaroJaina More section from Km 53.600 to Km 21.110 of NH-320PKG-1,NHAI,Ministry of Road Transport & Highways,Roads & Highways,Jharkhand,02/2022,06/2023,06/2025,10/2026,,1007.97,1030.64,617.85,78.1,2022-02-01,2023-06-01,2025-06-01,2026-10-01,,0.02249074873260124,24.014454664914584,40.01314060446781,15.998685939553223,,15.998685939553223,0.5994818753395947,2022,12.906145966709348,1,0.6129646715676061,LOW
1289,618646,"4L of Pathalgaon-Kunkuri-CG/JH Border section of NH-43 from Km. 00.000 to
Km.104.250",NHAI,Ministry of Road Transport & Highways,Roads & Highways,Chhattisgarh,08/2024,04/2026,04/2029,04/2029,,3147.07,3147.07,0.03,0.0,2024-08-01,2026-04-01,2029-04-01,2029-04-01,,0.0,36.00525624178712,36.00525624178712,0.0,,0.0,9.532676426008953e-06,2024,3147.07,1,9.532676426008953e-06,LOW
1290,618647,"6L Access Controlled Ludhiana-Bathinda Greenfield highway from Jn. with Amritsar-
Bathanda Greenfield Road NH-754A near Rampura Phul to Jn. with Moga-Barnala
Road NH-703 near village Tallewal from Km 0.0 to Km 30.3 of NH-754AD Pkg-1",NHAI,Ministry of Road Transport & Highways,Roads & Highways,Punjab,06/2021,09/2023,09/2025,10/2026,,906.51,1020.52,687.82,81.5,2021-06-01,2023-09-01,2025-09-01,2026-10-01,,0.12576805550959172,24.014454664914584,36.990801576872535,12.97634691195795,,12.97634691195795,0.6739897307255125,2021,11.12282208588957,0,0.7587561085922936,LOW
1291,618648,"Development of 6-lane Greenfield Southern Ludhiana Bypass from intersection with
NH-44 near Village Rajgarh to intersection with Delhi Katra Expressway NE-5 near
Village Ballowal, km 0000 to km 25240",NHAI,Ministry of Road Transport & Highways,Roads & Highways,Punjab,11/2024,03/2026,03/2028,03/2028,,1424.55,1424.55,162.39,5.79,2024-11-01,2026-03-01,2028-03-01,2028-03-01,,0.0,24.014454664914584,24.014454664914584,0.0,,0.0,0.11399389280825523,2024,246.03626943005182,1,0.11399389280825523,LOW
1292,618649,"4 Lane with PS from Des. Ch 228.500 to Des. Ch. 273.400 of Belgaum-Hungund-
Raichur Section of NH 748 A Package-6",NHAI,Ministry of Road Transport & Highways,Roads & Highways,Karnataka,03/2023,11/2024,11/2026,06/2027,,1246.15,1012.78,399.31,53.8,2023-03-01,2024-11-01,2026-11-01,2027-06-01,,-0.18727280022469214,23.98160315374507,30.946123521681997,6.964520367936927,,6.964520367936927,0.39427121388653014,2023,23.162639405204462,1,0.32043493961401115,LOW
1293,618650,"4 Lane with PS from Des. Ch 89.900 to Des. Ch. 136.100 of Belgaum-Hungund-
Raichur Section of NH-748A Package-3",NHAI,Ministry of Road Transport & Highways,Roads & Highways,Karnataka,01/2024,04/2025,04/2027,02/2028,,1363.9,1219.62,306.09,24.5,2024-01-01,2025-04-01,2027-04-01,2028-02-01,,-0.1057848815895595,23.98160315374507,34.03416557161629,10.052562417871222,,10.052562417871222,0.25097161410931274,2024,55.66938775510204,1,0.22442261162841848,LOW
1294,618651,"4 Lane with PS from Des. Ch 43.800 to Des. Ch. 89.900 of Belgaum-Hungund-
Raichur Section of NH-748A Package-2",NHAI,Ministry of Road Transport & Highways,Roads & Highways,Karnataka,02/2024,03/2025,02/2027,07/2027,,1427.88,1293.94,594.55,58.7,2024-02-01,2025-03-01,2027-02-01,2027-07-01,,-0.0938034008460095,23.061760840998684,27.989487516425754,4.9277266754270705,,4.9277266754270705,0.45948807518122936,2024,24.32504258943782,1,0.4163865310810432,LOW
1295,618652,Chakur Loha Section of NH-361 from km 114.600 to km 187.80,NHAI,Ministry of Road Transport & Highways,Roads & Highways,Maharashtra,03/2018,03/2019,02/2026,,03/2021,1241.38,3342.11,1717.21,100.0,2018-03-01,2019-03-01,2026-02-01,,2021-03-01,1.692253782081232,83.08147174770039,,0.0,24.014454664914584,-59.06701708278581,0.5138101379068911,2018,12.413800000000002,1,1.383307287051507,MEDIUM
1296,618653,Loha-Waranga Section of NH-361 from km 187.800 to km 244.369,NHAI,Ministry of Road Transport & Highways,Roads & Highways,Maharashtra,03/2018,03/2019,03/2021,12/2026,,1236.08,3466.58,1503.59,96.22,2018-03-01,2019-03-01,2021-03-01,2026-12-01,,1.8044948547019612,24.014454664914584,93.03547963206307,69.02102496714849,,69.02102496714849,0.4337387280835867,2018,12.84639368114737,1,1.2164180311953918,HIGH
1297,618654,4L Greenfield Rudhi to Deshgaon Pkg V of Betul-Khandwa/Deshgaon,NHAI,Ministry of Road Transport & Highways,Roads & Highways,Madhya Pradesh,11/2022,10/2023,10/2025,08/2027,,521.21,469.68,199.48,63.79,2022-11-01,2023-10-01,2025-10-01,2027-08-01,,-0.09886610003645369,24.014454664914584,45.992115637319316,21.97766097240473,,21.97766097240473,0.4247146993697837,2022,8.170716413230915,0,0.38272481341493825,LOW
1298,618655,"2L PS of Roshni to Ashapur Section of NH-347B from Design KM Ch. 89.900 to
114.000 KM Package III of Betul Khandwa",NHAI,Ministry of Road Transport & Highways,Roads & Highways,Madhya Pradesh,03/2024,08/2024,08/2026,08/2026,,200.99,120.75,126.72,98.85,2024-03-01,2024-08-01,2026-08-01,2026-08-01,,-0.3992238419821882,23.98160315374507,23.98160315374507,0.0,,0.0,1.0494409937888198,2024,2.033282751643905,0,0.6304791283148415,LOW
1299,618661,4L from km 0.000 to 42.040 Bhopal Ratnaigiri Tiraha to Vidisha Morikodi,NHAI,Ministry of Road Transport & Highways,Roads & Highways,Madhya Pradesh,10/2024,11/2025,11/2027,11/2027,,1032.3,1038.18,179.87,20.23,2024-10-01,2025-11-01,2027-11-01,2027-11-01,,0.005696018599244511,23.98160315374507,23.98160315374507,0.0,,0.0,0.17325511953611125,2024,51.028175976272856,1,0.1742419839194033,LOW
1300,618662,"4L Vidisha Gyaraspur section of NH-146 from Design Chainage km 59475 existing
chainage km 81240 to Design Chainage km 88361 existing chainage km 110.315",NHAI,Ministry of Road Transport & Highways,Roads & Highways,Madhya Pradesh,10/2024,03/2026,03/2028,03/2028,,980.2,980.2,113.09,12.25,2024-10-01,2026-03-01,2028-03-01,2028-03-01,,0.0,24.014454664914584,24.014454664914584,0.0,,0.0,0.11537441338502347,2024,80.01632653061225,0,0.11537441338502347,LOW
1301,618663,"i 4L Vidisha to Hinotiya from km 0.000 to Km 27.000 Vidisha Mehulwa-Talbehat Pkg-
I Section of NH- 346 and ii 4L Vidisha to Morikori from Km 39.000 to 59.476 section of
NH-146",NHAI,Ministry of Road Transport & Highways,Roads & Highways,Madhya Pradesh,09/2022,12/2023,12/2025,12/2026,,1003.87,941.12,434.04,90.04,2022-09-01,2023-12-01,2025-12-01,2026-12-01,,-0.0625080936774682,24.014454664914584,36.00525624178712,11.990801576872538,,11.990801576872538,0.46119517171030266,2022,11.149155930697468,1,0.432366740713439,LOW
1302,618664,Berkhedi to Godpehra on NH-44 Sagar link road,NHAI,Ministry of Road Transport & Highways,Roads & Highways,Madhya Pradesh,02/2022,11/2022,11/2024,12/2026,,524.84,471.31,385.98,93.05,2022-02-01,2022-11-01,2024-11-01,2026-12-01,,-0.10199298833930345,24.014454664914584,48.98160315374507,24.967148488830485,,24.967148488830485,0.8189514332392693,2022,5.640408382590006,0,0.7354241292584407,MEDIUM
1303,618665,4L of Sagar - Mohari from Km.8 to Km.50 Pkg-I,NHAI,Ministry of Road Transport & Highways,Roads & Highways,Madhya Pradesh,03/2021,04/2022,03/2026,,04/2024,790.78,660.38,555.28,100.0,2021-03-01,2022-04-01,2026-03-01,,2024-04-01,-0.16490047800905433,46.97766097240473,,0.0,24.014454664914584,-22.963206307490143,0.8408492080317392,2021,7.9078,0,0.7021927716937707,LOW
1304,618666,"4- Laning of Mohari to Satai Ghat section NH-934 from Km 50300 to Km 89875 Total
length 39.575 km Package-2 in the State of Madhya Pradesh on EPC Mode",NHAI,Ministry of Road Transport & Highways,Roads & Highways,Madhya Pradesh,08/2022,08/2024,08/2026,08/2026,,710.92,539.08,518.99,99.5,2022-08-01,2024-08-01,2026-08-01,2026-08-01,,-0.24171496089574063,23.98160315374507,23.98160315374507,0.0,,0.0,0.9627328040365066,2022,7.144924623115577,0,0.7300258819557757,LOW
1305,618667,"4L of near Satai Ghat to Chowka section of NH-34 from D. Ch. 89.875 to D. Ch.
145.000 Package-3",NHAI,Ministry of Road Transport & Highways,Roads & Highways,Madhya Pradesh,10/2024,10/2025,10/2027,10/2027,,1005.59,882.21,193.4,38.26,2024-10-01,2025-10-01,2027-10-01,2027-10-01,,-0.12269413975874859,23.98160315374507,23.98160315374507,0.0,,0.0,0.21922218065993357,2024,26.283063251437536,1,0.19232490378782605,LOW
1306,618668,"4L of Chowka to Kaimaha near MP/UP Border section NH-34 from D. Ch. 145.000 to
D. Ch. 197.266 excluding existing Chhatarpur bypass from D. Ch. 160.307 to D. Ch.
168.630 Package-4",NHAI,Ministry of Road Transport & Highways,Roads & Highways,"Multi-States
(Madhya Pradesh,
Uttar Pradesh)",10/2024,09/2025,09/2027,08/2026,,996.5,846.68,312.98,49.18,2024-10-01,2025-09-01,2027-09-01,2026-08-01,,-0.1503462117410939,23.98160315374507,10.972404730617608,-13.009198423127462,,-13.009198423127462,0.3696555959748666,2024,20.262301748678325,0,0.31407927747114905,LOW
1307,618669,"4 -Laning of MP/UP Border to Kabarai section of NH-34&35 from km 197.000 to km
242.991 Length 45.991 Km Sagar-Kabrai Package-5 under Bharat Mala Pariyojana
EC in MP & UP on HAM",NHAI,Ministry of Road Transport & Highways,Roads & Highways,Uttar Pradesh,10/2022,02/2025,02/2027,02/2027,,1632.93,1425.43,574.07,61.77,2022-10-01,2025-02-01,2027-02-01,2027-02-01,,-0.12707219537885886,23.98160315374507,23.98160315374507,0.0,,0.0,0.40273461341489936,2022,26.4356483729966,1,0.3515582419332121,LOW
1308,618671,"4-lanning of Rahatgarh to Berkhedi section of NH-146 from Design Ch 124470 to Ch.
134.549",NHAI,Ministry of Road Transport & Highways,Roads & Highways,Madhya Pradesh,03/2025,12/2025,12/2027,12/2027,,618.33,342.69,53.19,14.6,2025-03-01,2025-12-01,2027-12-01,2027-12-01,,-0.44578137887535785,23.98160315374507,23.98160315374507,0.0,,0.0,0.1552131664186291,2025,42.3513698630137,0,0.08602202707292221,LOW
1309,618672,"4-lanning of Gyaraspur to Rahatgarh section of NH-146 from Design Ch. 88361 to Ch
124470 in the state of MP on HAM mode",NHAI,Ministry of Road Transport & Highways,Roads & Highways,Madhya Pradesh,10/2024,11/2025,11/2027,11/2027,,903.44,592.44,169.82,35.25,2024-10-01,2025-11-01,2027-11-01,2027-11-01,,-0.34423979456300363,23.98160315374507,23.98160315374507,0.0,,0.0,0.28664506110323407,2024,25.629503546099293,0,0.18797042415655715,LOW
1310,618673,"Development of 6L of Jhanki Sargi Section Road from km 0.000 to km 42.800 of NH-
130CD Pkg-CG-1",NHAI,Ministry of Road Transport & Highways,Roads & Highways,Chhattisgarh,11/2021,09/2022,09/2024,02/2027,,1368.19,1129.14,715.32,99.35,2021-11-01,2022-09-01,2024-09-01,2027-02-01,,-0.17471988539603414,24.014454664914584,53.022339027595265,29.00788436268068,,29.00788436268068,0.6335086880280567,2021,13.771414192249624,1,0.5228221226584028,MEDIUM
1311,618674,"Development of 6L Sargi Basanwahi Section from km 42.800 to km 99.500 of NH-
130CD Pkg-CG-2",NHAI,Ministry of Road Transport & Highways,Roads & Highways,Chhattisgarh,12/2021,01/2023,01/2025,08/2026,,1470.73,1461.81,757.62,100.0,2021-12-01,2023-01-01,2025-01-01,2026-08-01,,-0.006065015332521994,24.014454664914584,42.96977660972404,18.95532194480946,,18.95532194480946,0.5182752888542287,2021,14.7073,1,0.5151319412808605,LOW
1312,618675,"Development of 6L of Basanwahi Marangpuri Section from km 99.500 to km 124.661
of NH-130-CD",NHAI,Ministry of Road Transport & Highways,Roads & Highways,Chhattisgarh,03/2022,10/2023,10/2025,03/2027,,1307.16,1303.63,489.55,70.73,2022-03-01,2023-10-01,2025-10-01,2027-03-01,,-0.002700511031549292,24.014454664914584,40.9658344283837,16.951379763469117,,16.951379763469117,0.37552833242561157,2022,18.4809840237523,1,0.37451421402123686,LOW
1313,618676,"6L of Dhanara - Hatibena Section from Km 124.611 to km 146.50 of NH-130-CD
Package OD-1",NHAI,Ministry of Road Transport & Highways,Roads & Highways,"Multi-States
(Chhattisgarh, Odisha)",02/2021,03/2022,03/2026,,03/2024,477.76,638.32,359.28,100.0,2021-02-01,2022-03-01,2026-03-01,,2024-03-01,0.33606831882116556,47.99605781865966,,0.0,24.014454664914584,-23.981603153745073,0.5628524877804235,2021,4.7776,0,0.7520093770931011,LOW
1314,618677,"6L Greenfield Kaliagura Baunsaguar Section of NH-130-CD Road from km 249000 to
km 293000 Package OD-5",NHAI,Ministry of Road Transport & Highways,Roads & Highways,Odisha,09/2021,05/2022,05/2024,11/2026,,1539.75,1918.49,1026.67,97.8,2021-09-01,2022-05-01,2024-05-01,2026-11-01,,0.2459749959408995,24.014454664914584,54.040735873850196,30.02628120893561,,30.02628120893561,0.5351448274424156,2021,15.743865030674847,1,0.6667770742003573,MEDIUM-HIGH
1315,618678,"6L Greenfield Baunsaguar - Baraja Section of NH-130-CD Road from km 293000 to
km 338500 Package OD-6",NHAI,Ministry of Road Transport & Highways,Roads & Highways,Odisha,08/2021,06/2022,05/2024,08/2026,,1265.59,1635.44,1001.24,99.6,2021-08-01,2022-06-01,2024-05-01,2026-08-01,,0.29223524206101514,22.996057818659658,50.0,27.003942181340342,,27.003942181340342,0.6122144499339627,2021,12.706726907630522,1,0.7911250879036655,MEDIUM-HIGH
1316,618680,"6L Greenfield Kandili - Aluru Section of NH-130-CD Road from km 342500 to km
365033 Package-OD-8",NHAI,Ministry of Road Transport & Highways,Roads & Highways,Odisha,12/2021,10/2022,10/2024,08/2026,,1492.74,1912.84,1088.96,99.9,2021-12-01,2022-10-01,2024-10-01,2026-08-01,,0.2814287819714082,24.014454664914584,45.992115637319316,21.97766097240473,,21.97766097240473,0.5692896426256248,2021,14.942342342342341,1,0.7295041333386926,MEDIUM
1317,618681,"6L Aluru - Jakkuva Section of NH-130CD Road from km 365.033 to km 396.800 Pkg.
1",NHAI,Ministry of Road Transport & Highways,Roads & Highways,"Multi-States
(Andhra Pradesh,
Odisha)",02/2021,03/2022,03/2024,08/2026,,1216.12,1241.66,703.33,99.63,2021-02-01,2022-03-01,2024-03-01,2026-08-01,,0.021001216985166098,24.014454664914584,53.022339027595265,29.00788436268068,,29.00788436268068,0.5664433097627369,2021,12.206363545116933,1,0.5783393086208599,MEDIUM
1318,618682,"6L Korlam-Kantakapalle Section of NH-130CD Road from Km 421.100 to Km 445.100
Pkg-3",NHAI,Ministry of Road Transport & Highways,Roads & Highways,Andhra Pradesh,02/2021,02/2022,02/2024,08/2026,,1112.7,1127.63,849.98,99.5,2021-02-01,2022-02-01,2024-02-01,2026-08-01,,0.013417812528084895,23.98160315374507,53.942181340341655,29.960578186596585,,29.960578186596585,0.7537756178888465,2021,11.182914572864322,1,0.7638896378179204,MEDIUM
1319,618684,Outer Ring Road of Jabalpur Town from Manegaon to NH-45 Pkg-2,NHAI,Ministry of Road Transport & Highways,Roads & Highways,Madhya Pradesh,11/2022,03/2024,03/2026,03/2027,,917.26,786.47,520.38,78.75,2022-11-01,2024-03-01,2026-03-01,2027-03-01,,-0.14258770686610117,23.98160315374507,35.972404730617605,11.990801576872535,,11.990801576872535,0.6616654163540885,2022,11.647746031746031,0,0.5673200619235549,LOW
1320,618685,Outer Ring Road of Jabalpur Town from NH45 to Kushner Pkg-3,NHAI,Ministry of Road Transport & Highways,Roads & Highways,Madhya Pradesh,09/2022,03/2024,03/2026,12/2026,,911.24,773.23,552.62,79.8,2022-09-01,2024-03-01,2026-03-01,2026-12-01,,-0.15145296519029014,23.98160315374507,33.01576872536137,9.034165571616299,,9.034165571616299,0.7146903250003233,2022,11.41904761904762,0,0.6064483560862122,LOW
1321,618686,"Outer Ring Road of Jabalpur Town from Kushner to Amjhar Road including Airport
Connectivity Pkg-IV",NHAI,Ministry of Road Transport & Highways,Roads & Highways,Madhya Pradesh,08/2022,03/2024,03/2026,11/2026,,612.94,509.82,363.91,79.63,2022-08-01,2024-03-01,2026-03-01,2026-11-01,,-0.1682383267530265,23.98160315374507,32.03022339027595,8.04862023653088,,8.04862023653088,0.7138009493546743,2022,7.697350244882583,0,0.593712272000522,LOW
1322,618687,Outer Ring Road of Jabalpur Town from Barela to Manegaon Pkg-1,NHAI,Ministry of Road Transport & Highways,Roads & Highways,Madhya Pradesh,09/2022,03/2023,03/2025,08/2026,,652.33,651.88,500.97,89.72,2022-09-01,2023-03-01,2025-03-01,2026-08-01,,-0.0006898348995141193,24.014454664914584,41.03153745072273,17.017082785808146,,17.017082785808146,0.7685003374854268,2022,7.270731163620152,0,0.767970199132341,LOW
1323,618688,"Outer Ring Road of Jabalpur Town from Amjhar Road including Airport Connectivity
to barela Pkg-V",NHAI,Ministry of Road Transport & Highways,Roads & Highways,Madhya Pradesh,10/2024,10/2025,10/2027,10/2027,,794.7,539.9,105.34,32.38,2024-10-01,2025-10-01,2027-10-01,2027-10-01,,-0.32062413489367064,23.98160315374507,23.98160315374507,0.0,,0.0,0.19511020559362846,2024,24.54292773316862,0,0.13255316471624512,LOW
1324,618689,4L Rampur Bypass from Km. 181.000 to Km. 189.500,National Highways Authority of India [NHAI],Ministry of Road Transport & Highways,Roads & Highways,Uttar Pradesh,10/2021,10/2022,03/2026,,04/2024,364.47,307.95,272.05,100.0,2021-10-01,2022-10-01,2026-03-01,,2024-04-01,-0.15507449172771431,40.9658344283837,,0.0,18.00262812089356,-22.96320630749014,0.8834226335444066,2021,3.6447000000000003,0,0.7464263176667489,LOW
1325,618690,"4 lanning of Aligarh Palwal section from km 0.00 to km 46.39 package -1 from
khereshwar junction-kurana of NH33D , including khair & jattari bypass in the state of
UP on HAM mode",NHAI,Ministry of Road Transport & Highways,Roads & Highways,Uttar Pradesh,03/2024,03/2025,03/2027,03/2027,,1663.38,1685.69,590.53,21.25,2024-03-01,2025-03-01,2027-03-01,2027-03-01,,0.0134124493501184,23.98160315374507,23.98160315374507,0.0,,0.0,0.3503194537548422,2024,78.27670588235294,1,0.35501809568469017,LOW
1326,618691,"4 laning of Aligarh-Palwal Section from Km. 46.390 Design Chainage to Km. 69.110
Terminating at junction EPE Package-II from Kurana- Eastern Peripheral Expressway
of NH-334D",NHAI,Ministry of Road Transport & Highways,Roads & Highways,"Multi-States
(Haryana, Uttar
Pradesh)",03/2024,08/2025,08/2027,08/2027,,939.17,903.94,250.21,17.16,2024-03-01,2025-08-01,2027-08-01,2027-08-01,,-0.037511845565765416,23.98160315374507,23.98160315374507,0.0,,0.0,0.27679934508927584,2024,54.730186480186475,0,0.2664160908035819,LOW
1327,618692,Aligarh-Kanpur Pkg I [Aligarh-Bhadwas],NHAI,Ministry of Road Transport & Highways,Roads & Highways,Uttar Pradesh,03/2018,02/2019,06/2022,12/2024,12/2024,1226.64,2069.6,1359.15,100.0,2018-03-01,2019-02-01,2022-06-01,2024-12-01,2024-12-01,0.6872105915345984,39.94743758212878,69.97371879106439,30.026281208935607,69.97371879106439,30.026281208935607,0.6567211055276383,2018,12.2664,1,1.108026804930542,HIGH
1328,618693,Bodhre - Dhule,NHAI,Ministry of Road Transport & Highways,Roads & Highways,Maharashtra,02/2021,01/2022,07/2024,08/2026,,1344.78,1292.7,837.67,97.69,2021-02-01,2022-01-01,2024-07-01,2026-08-01,,-0.038727524204702574,29.96057818659658,54.96057818659658,24.999999999999996,,24.999999999999996,0.6480003094298754,2021,13.765789743064797,1,0.6229048617617752,MEDIUM
1329,618694,Indore - Harda Pkg-I [Indore to Raghav Garh from km. 0.25 to km. 26.903],NHAI,Ministry of Road Transport & Highways,Roads & Highways,Madhya Pradesh,01/2022,11/2022,10/2024,08/2026,,1011.29,813.03,688.03,96.09,2022-01-01,2022-11-01,2024-10-01,2026-08-01,,-0.19604663350769808,22.996057818659658,44.973718791064385,21.977660972404728,,21.977660972404728,0.846254135763748,2022,10.524404204391715,1,0.6803488613552987,LOW
1330,618695,"Indore - Harda Pkg-III [Nanasa to Pidgaon Section from km 95.000 to km
142.445]",NHAI,Ministry of Road Transport & Highways,Roads & Highways,Madhya Pradesh,01/2020,10/2021,04/2026,,10/2023,1146.22,1240.64,758.23,100.0,2020-01-01,2021-10-01,2026-04-01,,2023-10-01,0.0823751112351905,53.975032851511166,,0.0,23.98160315374507,-29.993429697766096,0.6111603688418881,2020,11.462200000000001,1,0.6615047722077786,LOW
1331,618696,Bellary to Byrapura Section km 253.600 to km 308.550 of NH-150A,National Highways Authority of India [NHAI],Ministry of Road Transport & Highways,Roads & Highways,"Multi-States (Andhra
Pradesh, Karnataka)",03/2018,10/2019,03/2026,,10/2021,1281.47,1689.6,553.21,100.0,2018-03-01,2019-10-01,2026-03-01,,2021-10-01,0.3184858014623829,76.97109067017082,,0.0,24.014454664914584,-52.95663600525624,0.3274206912878788,2018,12.8147,1,0.43169953256806637,LOW
1332,618697,"4LPS Access Controlled Highway of Bellary Bypass Balance work from Ch. 254750 to
Ch. 266837 and construction of 4LPS from Ch. 277.690 to Ch. 278.690 at D. Hirehal
Village Balance work of NH 150A of Bellary Byrapura Section",NHAI,Ministry of Road Transport & Highways,Roads & Highways,Karnataka,02/2024,08/2024,07/2026,10/2027,,626.01,284.05,113.26,38.97,2024-02-01,2024-08-01,2026-07-01,2027-10-01,,-0.5462532547403396,22.963206307490143,37.97634691195795,15.013140604467804,,15.013140604467804,0.3987326174969196,2024,16.063895304080063,0,0.18092362741809237,LOW
1333,618698,Challakere to Hariyur section from km 358.500 to km 414.205 of NH-150 A,NHAI,Ministry of Road Transport & Highways,Roads & Highways,Karnataka,03/2018,01/2021,12/2025,,01/2023,1167.52,1873.58,1243.48,100.0,2018-03-01,2021-01-01,2025-12-01,,2023-01-01,0.6047519528573386,58.96846254927726,,0.0,23.98160315374507,-34.98685939553219,0.6636919693848141,2018,11.6752,1,1.0650609839660135,MEDIUM
1334,618699,Pipli Bhavnagar-Package 1 from km 136.025 to km 169.328,NHAI,Ministry of Road Transport & Highways,Roads & Highways,Gujarat,03/2018,02/2019,03/2024,,09/2021,819.14,1297.38,975.85,100.0,2018-03-01,2019-02-01,2024-03-01,,2021-09-01,0.5838318236198942,60.939553219448094,,0.0,30.97897503285151,-29.960578186596585,0.7521697575112919,2018,8.1914,0,1.191310398710843,MEDIUM
1335,618700,Renigunta - Poyya - Naidupeta km 124.60 to km 183.4 of NH 71,NHAI,Ministry of Road Transport & Highways,Roads & Highways,Andhra Pradesh,03/2020,01/2022,01/2024,09/2026,,1863.09,2510.14,1677.19,98.6,2020-03-01,2022-01-01,2024-01-01,2026-09-01,,0.34729937898866936,23.98160315374507,55.97897503285151,31.99737187910644,,31.99737187910644,0.6681659190324046,2020,18.895436105476673,1,0.9002195277737522,MEDIUM-HIGH
1336,618701,"Balance work of 4L of Nauradehi Sanctuary de-scoped stretch of Hiran River to
Sindoor River from Km. 66.00 to 130.00 NH-12 New NH-45",NHAI,Ministry of Road Transport & Highways,Roads & Highways,Madhya Pradesh,01/2021,07/2021,07/2025,,07/2023,178.18,153.15,143.37,100.0,2021-01-01,2021-07-01,2025-07-01,,2023-07-01,-0.14047592322370636,47.99605781865966,,0.0,23.98160315374507,-24.014454664914588,0.9361410381978452,2021,1.7818,0,0.804635761589404,LOW
1337,618702,"4L of Addahole Near Gundya to Bantwal Cross section Pkg-02 from Design Km
270.270 to Design km 318.55 including flyover at Kalladka Town including approaches
from Km. 311.57 to Km. 313.67 of NH-75 Old NH-48",NHAI,Ministry of Road Transport & Highways,Roads & Highways,Karnataka,12/2020,11/2021,11/2023,04/2027,,1660.19,1318.24,1452.0,94.21,2020-12-01,2021-11-01,2023-11-01,2027-04-01,,-0.20597040097820132,23.98160315374507,64.94743758212877,40.9658344283837,,40.9658344283837,1.1014686248331107,2020,17.62222693981531,1,0.874598690511327,MEDIUM
1338,618704,"6L Flyover including RE Wall approaches with Flexible Pavement in the Elephant
Corridor of Angul Sambalpur Section of NH-42 New NH-55 Km.202.533",NHAI,Ministry of Road Transport & Highways,Roads & Highways,Odisha,09/2023,06/2024,01/2027,08/2026,,150.86,106.32,106.14,100.0,2023-09-01,2024-06-01,2027-01-01,2026-08-01,,-0.29524062044279475,31.011826544021023,25.985545335085412,-5.026281208935611,,-5.026281208935611,0.9983069977426637,2023,1.5086000000000002,0,0.703566220336736,LOW
1339,618705,"4L Godibandha to Ballhar Chhak, Ballhar Chhak to Banarpal & Banarpal to Start of
Angul bypass at Km.314.130 to Km.321.035 of NH53, at Km.75.200 to Km.84.000 of
NH149 & at Km.84.000 to Km.86.100 of NH55",NHAI,Ministry of Road Transport & Highways,Roads & Highways,Odisha,12/2024,02/2026,02/2028,02/2028,,973.12,973.12,241.06,5.4,2024-12-01,2026-02-01,2028-02-01,2028-02-01,,0.0,23.98160315374507,23.98160315374507,0.0,,0.0,0.24771867806642553,2024,180.2074074074074,0,0.24771867806642553,LOW
1340,618706,Bangalore-Nidagatta Pkg. I,NHAI,Ministry of Road Transport & Highways,Roads & Highways,Karnataka,02/2018,05/2019,11/2021,09/2026,,3496.01,4087.42,4315.21,99.19,2018-02-01,2019-05-01,2021-11-01,2026-09-01,,0.16916713624961022,30.059132720105122,88.04204993429697,57.98291721419184,,57.98291721419184,1.0557295310978563,2018,35.24558927311221,1,1.2343242725278245,MEDIUM
1341,618707,"Additional works under BM1 to ensure road safety under 6L of Bengaluru Mysuru
Access control with close toll from Km.17.300 to Km.136.300 of NH-275",NHAI,Ministry of Road Transport & Highways,Roads & Highways,Karnataka,11/2024,01/2026,01/2028,05/2028,,738.37,738.37,32.83,12.67,2024-11-01,2026-01-01,2028-01-01,2028-05-01,,0.0,23.98160315374507,27.95663600525624,3.9750328515111697,,3.9750328515111697,0.04446280320164687,2024,58.27703235990529,0,0.04446280320164687,LOW
1342,618708,"Widening/Development of Existing NH-85 from Km 0.000 to Km 124.636 section to
2L/LPS section in the state of Kerala on EPC Mode under Bharatmala Pariyojana",NHAI,Ministry of Road Transport & Highways,Roads & Highways,Kerala,09/2022,06/2023,06/2025,03/2027,,1187.47,1265.47,782.54,81.98,2022-09-01,2023-06-01,2025-06-01,2027-03-01,,0.06568586995882002,24.014454664914584,44.973718791064385,20.9592641261498,,20.9592641261498,0.6183789422111943,2022,14.484874359599901,1,0.6589977009945513,LOW
1343,618709,"4L of Left-Over Works of Hospet-Bellary -Karnataka/AP border from Km.280.080
Dec.Ch. to Km.375450Des.Ch. of NH-63 New-67",NHAI,Ministry of Road Transport & Highways,Roads & Highways,Karnataka,03/2023,05/2023,05/2025,04/2028,,1340.15,992.6,929.02,92.51,2023-03-01,2023-05-01,2025-05-01,2028-04-01,,-0.25933664142073654,24.014454664914584,59.03416557161629,35.019710906701704,,35.019710906701704,0.935946000402982,2023,14.48654199545995,1,0.6932209081073014,MEDIUM
1344,618710,DL/UP Border - EPE Crossing Pkg-02,NHAI,Ministry of Road Transport & Highways,Roads & Highways,Uttar Pradesh,09/2020,05/2021,11/2023,08/2026,,2002.79,1889.78,1739.72,100.0,2020-09-01,2021-05-01,2023-11-01,2026-08-01,,-0.05642628533196191,30.02628120893561,63.00919842312746,32.98291721419184,,32.98291721419184,0.920593931568754,2020,20.0279,1,0.8686482357111829,MEDIUM
1345,618711,"6L with access control provision Saharanpur bypass to Ganeshpur section from 13.89
Km to 41.820 Km of Delhi- Dehradun Economic Corridor package-2",NHAI,Ministry of Road Transport & Highways,Roads & Highways,"Multi-States (Uttar
Pradesh,
Uttarakhand)",04/2022,11/2022,11/2024,08/2026,,796.65,560.03,508.43,99.29,2022-04-01,2022-11-01,2024-11-01,2026-08-01,,-0.29701876608297245,24.014454664914584,44.973718791064385,20.9592641261498,,20.9592641261498,0.9078620788172063,2022,8.023466612951959,0,0.6382100043933974,LOW
1346,618712,"6L Access Controlled Greenfield Highway from Kodur Ch. 0000 to Vanavolu Ch.
24300 of [NH-544G] Package-1",NHAI,Ministry of Road Transport & Highways,Roads & Highways,Andhra Pradesh,01/2023,02/2024,02/2026,03/2027,,912.94,798.25,357.89,87.65,2023-01-01,2024-02-01,2026-02-01,2027-03-01,,-0.12562709488027696,24.014454664914584,36.925098554533506,12.910643889618921,,12.910643889618921,0.448343250861259,2023,10.415744438106104,0,0.3920191907463798,LOW
1347,618713,"6L Access Controlled Greenfield Highway from Yerragudipadu Ch. 129000 to
Audireddipalle Ch. 160000 of [NH 544G] Package-6",NHAI,Ministry of Road Transport & Highways,Roads & Highways,Andhra Pradesh,02/2023,02/2024,02/2026,11/2027,,1200.42,1019.69,282.16,47.2,2023-02-01,2024-02-01,2026-02-01,2027-11-01,,-0.15055563885973244,24.014454664914584,44.973718791064385,20.9592641261498,,20.9592641261498,0.27671154958860045,2023,25.432627118644067,1,0.2350510654604222,LOW
1348,618714,"6L Access Controlled Greenfield Highway from Nallacheruvu palli Ch. 96300 to
Yerragudipadu Ch. 129000 of [NH-544G] Package-5",NHAI,Ministry of Road Transport & Highways,Roads & Highways,Andhra Pradesh,02/2022,02/2024,02/2026,06/2027,,1253.26,1095.78,389.19,67.05,2022-02-01,2024-02-01,2026-02-01,2027-06-01,,-0.1256562883998532,24.014454664914584,39.94743758212878,15.932982917214193,,15.932982917214193,0.35517165854459837,2022,18.691424310216256,1,0.3105421061870641,LOW
1349,618715,"6L Access Controlled Greenfield Highway from Odulapalle Ch. 72000 to Nallacheruvu-
palli Ch. 96300 of [NH-544G]Package-4",NHAI,Ministry of Road Transport & Highways,Roads & Highways,Andhra Pradesh,01/2023,02/2024,02/2026,04/2027,,1058.9,946.1,403.17,76.97,2023-01-01,2024-02-01,2026-02-01,2027-04-01,,-0.10652563981490232,24.014454664914584,37.943495400788436,13.929040735873851,,13.929040735873851,0.4261388859528591,2023,13.757308042094325,1,0.3807441684767211,LOW
1350,618716,"6L Access Controlled Greenfield Highway from Vankarakunta Ch. 45700 to Odulapalle
Ch. 72000 of [NH-544G]Package-3",NHAI,Ministry of Road Transport & Highways,Roads & Highways,Andhra Pradesh,12/2022,03/2024,03/2026,03/2027,,992.91,888.07,351.23,77.21,2022-12-01,2024-03-01,2026-03-01,2027-03-01,,-0.10558862333947681,23.98160315374507,35.972404730617605,11.990801576872535,,11.990801576872535,0.39549810262704516,2022,12.859862712083928,0,0.3537380024372804,LOW
1351,618717,"6L Access Controlled Greenfield Highway from Vanavolu Ch. 24300 to Vankarakunta
Ch. 45700 of [NH-544G] Package-2",NHAI,Ministry of Road Transport & Highways,Roads & Highways,Andhra Pradesh,01/2023,03/2024,03/2026,02/2027,,750.81,626.91,261.4,87.24,2023-01-01,2024-03-01,2026-03-01,2027-02-01,,-0.16502177648140007,23.98160315374507,35.05256241787122,11.070959264126152,,11.070959264126152,0.4169657526598714,2023,8.606258596973865,0,0.3481573234240354,LOW
1352,618718,"6L Access Controlled Greenfield Highway from Kavulakuntla Ch. 196000 to
Narayanmpet Ch. 203500Package-09",NHAI,Ministry of Road Transport & Highways,Roads & Highways,Andhra Pradesh,02/2023,02/2025,02/2027,12/2027,,1092.18,956.4,242.13,54.56,2023-02-01,2025-02-01,2027-02-01,2027-12-01,,-0.12432016700543874,23.98160315374507,33.93561103810775,9.954007884362682,,9.954007884362682,0.253168130489335,2023,20.017961876832846,1,0.22169422622644616,LOW
1353,618719,"6L Access Controlled Greenfield Highway from Mallapalle Ch. 176000 to
Kavulakuntla Ch. 196000 Package-08",NHAI,Ministry of Road Transport & Highways,Roads & Highways,Andhra Pradesh,02/2023,02/2024,02/2026,07/2027,,909.02,751.81,290.04,65.92,2023-02-01,2024-02-01,2026-02-01,2027-07-01,,-0.17294448967019432,24.014454664914584,40.93298291721419,16.918528252299605,,16.918528252299605,0.3857889626368365,2023,13.789745145631068,0,0.31906888737321515,LOW
1354,618720,"6L Access Controlled Greenfield Highway from Audireddipalle Ch. 160000 to
Mallapalle Ch. 176000Package-07",NHAI,Ministry of Road Transport & Highways,Roads & Highways,Andhra Pradesh,02/2023,03/2024,03/2026,04/2027,,987.1,848.06,338.45,73.78,2023-02-01,2024-03-01,2026-03-01,2027-04-01,,-0.1408570560226928,23.98160315374507,36.990801576872535,13.009198423127465,,13.009198423127465,0.399087328726741,2023,13.378964489021415,0,0.34287306250633165,LOW
1355,618721,"6L Access Controlled Greenfield Highway from Chandrasekharapuram Ch. 228000 to
Polavaram Ch. 260000of [NH-544G] Package-11",NHAI,Ministry of Road Transport & Highways,Roads & Highways,Andhra Pradesh,02/2023,02/2024,02/2026,08/2027,,1292.65,1110.33,358.41,64.2,2023-02-01,2024-02-01,2026-02-01,2027-08-01,,-0.14104359261981214,24.014454664914584,41.95137976346912,17.936925098554536,,17.936925098554536,0.3227959255356516,2023,20.134735202492212,1,0.2772676285150659,LOW
1356,618722,"6L access Controlled Greenfield Highway from Gogwan Jalalpur Shamli to Ranipur
Barsi Saharanpur of Shamli -Ambala section Package-I Design Ch. Form km 00.600
to km 45.500",NHAI,Ministry of Road Transport & Highways,Roads & Highways,Uttar Pradesh,06/2022,05/2023,05/2025,03/2027,,1843.59,1247.55,759.32,68.2,2022-06-01,2023-05-01,2025-05-01,2027-03-01,,-0.32330398841390984,24.014454664914584,45.992115637319316,21.97766097240473,,21.97766097240473,0.6086489519458138,2022,27.032111436950146,1,0.4118703182377861,LOW
1357,618723,"6L access Controlled Greenfield Highway from Ranipur Barsi to Adhoya Musalmana
section of Shamli -Ambala Package-II Design Ch. Form km 45.500 to km 84.400",NHAI,Ministry of Road Transport & Highways,Roads & Highways,"Multi-States
(Haryana, Uttar
Pradesh)",06/2022,05/2023,05/2025,02/2027,,1554.21,1241.89,847.9,82.75,2022-06-01,2023-05-01,2025-05-01,2027-02-01,,-0.20095096544225036,24.014454664914584,45.072273324572926,21.05781865965834,,21.05781865965834,0.6827496799233426,2022,18.78199395770393,1,0.5455504725873594,LOW
1358,618724,"6L Greenfield Varanasi-Ranchi-Kolkata Highway from Anarbansalea village to
Sagrampur village From KM. 151200 to KM. 184700Package-7",NHAI,Ministry of Road Transport & Highways,Roads & Highways,"Multi-States
(Bihar, Jharkhand)",03/2023,07/2025,06/2027,06/2027,,1719.2,1723.42,340.33,28.16,2023-03-01,2025-07-01,2027-06-01,2027-06-01,,0.0024546300604932686,22.996057818659658,22.996057818659658,0.0,,0.0,0.19747362801870696,2023,61.05113636363637,1,0.19795835272219636,LOW
1359,618725,"6L Greenfield Varanasi-Ranchi-Kolkata Highway from Pachmon village to
Anarbansalea village From KM. 116000 to KM. 151200 Package-6",NHAI,Ministry of Road Transport & Highways,Roads & Highways,Bihar,03/2023,09/2025,09/2027,09/2027,,1915.99,1920.21,431.04,24.8,2023-03-01,2025-09-01,2027-09-01,2027-09-01,,0.0022025167145966456,23.98160315374507,23.98160315374507,0.0,,0.0,0.22447544799787525,2023,77.25766129032257,1,0.22496985892410712,LOW
1360,618726,"6L Greenfield Varanasi-Ranchi-Kolkata Highway from junction with Chandauli-
Chainpur Road near Khainti village to junction with Bhabhua-Adhaura road near Palka
village from Km. 27.000 to Km. 54.000 Pkg-2",NHAI,Ministry of Road Transport & Highways,Roads & Highways,Bihar,03/2023,10/2025,10/2027,10/2027,,1240.93,1341.52,252.44,26.77,2023-03-01,2025-10-01,2027-10-01,2027-10-01,,0.08106017261247606,23.98160315374507,23.98160315374507,0.0,,0.0,0.18817460790744828,2023,46.35524841240195,1,0.20342807410571104,LOW
1361,618727,"6L Greenfield Varanasi-Ranchi-Kolkata Highway from junction with Bhabhua-Adhaura
road in Bhairopur village to Konki village From KM. 54.000 to KM. 90.000Pkg-3",NHAI,Ministry of Road Transport & Highways,Roads & Highways,Bihar,03/2023,10/2025,10/2027,10/2027,,1576.94,1711.44,328.2,26.31,2023-03-01,2025-10-01,2027-10-01,2027-10-01,,0.08529176760054281,23.98160315374507,23.98160315374507,0.0,,0.0,0.19176833543682512,2023,59.93690611934626,1,0.20812459573604575,LOW
1362,618728,"6L Greenfield Varanasi-Ranchi-Kolkata Highway from junction with NH-19 & Varanasi
Ring Road near Rewasa village to junction with Chandauli-Chainpur road near Khainti
village from Km. 0.000 to Km. 27.000 - Pkg-1",NHAI,Ministry of Road Transport & Highways,Roads & Highways,"Multi-States
(Bihar, Uttar
Pradesh)",03/2023,11/2024,11/2026,05/2027,,1433.39,1564.15,559.01,47.63,2023-03-01,2024-11-01,2026-11-01,2027-05-01,,0.09122430043463396,23.98160315374507,29.927726675427067,5.946123521681997,,5.946123521681997,0.3573889972189368,2023,30.094268318286794,1,0.3899915584732696,LOW
1363,618729,"6 Lane Greenfield Varanasi- Ranchi- Kolkata Highway from Donoreshan village to
junction with NH-20 in Bongabar village from km 288.600 to km 325.500 Pkg -11",NHAI,Ministry of Road Transport & Highways,Roads & Highways,Jharkhand,03/2023,07/2026,07/2028,07/2028,,1856.12,1856.12,261.78,0.0,2023-03-01,2026-07-01,2028-07-01,2028-07-01,,0.0,24.014454664914584,24.014454664914584,0.0,,0.0,0.14103613990474753,2023,1856.12,1,0.14103613990474753,LOW
1364,618730,"6 Lane Greenfield Varanasi- Ranchi- Kolkata Highway from Deoria village to
Donoreshan village from km 253.000 to km 288.600 Pkg -10",NHAI,Ministry of Road Transport & Highways,Roads & Highways,Jharkhand,03/2023,05/2026,05/2028,05/2028,,1546.27,1546.27,183.44,5.65,2023-03-01,2026-05-01,2028-05-01,2028-05-01,,0.0,24.014454664914584,24.014454664914584,0.0,,0.0,0.11863387377366177,2023,273.67610619469025,1,0.11863387377366177,LOW
1365,618731,"6 Lane Greenfield Varanasi- Ranchi- Kolkata Highway from Chatra to junction with
NH- 100 in Deoria village from km 222.000 to km 253.000 Pkg -9",NHAI,Ministry of Road Transport & Highways,Roads & Highways,Jharkhand,03/2023,07/2026,07/2028,07/2028,,1418.16,1418.16,143.72,0.0,2023-03-01,2026-07-01,2028-07-01,2028-07-01,,0.0,24.014454664914584,24.014454664914584,0.0,,0.0,0.10134258475771421,2023,1418.16,1,0.10134258475771421,LOW
1366,618732,"6L Greenfield Varanasi- Ranchi- Kolkata Highway from Sonepurbigha village to
junction with NH- 22 Chatra Bypass near Chatra from km 184.700 to km 222.000Pkg -
8",NHAI,Ministry of Road Transport & Highways,Roads & Highways,"Multi-States
(Bihar, Jharkhand)",03/2023,05/2026,05/2028,05/2028,,1728.17,1728.17,200.25,3.94,2023-03-01,2026-05-01,2028-05-01,2028-05-01,,0.0,24.014454664914584,24.014454664914584,0.0,,0.0,0.11587401702378816,2023,438.62182741116754,1,0.11587401702378816,LOW
1367,618733,"6L Greenfield Varanasi- Ranchi- Kolkata Highway from junction with NH-20 in
Bongabar village to junction with NH-30 in Lepo village from km 325.500 to km
358.500 Pkg -12",NHAI,Ministry of Road Transport & Highways,Roads & Highways,Jharkhand,03/2023,07/2026,07/2028,07/2028,,1525.52,1525.52,218.28,0.1,2023-03-01,2026-07-01,2028-07-01,2028-07-01,,0.0,24.014454664914584,24.014454664914584,0.0,,0.0,0.14308563637317112,2023,15255.199999999999,1,0.14308563637317112,LOW
1368,618734,"6L Greenfield Varanasi- Ranchi- Kolkata Highway from junction with NH-320 in Lepo
village to Kamlapur villageJH/WB border from km 358.500 to km 387.200 Pkg -13",NHAI,Ministry of Road Transport & Highways,Roads & Highways,"Multi-States
(Jharkhand, West
Bengal)",03/2023,09/2025,09/2027,09/2027,,1154.49,1319.18,330.27,24.76,2023-03-01,2025-09-01,2027-09-01,2027-09-01,,0.14265173366594777,23.98160315374507,23.98160315374507,0.0,,0.0,0.2503600721660425,2023,46.62722132471728,1,0.2860743705012603,LOW
1369,618735,"4L of Chandesara to Khedakhajuriya from Km. 0.000 to - 750 & Km 0.000 to km
41.400 of NH-148NG Pkg-I",NHAI,Ministry of Road Transport & Highways,Roads & Highways,Madhya Pradesh,12/2021,09/2022,05/2024,09/2026,,909.84,976.55,587.81,99.0,2021-12-01,2022-09-01,2024-05-01,2026-09-01,,0.07332058383891664,19.97371879106439,47.99605781865966,28.02233902759527,,28.02233902759527,0.6019251446418514,2021,9.190303030303031,0,0.6460586476743163,MEDIUM
1370,618736,"4L Elevated corridor of Kalimandir-Dimna Chowk-Baliguma Jamshedpur Section of
NH-33 New NH-18 from km 241940 to km 251961 Length 10.021 km",NHAI,Ministry of Road Transport & Highways,Roads & Highways,Jharkhand,03/2024,09/2024,03/2027,03/2027,,936.26,832.2,328.76,49.5,2024-03-01,2024-09-01,2027-03-01,2027-03-01,,-0.11114434024736712,29.927726675427067,29.927726675427067,0.0,,0.0,0.3950492670031242,2024,18.914343434343433,0,0.351141776856856,LOW
1371,618737,"Grade separated Interchanges at Km. 113.730 junction with Ranchi Hazaribagh Road
& Km. 139.225 junction with Ranchi Jamshedpur road on 4L Ranchi Bypass of NH-33",NHAI,Ministry of Road Transport & Highways,Roads & Highways,Jharkhand,01/2025,12/2025,12/2027,12/2027,,303.53,5.58,4.98,0.0,2025-01-01,2025-12-01,2027-12-01,2027-12-01,,-0.9816163146970646,23.98160315374507,23.98160315374507,0.0,,0.0,0.89247311827957,2025,303.53,0,0.01640694494778111,LOW
1372,618738,"6L Bridge and its approaches across River Ganga as Part of Patna Ring Road NH-
131G starting from Km 8.480 near Sherpur to Km 23.000 near Dighwara",NHAI,Ministry of Road Transport & Highways,Roads & Highways,Bihar,09/2022,09/2023,09/2027,03/2029,,6291.69,3351.62,734.19,22.05,2022-09-01,2023-09-01,2027-09-01,2029-03-01,,-0.467294161028277,47.99605781865966,65.9658344283837,17.969776609724043,,17.969776609724043,0.21905526282812493,2022,285.33741496598634,1,0.11669201756602758,LOW
1373,618739,"4L Greenfield Alignment of Amas to Shivrampur from 0.000 Km. to 55.002 Km. of NH
119 D Pkg-I",NHAI,Ministry of Road Transport & Highways,Roads & Highways,Bihar,02/2022,03/2023,03/2025,07/2027,,1390.92,1427.43,642.43,54.8,2022-02-01,2023-03-01,2025-03-01,2027-07-01,,0.026248813734794228,24.014454664914584,52.00394218134034,27.989487516425758,,27.989487516425758,0.45006059841813606,2022,25.38175182481752,1,0.4618741552353837,MEDIUM
1374,618740,"4L Greenfield Alignment of Shivrampur to Ramnagar from Km. 55.002 to Km.
109.300 of NH 119 D Pkg-II",NHAI,Ministry of Road Transport & Highways,Roads & Highways,Bihar,02/2022,07/2023,07/2025,11/2027,,1494.31,1546.07,702.39,50.8,2022-02-01,2023-07-01,2025-07-01,2027-11-01,,0.03463806037569179,24.014454664914584,52.03679369250985,28.02233902759527,,28.02233902759527,0.454306726086141,2022,29.415551181102362,1,0.47004302989339564,MEDIUM
1375,618741,4L Greenfield Alignment from Kalyanapur to Tal Dashraha of NH-119D Pkg-III,NHAI,Ministry of Road Transport & Highways,Roads & Highways,Bihar,03/2022,02/2023,02/2025,03/2028,,1857.58,1969.3,957.28,36.25,2022-03-01,2023-02-01,2025-02-01,2028-03-01,,0.06014276639498704,24.014454664914584,60.939553219448094,36.925098554533506,,36.925098554533506,0.48610166048849845,2022,51.24358620689655,1,0.5153371590994735,MEDIUM
1376,618742,"Construction of 6-lane Greenfield corridor from Ramnagar to Kacchi Dargah NH-119D
from Km 109700 to Km 122300, including widening of the existing NH-31 from Km
196700 to Km 198600, as part of the Amas-Darbhanga",NHAI,Ministry of Road Transport & Highways,Roads & Highways,Bihar,01/2025,04/2026,04/2028,04/2028,,1113.46,1113.46,12.44,0.8,2025-01-01,2026-04-01,2028-04-01,2028-04-01,,0.0,24.014454664914584,24.014454664914584,0.0,,0.0,0.011172381585328614,2025,1391.825,1,0.011172381585328614,LOW
1377,618743,Trichy 135.800 to Karur 218.000 section of NH-67 - Trichy Bypass,NHAI,Ministry of Road Transport & Highways,Roads & Highways,Tamil Nadu,12/2006,01/2008,06/2026,,07/2010,876.88,360.88,336.71,100.0,2006-12-01,2008-01-01,2026-06-01,,2010-07-01,-0.5884499589453517,220.9592641261498,,0.0,29.96057818659658,-120.0,0.9330248281977388,2006,8.7688,0,0.3839864063497856,LOW
1378,618744,4L of Thirumangalam to Vadugapatti section from km 0.000 to km 36.000 of NH-744,NHAI,Ministry of Road Transport & Highways,Roads & Highways,Tamil Nadu,03/2022,02/2023,02/2025,08/2026,,1076.97,791.6,685.52,95.95,2022-03-01,2023-02-01,2025-02-01,2026-08-01,,-0.2649748832372304,24.014454664914584,41.95137976346912,17.936925098554536,,17.936925098554536,0.8659929257200606,2022,11.224283480979677,1,0.63652655134312,LOW
1379,618745,"4L of Vadugapatti to Therkuvenganallur Rajapalyam section from km 36.000 to
km 71.600 of NH-744",NHAI,Ministry of Road Transport & Highways,Roads & Highways,Tamil Nadu,02/2022,04/2023,06/2026,,04/2025,1317.6,1137.16,954.04,100.0,2022-02-01,2023-04-01,2026-06-01,,2025-04-01,-0.1369459623557983,38.009198423127465,,0.0,24.014454664914584,-13.99474375821288,0.8389672517499736,2022,13.175999999999998,1,0.7240740740740741,LOW
1380,618746,"Khammam-Devarapalle Pkg I [4L Access Controlled Greenfield from Thallampadu
village to Somavaram village Design Chainage 0000 to 33604]",NHAI,Ministry of Road Transport & Highways,Roads & Highways,Telangana,01/2021,10/2022,10/2024,10/2026,,797.36,1337.18,684.62,97.26,2021-01-01,2022-10-01,2024-10-01,2026-10-01,,0.6770091301294272,24.014454664914584,47.99605781865966,23.981603153745073,,23.981603153745073,0.5119879148656127,2021,8.19823154431421,0,0.8586084077455604,MEDIUM-HIGH
1381,618747,"Khammam-Devarapalle Pkg III [4L Access Controlled Greenfield from Chintagudem
village to Recherla village Design Chainage 63117 to 105236]",NHAI,Ministry of Road Transport & Highways,Roads & Highways,"Multi-States
(Andhra Pradesh,
Telangana)",01/2021,09/2022,09/2024,08/2026,,829.5,1227.07,649.55,98.82,2021-01-01,2022-09-01,2024-09-01,2026-08-01,,0.4792887281494876,24.014454664914584,46.97766097240473,22.963206307490143,,22.963206307490143,0.5293504038074437,2021,8.394049787492412,0,0.7830620855937311,MEDIUM
1382,618748,"Khammam-Devarapalle Pkg IV [4L Access Controlled Greenfield from Recherla
village to Gurvaygudem village Design Chainage 105236 to 132664]",NHAI,Ministry of Road Transport & Highways,Roads & Highways,Andhra Pradesh,11/2020,09/2022,01/2026,,09/2024,569.37,752.02,499.99,100.0,2020-11-01,2022-09-01,2026-01-01,,2024-09-01,0.320793157349351,40.01314060446781,,0.0,24.014454664914584,-15.998685939553223,0.6648626366320045,2020,5.6937,0,0.8781460210407995,LOW
1383,618749,"Khammam-Devarapalle Pkg V [4L Access Controlled Greenfield from Gurvaygudem
village to Devarapalle village Design Chainage 132664 to 162126",NHAI,Ministry of Road Transport & Highways,Roads & Highways,Andhra Pradesh,12/2020,09/2022,09/2024,07/2026,,711.94,926.48,566.96,100.0,2020-12-01,2022-09-01,2024-09-01,2026-07-01,,0.3013456190128381,24.014454664914584,45.959264126149804,21.94480946123522,,21.94480946123522,0.6119506087557206,2020,7.119400000000001,0,0.7963592437564964,MEDIUM
1384,618751,"2L PS of Hinotiya-Mehulwa section of NH-346 from Km. 27.000 to Km 75.700 Vidisha
Mehulwa-Talbehat Pkg-II Section of NH- 346",NHAI,Ministry of Road Transport & Highways,Roads & Highways,Madhya Pradesh,10/2022,09/2023,09/2025,03/2027,,581.65,592.71,273.7,69.04,2022-10-01,2023-09-01,2025-09-01,2027-03-01,,0.01901487148628911,24.014454664914584,41.95137976346912,17.936925098554536,,17.936925098554536,0.4617772603802871,2022,8.424826187717263,0,0.4705578956417089,LOW
1385,618754,"Upgradation of 2L/4L with Paved Shoulder of Shirwal-Lonand Section from KM
159900 To KM 188025 of NH-965DD Section I and 2L With Paved Shoulder of
Lonand-Satara Section from KM 51500 To KM 96246 Of NH-965D Section II in Satara
District in the State of Maharashtra on EPC Mode under NHO-",NHAI,Ministry of Road Transport & Highways,Roads & Highways,Maharashtra,03/2025,06/2025,06/2027,06/2027,,538.11,307.24,160.77,43.57,2025-03-01,2025-06-01,2027-06-01,2027-06-01,,-0.42903867239040344,23.98160315374507,23.98160315374507,0.0,,0.0,0.5232717094128368,2025,12.350470507229746,0,0.2987679099068964,LOW
1386,618755,"4L of left out existing road section from Lalgopalganj Km 161.450 to Nawabganj
Km 180.200 in Prayagraj",NHAI,Ministry of Road Transport & Highways,Roads & Highways,"Multi-States (Rajasthan,
Uttar Pradesh)",03/2024,04/2025,04/2026,,03/2026,159.53,100.74,93.24,100.0,2024-03-01,2025-04-01,2026-04-01,,2026-03-01,-0.36852002758101926,11.990801576872535,,0.0,10.972404730617608,-1.0183968462549267,0.9255509231685527,2024,1.5953,0,0.5844668714348398,LOW
1387,618756,Melur - Pilayarpatti - Karaikudi from km 99.920 of NH 38 to km 12.9 of NH 383 Ext,NHAI,Ministry of Road Transport & Highways,Roads & Highways,Tamil Nadu,12/2018,03/2020,03/2022,08/2026,,1103.86,1085.41,956.44,98.12,2018-12-01,2020-03-01,2022-03-01,2026-08-01,,-0.01671407606036981,23.98160315374507,77.00394218134034,53.022339027595265,,53.022339027595265,0.8811785408278899,2018,11.250101916021197,1,0.8664504556737269,MEDIUM
1388,618757,"6L access controlled Highway from Km 40080 to Km 86513 Mator to Barodameo
Section",NHAI,Ministry of Road Transport & Highways,Roads & Highways,Rajasthan,09/2022,03/2024,03/2026,06/2027,,2010.2,1565.88,708.28,37.27,2022-09-01,2024-03-01,2026-03-01,2027-06-01,,-0.22103273306138688,23.98160315374507,38.99474375821288,15.013140604467807,,15.013140604467807,0.45232073977571713,2022,53.9361416689026,1,0.352343050442742,LOW
1389,618758,"6L accesscontrolled highway from km 0000 to km 40080 Paniyala to Mator Section of
Paniyala-Barodameo ICR",NHAI,Ministry of Road Transport & Highways,Roads & Highways,Rajasthan,09/2022,09/2024,09/2026,08/2026,,1764.86,1239.24,571.41,42.75,2022-09-01,2024-09-01,2026-09-01,2026-08-01,,-0.29782532325510236,23.98160315374507,22.963206307490143,-1.0183968462549267,,-1.0183968462549267,0.46109712404376874,2022,41.28327485380117,1,0.32377072402343526,LOW
1390,618759,4L PS Mydukur - Badvel from Km 585.820 to Km 630.960 of NH-67,NHAI,Ministry of Road Transport & Highways,Roads & Highways,Andhra Pradesh,05/2022,09/2023,09/2025,10/2026,,1063.57,1103.87,585.79,90.4,2022-05-01,2023-09-01,2025-09-01,2026-10-01,,0.0378912530439933,24.014454664914584,36.990801576872535,12.97634691195795,,12.97634691195795,0.5306693722992744,2022,11.765154867256635,1,0.5507770997677632,LOW
1391,618760,"4L Greenfield a Malout bypass from ch. Km 44.500 to ch. Km 35.500 on NH-07
and Ch. Km 0.000 to Km 6.984 on NH-09 bMandi Dabwali Bypass from Ch.
38.450 Km to Km 27.910 Pkg-02",NHAI,Ministry of Road Transport & Highways,Roads & Highways,"Multi-States (Punjab,
Haryana)",11/2021,12/2022,01/2026,,07/2024,646.42,556.09,571.11,100.0,2021-11-01,2022-12-01,2026-01-01,,2024-07-01,-0.13973886946567238,37.023653088042046,,0.0,18.988173455978973,-18.035479632063073,1.0270100163642575,2021,6.4642,0,0.8834967977475945,LOW
1392,618761,"4L Spur of Meerut-Garh-Mukteshwar section connecting NH-119 and NH-58
bypassing Meerut Town of NH 709 A",NHAI,Ministry of Road Transport & Highways,Roads & Highways,Uttar Pradesh,10/2021,02/2023,02/2025,08/2026,,991.89,977.73,865.93,96.98,2021-10-01,2023-02-01,2025-02-01,2026-08-01,,-0.014275776547802647,24.014454664914584,41.95137976346912,17.936925098554536,,17.936925098554536,0.8856535035234676,2021,10.227778923489378,0,0.873010112008388,LOW
1393,618762,Itarsi Km. 63.000 to Betul Km. 137.000 of NH-69 in Madhya Pradesh,NHAI,Ministry of Road Transport & Highways,Roads & Highways,Madhya Pradesh,08/2017,02/2018,02/2020,08/2026,,950.27,788.33,663.67,100.0,2017-08-01,2018-02-01,2020-02-01,2026-08-01,,-0.17041472423626963,23.98160315374507,101.93823915900131,77.95663600525624,,77.95663600525624,0.8418682531427193,2017,9.502699999999999,0,0.6984015069401328,MEDIUM
1394,618764,Moga - Bagha Purana - Bajakhana from km. 0.00 to km. 43.32,NHAI,Ministry of Road Transport & Highways,Roads & Highways,Punjab,05/2020,12/2022,12/2024,12/2026,,1032.59,1264.17,799.77,76.0,2020-05-01,2022-12-01,2024-12-01,2026-12-01,,0.2242710078540371,24.014454664914584,47.99605781865966,23.981603153745073,,23.981603153745073,0.6326443437195947,2020,13.58671052631579,1,0.774528128298744,MEDIUM
1395,618765,4L of Karimnagar-Warangal section from km 49.500 to km 117.820 of NH-563,NHAI,Ministry of Road Transport & Highways,Roads & Highways,Telangana,03/2022,07/2023,07/2025,08/2026,,2146.86,2486.51,1272.62,92.4,2022-03-01,2023-07-01,2025-07-01,2026-08-01,,0.15820780116076505,24.014454664914584,37.023653088042046,13.009198423127462,,13.009198423127462,0.5118097252775978,2022,23.234415584415583,1,0.5927820165264618,LOW
1396,618766,"Up-gradation to Four Lane with Paved Shoulder configuration of the highway starting
from existing km 88.400 Savali Vihir to km 163.400 start of Ahmednagar bypass
Design Length 75.000 km section of NH-160 in the State of Maharashtra under
Bharatmala Pariyojana on EPC Mode",NHAI,Ministry of Road Transport & Highways,Roads & Highways,Maharashtra,10/2024,04/2025,04/2027,04/2027,,862.0,617.93,298.45,48.55,2024-10-01,2025-04-01,2027-04-01,2027-04-01,,-0.2831438515081207,23.98160315374507,23.98160315374507,0.0,,0.0,0.4829835094590002,2024,17.754891864057672,0,0.34622969837587003,LOW
1397,618768,"Four laning of Agra-Aligarh Section from Km. 0.000 Junction of NH-34 Aligarh Km
144.60 to Km. 28.000 near Asroi village in Hathras of NH-509 Package-I",NHAI,Ministry of Road Transport & Highways,Roads & Highways,Uttar Pradesh,06/2024,03/2026,03/2028,11/2028,,1309.08,1309.08,310.08,3.96,2024-06-01,2026-03-01,2028-03-01,2028-11-01,,0.0,24.014454664914584,32.06307490144547,8.048620236530883,,8.048620236530883,0.23686864057200477,2024,330.57575757575756,1,0.23686864057200477,LOW
1398,618769,Walajahpet/Ranipet to TN/AP Border Section of from Km.106.800 to Km.133.36 NH-4,NHAI,Ministry of Road Transport & Highways,Roads & Highways,"Multi-States
(Andhra Pradesh,
Tamil Nadu)",12/2024,09/2025,09/2027,09/2027,,1338.14,1214.7,240.77,15.58,2024-12-01,2025-09-01,2027-09-01,2027-09-01,,-0.09224744795013978,23.98160315374507,23.98160315374507,0.0,,0.0,0.19821355067094756,2024,85.88831835686779,1,0.17992885647241694,LOW
1399,618770,"4L Spur of Panipat - Shamli connecting NH-709AD Panipat Shamli
Muzaffarnagar and NH-709A Karnal Meerut bypassing Shamli district UP",NHAI,Ministry of Road Transport & Highways,Roads & Highways,Uttar Pradesh,10/2021,10/2022,05/2025,,10/2024,516.16,273.42,247.21,100.0,2021-10-01,2022-10-01,2025-05-01,,2024-10-01,-0.47028053316800983,30.97897503285151,,0.0,24.014454664914584,-6.964520367936924,0.9041401506839295,2021,5.1616,0,0.47894063856168634,LOW
1400,618771,"6L of Varadharajula to Kumarajapet from km 0.000 to km 43.800 of NH-716B
Pkg-I",NHAI,Ministry of Road Transport & Highways,Roads & Highways,"Multi-States (Andhra
Pradesh, Tamil Nadu)",02/2021,12/2022,02/2026,,12/2024,1924.75,1887.38,1120.2,100.0,2021-02-01,2022-12-01,2026-02-01,,2024-12-01,-0.019415508507598333,38.042049934296976,,0.0,24.014454664914584,-14.027595269382392,0.5935211775053248,2021,19.2475,1,0.5819976620340305,LOW
1401,618772,"6L of Kumarajapet to Veera Kaveri Raja Puram from km 43.800 to km 61.380 of NH-
716B Pkg-II",NHAI,Ministry of Road Transport & Highways,Roads & Highways,"Multi-States
(Andhra Pradesh,
Tamil Nadu)",02/2021,10/2023,10/2025,09/2026,,702.52,799.36,405.81,99.8,2021-02-01,2023-10-01,2025-10-01,2026-09-01,,0.13784660934920007,24.014454664914584,35.019710906701704,11.00525624178712,,11.00525624178712,0.5076686349079264,2021,7.039278557114229,0,0.577649034902921,LOW
1402,618773,Tuticorin - Tirunelveli from km. 0.00 to km. 47.250,NHAI,Ministry of Road Transport & Highways,Roads & Highways,Tamil Nadu,11/2009,04/2010,06/2014,,04/2012,449.85,452.48,2.8,100.0,2009-11-01,2010-04-01,2014-06-01,,2012-04-01,0.005846393242191831,50.0,,0.0,24.014454664914584,-25.985545335085416,0.0061881188118811875,2009,4.4985,0,0.00622429698788485,LOW
1403,618774,Ara - Mohania Pkg-II,NHAI,Ministry of Road Transport & Highways,Roads & Highways,Bihar,08/2020,01/2021,11/2025,,07/2023,984.63,827.51,798.25,100.0,2020-08-01,2021-01-01,2025-11-01,,2023-07-01,-0.1595726313437535,57.98291721419185,,0.0,29.927726675427067,-28.055190538764784,0.9646409106838588,2020,9.8463,0,0.8107106222642008,LOW
1404,618775,Ara Bypass,NHAI,Ministry of Road Transport & Highways,Roads & Highways,Bihar,03/2025,10/2025,04/2027,04/2027,,226.32,226.32,5.95,25.78,2025-03-01,2025-10-01,2027-04-01,2027-04-01,,0.0,17.969776609724047,17.969776609724047,0.0,,0.0,0.026290208554259457,2025,8.7788983708301,0,0.026290208554259457,LOW
1405,618776,4L of Greenfield section from Sirhind to Mohali,NHAI,Ministry of Road Transport & Highways,Roads & Highways,Punjab,03/2022,05/2023,05/2025,09/2026,,1237.65,1301.15,1391.6,98.66,2022-03-01,2023-05-01,2025-05-01,2026-09-01,,0.05130691229345938,24.014454664914584,40.04599211563732,16.031537450722734,,16.031537450722734,1.0695154286592627,2022,12.544597607946484,1,1.1243889629539852,LOW
1406,618777,"4L of Pileru to Kalur Section from Km 55.900 to Km 92.800 & Km 94.500 to Km
95.717 of NH-71Package-II",NHAI,Ministry of Road Transport & Highways,Roads & Highways,Andhra Pradesh,03/2022,10/2023,11/2025,08/2026,,1877.47,592.85,246.42,98.84,2022-03-01,2023-10-01,2025-11-01,2026-08-01,,-0.6842293085908163,25.03285151116951,34.00131406044678,8.96846254927727,,8.96846254927727,0.41565320064097155,2022,18.995042492917847,1,0.13125109855283973,LOW
1407,618778,4L of Madanapalle to Pileru Section from Km 0.000 to Km 55.900 of NH-71Package-I,NHAI,Ministry of Road Transport & Highways,Roads & Highways,Andhra Pradesh,02/2022,01/2023,01/2025,08/2026,,1877.47,1994.1,1182.65,94.9,2022-02-01,2023-01-01,2025-01-01,2026-08-01,,0.06212083282289458,24.014454664914584,42.96977660972404,18.95532194480946,,18.95532194480946,0.5930745699814454,2022,19.783667017913594,1,0.6299168561947728,LOW
1408,618779,4L of Aurangabad-Paithan,NHAI,Ministry of Road Transport & Highways,Roads & Highways,Bihar,09/2022,01/2023,12/2025,,07/2024,1505.0,349.96,328.32,100.0,2022-09-01,2023-01-01,2025-12-01,,2024-07-01,-0.767468438538206,34.98685939553219,,0.0,17.969776609724047,-17.017082785808146,0.9381643616413304,2022,15.05,1,0.21815282392026578,LOW
1409,618782,4L of Bareilly-Pilibhit-Sitarganj from Km. 0.000 to Km. 32.500 of NH-30 Pkg-1,NHAI,Ministry of Road Transport & Highways,Roads & Highways,Uttar Pradesh,02/2023,03/2024,03/2026,03/2027,,1394.14,1394.14,622.58,64.12,2023-02-01,2024-03-01,2026-03-01,2027-03-01,,0.0,23.98160315374507,35.972404730617605,11.990801576872535,,11.990801576872535,0.44656921112657266,2023,21.742669993761698,1,0.44656921112657266,LOW
1410,618783,4-laning of Pilibhit - Sitarganj from Km. 32.500 to Km. 70.800 Pkg-2 of NH-30,NHAI,Ministry of Road Transport & Highways,Roads & Highways,"Multi-States (Uttar
Pradesh,
Uttarakhand)",01/2023,03/2024,03/2026,10/2027,,1471.19,1471.19,470.11,44.41,2023-01-01,2024-03-01,2026-03-01,2027-10-01,,0.0,23.98160315374507,43.00262812089356,19.02102496714849,,19.02102496714849,0.3195440425777772,2023,33.12744877279892,1,0.3195440425777772,LOW
1411,618784,"Balance works of 4 lane divided carriageway of Missing Link section of NH-39 Rewa
Bypass from junction with NH 30 near Bela to Junction with MPRDC ring road near
Silpara on SH 9 design length 13.100 km on EPC Mode under Bharatmala Pariyojana
in the State of Madhya Pradesh",NHAI,Ministry of Road Transport & Highways,Roads & Highways,Madhya Pradesh,08/2023,04/2024,04/2026,01/2027,,355.36,355.36,253.13,84.44,2023-08-01,2024-04-01,2026-04-01,2027-01-01,,0.0,23.98160315374507,33.01576872536137,9.034165571616299,,9.034165571616299,0.71231990094552,2023,4.208432022738039,0,0.71231990094552,LOW
1412,618785,"4/6L Greenfield LudhianaRupnagar highway from Jn. with NE-5 village near to
ManewalLudhiana to Jn. with NH-205 near Bheora Village Rupnagar from Km 66.0 to
Km 91.0 i/c spur to Kharar from Km 0.0 to Km 19.5 with Ludhiana bypass of NH-205K
Pkg-3",NHAI,Ministry of Road Transport & Highways,Roads & Highways,Punjab,07/2021,02/2023,02/2025,12/2026,,1501.02,1815.13,1162.52,80.25,2021-07-01,2023-02-01,2025-02-01,2026-12-01,,0.20926436689717667,24.014454664914584,45.959264126149804,21.94480946123522,,21.94480946123522,0.6404610138116829,2021,18.70429906542056,1,0.7744866823893086,MEDIUM
1413,618786,4L of Phagwara - Hoshiarpur,NHAI,Ministry of Road Transport & Highways,Roads & Highways,Punjab,11/2022,03/2025,03/2027,07/2027,,1196.38,1503.79,556.23,20.03,2022-11-01,2025-03-01,2027-03-01,2027-07-01,,0.2569501329009176,23.98160315374507,27.989487516425754,4.007884362680684,,4.007884362680684,0.3698854228316454,2022,59.72940589116326,1,0.4649275313863488,LOW
1414,618787,"Upgradation to 4L PS from Bhimasar, Junction of NH-41 to Anjar- Bhuj upto Airport
Junction from Km 0.000 to Km 65.478 of NH-341",NHAI,Ministry of Road Transport & Highways,Roads & Highways,Gujarat,03/2022,01/2023,06/2025,03/2027,,1373.06,1687.25,837.85,96.0,2022-03-01,2023-01-01,2025-06-01,2027-03-01,,0.228824668987517,28.97503285151117,49.93429697766097,20.9592641261498,,20.9592641261498,0.4965772707067714,2022,14.302708333333333,1,0.610206400302973,MEDIUM
1415,618788,4L Greenfield Jalbhera Shahbad section from km. 0.000 to km. 22.850 of NH-152G,NHAI,Ministry of Road Transport & Highways,Roads & Highways,Haryana,03/2022,06/2023,05/2025,08/2026,,927.22,1173.66,550.65,87.05,2022-03-01,2023-06-01,2025-05-01,2026-08-01,,0.2657837406440759,22.996057818659658,38.009198423127465,15.013140604467807,,15.013140604467807,0.4691733551454424,2022,10.651579551981621,0,0.5938720044865295,MEDIUM
1416,618789,6L of IT City Chowk to Kurali Chandigarh Road,National Highways Authority of India [NHAI],Ministry of Road Transport & Highways,Roads & Highways,Punjab,03/2021,10/2022,12/2025,,10/2024,1525.31,1936.54,1695.39,100.0,2021-03-01,2022-10-01,2025-12-01,,2024-10-01,0.2696042116028873,38.009198423127465,,0.0,24.014454664914584,-13.99474375821288,0.8754737831390006,2021,15.2531,1,1.111505202221188,LOW
1417,618790,"Construction of four laning of Bakarpur- Manikpur road section starting from village
Chitarsenpur km 0000 and terminating at SH-74 near Manikpur 38814 at NH-139W
under Bharatmalapariyona",NHAI,Ministry of Road Transport & Highways,Roads & Highways,Bihar,03/2023,10/2024,04/2027,09/2027,,1422.37,1537.99,635.91,49.0,2023-03-01,2024-10-01,2027-04-01,2027-09-01,,0.08128686628655,29.96057818659658,34.98685939553219,5.026281208935611,,5.026281208935611,0.4134682280118856,2023,29.027959183673467,1,0.44707776457602455,LOW
1418,618791,4L PS under NH configuration of Manikpur-Sahebganj of NH-139W,NHAI,Ministry of Road Transport & Highways,Roads & Highways,Bihar,10/2024,01/2026,12/2027,12/2027,,1538.76,1538.76,595.95,27.5,2024-10-01,2026-01-01,2027-12-01,2027-12-01,,0.0,22.963206307490143,22.963206307490143,0.0,,0.0,0.3872923652811355,2024,55.95490909090909,1,0.3872923652811355,LOW
1419,618792,4L Bhiwani-Hansi road section of NH-148B,NHAI,Ministry of Road Transport & Highways,Roads & Highways,Haryana,11/2022,12/2023,12/2025,08/2026,,1330.23,1144.21,455.86,99.5,2022-11-01,2023-12-01,2025-12-01,2026-08-01,,-0.1398404787142073,24.014454664914584,31.99737187910644,7.982917214191854,,7.982917214191854,0.39840588703122676,2022,13.369145728643216,1,0.3426926170662216,LOW
1420,618793,"4L of Fazilka to Abohar section of NH-07 including construction of Greenfield Abohar
& Fazilka Bypasses",NHAI,Ministry of Road Transport & Highways,Roads & Highways,Punjab,03/2023,04/2024,04/2026,08/2027,,1409.88,1674.04,913.89,67.0,2023-03-01,2024-04-01,2026-04-01,2027-08-01,,0.18736346355718206,23.98160315374507,39.98028909329829,15.99868593955322,,15.99868593955322,0.5459188549855439,2023,21.042985074626866,1,0.6482041024768065,LOW
1421,618794,Amritsarairport Junction - Ramdas from km. 100.835 to km. 139.813 Pkg - IV,NHAI,Ministry of Road Transport & Highways,Roads & Highways,Punjab,12/2020,03/2022,09/2023,09/2026,,524.88,416.58,395.48,96.0,2020-12-01,2022-03-01,2023-09-01,2026-09-01,,-0.20633287608596254,18.035479632063073,54.040735873850196,36.00525624178712,,36.00525624178712,0.9493494646886553,2020,5.4675,0,0.7534674592287761,MEDIUM
1422,618795,Amritsar Bypass Pkg III from km. 71.496 to km. 105.158,NHAI,Ministry of Road Transport & Highways,Roads & Highways,Punjab,02/2021,08/2022,08/2024,12/2026,,1474.77,1228.42,1222.67,82.88,2021-02-01,2022-08-01,2024-08-01,2026-12-01,,-0.16704299653505286,24.014454664914584,52.00394218134034,27.989487516425758,,27.989487516425758,0.9953191905048762,2021,17.794039575289577,1,0.8290580904140985,MEDIUM
1423,618796,"Tanot -Ramgarh-Bhadasar-Jaisalmer NH-68 and BhadasarMokal-Sarkaritala up to
Pakisthan Border NH-968 Pkg-BM/5",NHAI,Ministry of Road Transport & Highways,Roads & Highways,Rajasthan,02/2018,04/2019,04/2021,08/2026,,828.58,830.37,755.88,100.0,2018-02-01,2019-04-01,2021-04-01,2026-08-01,,0.0021603224794225825,24.014454664914584,88.00919842312746,63.99474375821288,,63.99474375821288,0.910293001914809,2018,8.2858,0,0.9122595283497067,MEDIUM
1424,618797,"Widening Strengthening of 2-Lane with Paved Shoulder from MyajlarJaisalmer from
Design Chainage 0000 to 98350 Section of NH-11 & SundraMyajlarAmbasingh ki
Dhani Road from Design Chainage 46000 to 81601, part of MunabaoTanot Road
Section of NH-70 along with Strengthening/Widening of Existing Connection of NH-70
& NH-11 of length 0.914 km in the State of Rajasthan under NHO on Hybrid Annuity
Mode",NHAI,Ministry of Road Transport & Highways,Roads & Highways,Rajasthan,03/2025,12/2025,12/2027,12/2027,,1237.71,927.02,94.08,21.22,2025-03-01,2025-12-01,2027-12-01,2027-12-01,,-0.2510200289243846,23.98160315374507,23.98160315374507,0.0,,0.0,0.10148648357101249,2025,58.32752120640905,1,0.07601134352958286,LOW
1425,618798,4L of Sonauli - Gorakhpur,NHAI,Ministry of Road Transport & Highways,Roads & Highways,Uttar Pradesh,12/2021,03/2023,03/2025,09/2026,,2555.5,2275.43,1328.22,89.0,2021-12-01,2023-03-01,2025-03-01,2026-09-01,,-0.10959499119546083,24.014454664914584,42.04993429697766,18.035479632063076,,18.035479632063076,0.583722637040032,2021,28.713483146067414,1,0.5197495597730386,LOW
1426,618799,"Belakeri Port to Kumta - Sirsi road from km 0.00 - km 4.265 of Belekeri Port Road Link
Rd. and km 4.965 - km 60.00 of SH-69",NHAI,Ministry of Road Transport & Highways,Roads & Highways,Karnataka,03/2018,12/2020,12/2022,11/2026,,440.16,456.79,471.12,95.23,2018-03-01,2020-12-01,2022-12-01,2026-11-01,,0.03778171573973099,23.98160315374507,70.99211563731932,47.010512483574246,,47.010512483574246,1.0313710895597539,2018,4.622072876194476,0,1.0703380588876772,MEDIUM
1427,618800,"Construction of New Double Tier 4L Elevated Corridor from Chennai Port to
Maduravoyal in Chennai District from km -0.342 to Km 20.593 and Package II from
Km 4.604 to Km 9.700",NHAI,Ministry of Road Transport & Highways,Roads & Highways,Tamil Nadu,03/2023,11/2023,05/2026,03/2029,,1616.97,1616.97,250.4,18.13,2023-03-01,2023-11-01,2026-05-01,2029-03-01,,0.0,29.96057818659658,63.96189224704336,34.001314060446774,,34.001314060446774,0.1548575421931143,2023,89.18753447324876,1,0.1548575421931143,MEDIUM
1428,618801,"Construction of New Double Tier 4-lane Elevated Corridor from Chennai Port to
Maduravoyal in Chennai District from Km -0342 to Km 20223 Package 1 from Km -
0342 to Km 4604",NHAI,Ministry of Road Transport & Highways,Roads & Highways,Tamil Nadu,03/2023,11/2023,05/2026,03/2029,,1388.59,1388.59,275.2,22.8,2023-03-01,2023-11-01,2026-05-01,2029-03-01,,0.0,29.96057818659658,63.96189224704336,34.001314060446774,,34.001314060446774,0.19818664976702988,2023,60.90307017543859,1,0.19818664976702988,MEDIUM
1429,618803,"Development of 4L Road from Samarlakota to Achampeta Junction as part of
Kakinada Port Connectivity to NH-16 Rajanagaram Junction in East Godavari District",NHAI,Ministry of Road Transport & Highways,Roads & Highways,Andhra Pradesh,09/2022,08/2023,08/2025,12/2026,,645.63,750.2,680.09,93.0,2022-09-01,2023-08-01,2025-08-01,2026-12-01,,0.16196583182318053,24.014454664914584,40.01314060446781,15.998685939553223,,15.998685939553223,0.9065449213543055,2022,6.942258064516129,0,1.0533742236265353,LOW
1430,618804,Dedicated Port road to Krishnapatnam Port Package-I from Km. 0.000 to Km. 18.000,NHAI,Ministry of Road Transport & Highways,Roads & Highways,Andhra Pradesh,03/2018,12/2018,12/2020,03/2027,,348.72,341.36,310.54,80.19,2018-03-01,2018-12-01,2020-12-01,2027-03-01,,-0.02110575820142238,24.014454664914584,98.94875164257556,74.93429697766098,,74.93429697766098,0.9097140848371221,2018,4.34867190422746,0,0.8905138793301216,MEDIUM
1431,618805,6L Connectivity to Port Road from Sabbavaram Sheelanagar-NH516C,NHAI,Ministry of Road Transport & Highways,Roads & Highways,Andhra Pradesh,12/2024,02/2026,02/2028,02/2028,,977.33,977.33,155.51,7.2,2024-12-01,2026-02-01,2028-02-01,2028-02-01,,0.0,23.98160315374507,23.98160315374507,0.0,,0.0,0.15911718662069105,2024,135.74027777777778,0,0.15911718662069105,LOW
1432,618806,"Improvement of 4L road to 6L road and 4L dedicated Port Roads for the Port
connectivity road from Convent junction to Sheelanagar Junction",NHAI,Ministry of Road Transport & Highways,Roads & Highways,Andhra Pradesh,01/2023,02/2024,02/2026,12/2026,,685.99,680.21,493.92,79.0,2023-01-01,2024-02-01,2026-02-01,2026-12-01,,-0.008425778801440215,24.014454664914584,33.96846254927726,9.954007884362678,,9.954007884362678,0.7261286955499037,2023,8.683417721518987,0,0.7200104957798219,LOW
1433,618807,"4L Greenfield Road connecting North and South industrial cluster of Khandaleru Creek
near Krishnapatnam port at Thamminapatnam to Mollur from Km 0.0 to Km 16.046,
Part I & 6L extension of dedicated port road of NH-67 Km 18.0 to Km 19.3, Part II",NHAI,Ministry of Road Transport & Highways,Roads & Highways,Andhra Pradesh,08/2022,09/2023,09/2025,01/2027,,609.43,559.98,579.22,84.03,2022-08-01,2023-09-01,2025-09-01,2027-01-01,,-0.0811413944177345,24.014454664914584,40.01314060446781,15.998685939553223,,15.998685939553223,1.0343583699417835,2022,7.252528858740925,0,0.9504290894770524,LOW
1434,618808,6L Elevated Kona Expressway from Km. 0.145 to Km. 7.337 of NH-117,NHAI,Ministry of Road Transport & Highways,Roads & Highways,West Bengal,03/2023,06/2024,12/2026,12/2027,,1212.56,1203.11,433.18,39.99,2023-03-01,2024-06-01,2026-12-01,2027-12-01,,-0.0077934287787821185,29.993429697766096,41.98423127463863,11.990801576872535,,11.990801576872535,0.36005020322331294,2023,30.32158039509877,1,0.35724417760770605,LOW
1435,618809,"4L of Beas-Mehta-Batala-Dera Baba Nanak from intersection with Jalandhar-Amritsar
Highway NH-3 near Beas till start of Batala Bypass near Village Acchhal from Km.
0.000 to Km. 31.300 Pkg-1",NHAI,Ministry of Road Transport & Highways,Roads & Highways,Punjab,08/2021,06/2023,06/2025,05/2027,,809.51,966.99,670.85,68.2,2021-08-01,2023-06-01,2025-06-01,2027-05-01,,0.1945374362268533,24.014454664914584,46.97766097240473,22.963206307490143,,22.963206307490143,0.6937507109690897,2021,11.869648093841642,0,0.8287111956615731,LOW
1436,618810,"4L of existing Beas Baba Bakala - Dera Baba Nanak Section from start of Batala
Bypass till intersection with Ajnala Gurdaspur Highway NH 354 near Dera Baba
Nanak from Km. 31.300 to Km. 69.100 with Additional batala Bypass Pkg-II",NHAI,Ministry of Road Transport & Highways,Roads & Highways,Punjab,10/2021,06/2023,06/2025,03/2027,,1003.38,993.6,800.86,80.9,2021-10-01,2023-06-01,2025-06-01,2027-03-01,,-0.009747054954254592,24.014454664914584,44.973718791064385,20.9592641261498,,20.9592641261498,0.8060185185185185,2021,12.402719406674906,1,0.7981622117243716,LOW
1437,618811,"4L Access Controlled Greenfield Highway Section Mancherial Warangal from
Pangidipalle village at Design Ch. 72.350 Km to Oorugonda village at Design Ch.
112.240 KmPackage-III",NHAI,Ministry of Road Transport & Highways,Roads & Highways,Telangana,03/2023,10/2025,10/2027,01/2028,,1183.71,1170.64,209.72,5.63,2023-03-01,2025-10-01,2027-10-01,2028-01-01,,-0.011041555786467915,23.98160315374507,27.003942181340342,3.0223390275952724,,3.0223390275952724,0.17914986673956124,2023,210.25044404973357,1,0.1771717734918181,LOW
1438,618812,"4L Access Controlled Greenfield Section Mancherial Warangal from Puttapaka village
at Design Ch. 35.300 Km to Pangidipalle village at Design Ch. 72.350 KmPackage-II",NHAI,Ministry of Road Transport & Highways,Roads & Highways,Telangana,01/2023,06/2025,06/2027,12/2027,,1129.33,1145.41,210.45,9.04,2023-01-01,2025-06-01,2027-06-01,2027-12-01,,0.014238530810303593,23.98160315374507,29.993429697766096,6.011826544021027,,6.011826544021027,0.18373333566146619,2023,124.92588495575221,1,0.18634942842216182,LOW
1439,618813,"4L Access Controlled Greenfield Section Mancherial Warangal from Narva village at
Design Ch. 3.834 Km to Puttapaka village at Design Ch. 35.300 Km Package-I",NHAI,Ministry of Road Transport & Highways,Roads & Highways,Telangana,03/2023,12/2024,12/2026,10/2027,,1127.9,1104.27,161.67,11.28,2023-03-01,2024-12-01,2026-12-01,2027-10-01,,-0.02095043886869413,23.98160315374507,33.96846254927726,9.986859395532193,,9.986859395532193,0.14640441196446521,2023,99.99113475177306,1,0.14333717528149656,LOW
1440,618814,"4L Access Controlled Greenfield Highway section on NH163G Warangal-Khammam
from Oorugonda village in Hanamkonda District at Design Ch. 112.240 Km to
Venkatpur village in Warangal District at Design Ch. 150.240 KmPackage-I",NHAI,Ministry of Road Transport & Highways,Roads & Highways,Telangana,03/2023,06/2025,06/2027,05/2028,,1142.6,1140.82,160.19,0.5,2023-03-01,2025-06-01,2027-06-01,2028-05-01,,-0.0015578505163661585,23.98160315374507,34.98685939553219,11.005256241787123,,11.005256241787123,0.14041654248698304,2023,2285.2,1,0.14019779450376335,LOW
1441,618815,"4L Access Controlled Greenfield Highway section on NH-163G Warangal-Khammam
from Venkatpur village in Warangal District at Design Ch. 150.240 Km to
Thallasenkesa village in Mahabubabed District at Design Ch. 189.650 kmPackage-II",NHAI,Ministry of Road Transport & Highways,Roads & Highways,Telangana,03/2023,04/2024,04/2026,03/2027,,1092.88,1083.11,408.59,77.65,2023-03-01,2024-04-01,2026-04-01,2027-03-01,,-0.008939682307298339,23.98160315374507,34.95400788436268,10.972404730617612,,10.972404730617612,0.37723776901699735,2023,14.074436574372184,1,0.37386538320767143,LOW
1442,618816,"4L Access Controlled Greenfield Highway section on NH-163G Warangal-Khammam
from Thallasenkesa village at Design Ch. 189.650 km to V.Vekatayapalem village in
Khammam District at Design Ch. 220.480 KmPackage-III",NHAI,Ministry of Road Transport & Highways,Roads & Highways,Telangana,03/2023,07/2025,07/2027,07/2027,,1105.25,1098.05,168.28,10.11,2023-03-01,2025-07-01,2027-07-01,2027-07-01,,-0.006514363266229401,23.98160315374507,23.98160315374507,0.0,,0.0,0.1532534948317472,2023,109.32245301681505,1,0.152255145894594,LOW
1443,618817,"4L Access Controlled Greenfield Highway section on NH-163G Khammam Vijayawada
from V. Venkatayapalem village at Design Ch. 220.480 Km to BrahmanapalliK village
at Design Ch. 250.400 Km Package-I",NHAI,Ministry of Road Transport & Highways,Roads & Highways,Telangana,03/2023,03/2025,03/2027,06/2027,,973.45,1021.96,271.03,45.89,2023-03-01,2025-03-01,2027-03-01,2027-06-01,,0.04983306795418356,23.98160315374507,27.003942181340342,3.0223390275952724,,3.0223390275952724,0.2652060746017456,2023,21.212682501634344,0,0.2784221069392367,LOW
1444,618818,"4L Access Controlled Greenfield Highway section on NH-163G Khammam Vijayawada
from Remidicherla village at Design Ch. 280.200 Km to Jakkampudi village on NH-16
at Design Ch. 309.909 Km Package-III",NHAI,Ministry of Road Transport & Highways,Roads & Highways,"Multi-States
(Andhra Pradesh,
Telangana)",03/2023,10/2025,05/2027,12/2027,,1183.23,1225.14,228.68,5.8,2023-03-01,2025-10-01,2027-05-01,2027-12-01,,0.03541999442204819,18.95532194480946,25.985545335085412,7.030223390275953,,7.030223390275953,0.18665621888110745,2023,204.0051724137931,1,0.19326758111271689,LOW
1445,618819,"Balance work of Panikoili Rimoli Section of new NH-20 from Km 0.00 to Km.
163.000",NHAI,Ministry of Road Transport & Highways,Roads & Highways,Odisha,09/2020,03/2021,12/2023,,03/2022,183.03,200.79,185.4,100.0,2020-09-01,2021-03-01,2023-12-01,,2022-03-01,0.09703327323389603,33.01576872536137,,0.0,11.990801576872535,-21.024967148488834,0.923352756611385,2020,1.8303,0,1.0129486969349286,LOW
1446,618820,"Rehabilitation and Up gradation from 4 to 8 laning of Chandikhole Paradip Section of
NH-53 Old NH 5A from Km.39.000 to Km.60.00 Package-3",NHAI,Ministry of Road Transport & Highways,Roads & Highways,Odisha,03/2023,12/2023,12/2025,03/2027,,861.84,938.55,395.96,92.02,2023-03-01,2023-12-01,2025-12-01,2027-03-01,,0.0890072403230297,24.014454664914584,38.96189224704336,14.947437582128774,,14.947437582128774,0.4218848223323211,2023,9.365790045642253,0,0.4594356261022927,LOW
1447,618821,"Rehabilitation and Up gradation from 4 to 8 laning of Chandikhole Paradip Section of
NH-53 Old NH 5A from Km 18.00 to Km 39.00 in the State of Odisha on HAM mode
Package-2",NHAI,Ministry of Road Transport & Highways,Roads & Highways,Odisha,03/2023,12/2023,12/2025,11/2026,,920.47,950.4,424.45,98.22,2023-03-01,2023-12-01,2025-12-01,2026-11-01,,0.032515997262268136,24.014454664914584,35.019710906701704,11.00525624178712,,11.00525624178712,0.44660143097643096,2023,9.371512930156792,0,0.4611231218833856,LOW
1448,618822,"Rehabilitation and Up gradation from 4 to 8 laning of Chandikhole Paradip Section of
NH-53 Old NH 5A from Km.0.00 to Km.18.00Package-1",NHAI,Ministry of Road Transport & Highways,Roads & Highways,Odisha,03/2023,12/2023,12/2025,01/2027,,929.91,869.45,398.91,96.75,2023-03-01,2023-12-01,2025-12-01,2027-01-01,,-0.06501704466023586,24.014454664914584,37.023653088042046,13.009198423127462,,13.009198423127462,0.4588072919661855,2023,9.611472868217055,0,0.4289769977739782,LOW
1449,618823,"4 laning of Barasat - Barajaguli Section of NH-12 from Km. 31.000 to Km. 48.679 in
the district of North 24 - Parganas",NHAI,Ministry of Road Transport & Highways,Roads & Highways,West Bengal,02/2024,08/2024,02/2026,10/2027,,352.01,346.39,97.88,43.52,2024-02-01,2024-08-01,2026-02-01,2027-10-01,,-0.015965455526831637,18.035479632063073,37.97634691195795,19.940867279894874,,19.940867279894874,0.2825716677733191,2024,8.088465073529411,0,0.2780602823783415,LOW
1450,618824,"Development to 4-laning of the de-scoped stretches from Km 115.342 to Km 191.700
of NH-34 in Nadia District 3.962 & Murshidabad District 5.538 pertaining to Krishnagar
to Berhampore section of NH-34 New NH-12 , in the state of West Bengal under NHO",NHAI,Ministry of Road Transport & Highways,Roads & Highways,West Bengal,03/2024,07/2024,01/2026,06/2027,,201.1,197.74,64.63,54.79,2024-03-01,2024-07-01,2026-01-01,2027-06-01,,-0.016708105420188888,18.035479632063073,34.98685939553219,16.95137976346912,,16.95137976346912,0.32684332962475976,2024,3.670377806169009,0,0.3213823968175037,LOW
1451,618825,"Bridge over Ganga River at d/s of Farraka Barrage including Approaches connecting
Farakka-Raiganj",NHAI,Ministry of Road Transport & Highways,Roads & Highways,West Bengal,08/2018,12/2018,12/2021,09/2026,,622.04,646.1,628.08,96.71,2018-08-01,2018-12-01,2021-12-01,2026-09-01,,0.03867918461835262,36.00525624178712,93.00262812089356,56.99737187910644,,56.99737187910644,0.9721095805602848,2018,6.432013235446179,0,1.0097099864960455,MEDIUM
1452,618826,"4 Laning of NH-544D from Km 0.000 to km 37.000 of Anantapur- Muchukota section
Pkg-1",NHAI,Ministry of Road Transport & Highways,Roads & Highways,Andhra Pradesh,10/2022,07/2023,07/2025,08/2026,,907.76,905.98,468.12,92.34,2022-10-01,2023-07-01,2025-07-01,2026-08-01,,-0.0019608707147263293,24.014454664914584,37.023653088042046,13.009198423127462,,13.009198423127462,0.5167001479061348,2022,9.83062594758501,0,0.5156869657178109,LOW
1453,618827,"4 Laning of NH-544D from Km 37.000 to km 69.000 of Muchukota- Bugga section
Pkg-2",NHAI,Ministry of Road Transport & Highways,Roads & Highways,Andhra Pradesh,10/2022,08/2023,08/2025,12/2026,,1097.57,1055.23,466.9,84.92,2022-10-01,2023-08-01,2025-08-01,2026-12-01,,-0.03857612726295354,24.014454664914584,40.01314060446781,15.998685939553223,,15.998685939553223,0.4424627806260246,2022,12.924752708431464,1,0.4253942800914748,LOW
1454,618828,4L from Km 219.600 Khajuri to Km 260.483 Wyndhamganj on NH-75 Sec-V,NHAI,Ministry of Road Transport & Highways,Roads & Highways,"Multi-States (Uttar
Pradesh, Jharkhand)",03/2022,09/2023,05/2026,,09/2025,1436.49,1465.55,959.96,100.0,2022-03-01,2023-09-01,2026-05-01,,2025-09-01,0.020229865853573604,31.964520367936924,,0.0,24.014454664914584,-7.950065703022339,0.6550168878578009,2022,14.3649,1,0.6682677916309895,LOW
1455,618829,"4L from km 196.87 Sankha to km 219.6 Khajuri on NH-75 [Rehla / Garhwa
Bypass]",NHAI,Ministry of Road Transport & Highways,Roads & Highways,Jharkhand,09/2020,10/2021,03/2025,,10/2023,1129.48,1129.48,790.59,100.0,2020-09-01,2021-10-01,2025-03-01,,2023-10-01,0.0,40.9658344283837,,0.0,23.98160315374507,-16.98423127463863,0.6999592732939052,2020,11.2948,1,0.6999592732939052,LOW
1456,618830,4L from Km 147.450 Bhogu to Km 196.870 Sankha on NH-75 Sec-III,NHAI,Ministry of Road Transport & Highways,Roads & Highways,Jharkhand,10/2022,11/2023,11/2025,03/2027,,1517.87,1652.09,1131.52,76.95,2022-10-01,2023-11-01,2025-11-01,2027-03-01,,0.08842654509279453,24.014454664914584,39.94743758212878,15.932982917214193,,15.932982917214193,0.6849021542409918,2022,19.725406107862245,1,0.7454656854671349,LOW
1457,618831,4L from Km 95.400 Udaipura to Km 147.450 Bhogu on NH-75 Sec-II,NHAI,Ministry of Road Transport & Highways,Roads & Highways,Jharkhand,03/2023,10/2024,10/2026,03/2027,,1436.8,1301.54,419.62,29.2,2023-03-01,2024-10-01,2026-10-01,2027-03-01,,-0.09413975501113585,23.98160315374507,28.942181340341655,4.960578186596585,,4.960578186596585,0.3224026921953993,2023,49.205479452054796,1,0.29205178173719376,LOW
1458,618832,4L from Km 55.00 Kuru to Km 95.400 Udaipura on NH-75 Sec-I,NHAI,Ministry of Road Transport & Highways,Roads & Highways,Jharkhand,02/2024,01/2026,01/2028,01/2028,,1274.82,1274.82,253.64,11.1,2024-02-01,2026-01-01,2028-01-01,2028-01-01,,0.0,23.98160315374507,23.98160315374507,0.0,,0.0,0.19896142200467518,2024,114.84864864864865,1,0.19896142200467518,LOW
1459,618833,"Kodinar - Veraval Package VI from km. 221.610 to km. 263.00 of NH-8E & km.
120.900 to km. 121.150 of NH-8D",NHAI,Ministry of Road Transport & Highways,Roads & Highways,Gujarat,02/2016,02/2018,07/2020,05/2026,05/2026,894.01,1127.42,730.06,100.0,2016-02-01,2018-02-01,2020-07-01,2026-05-01,2026-05-01,0.2610820908043535,28.942181340341655,98.91590013140605,69.97371879106439,98.91590013140605,69.97371879106439,0.6475492717886856,2016,8.9401,0,0.8166127895661122,MEDIUM-HIGH
1460,618834,"4L Kodinar - Veraval Package VI from km. 222.400 to km. 230.00 Kodinar
Bypass of NH-8E NH 51 new",NHAI,Ministry of Road Transport & Highways,Roads & Highways,Gujarat,03/2022,04/2022,05/2025,,09/2023,162.73,192.01,189.95,100.0,2022-03-01,2022-04-01,2025-05-01,,2023-09-01,0.1799299453081792,36.990801576872535,,0.0,17.017082785808146,-19.97371879106439,0.989271392114994,2022,1.6273,0,1.1672709395931913,LOW
1461,618835,"4L of Bal Works of Talaja - Mahuva from 54.990 km. to 100.450 km. of Old NH-
8E Package-II",NHAI,Ministry of Road Transport & Highways,Roads & Highways,Gujarat,08/2020,03/2021,05/2024,,09/2022,698.4,735.51,726.01,100.0,2020-08-01,2021-03-01,2024-05-01,,2022-09-01,0.05313573883161514,38.009198423127465,,0.0,18.035479632063073,-19.973718791064393,0.9870837921986105,2020,6.984,0,1.0395332187857962,LOW
1462,618836,4L of Ratnagiri - Kolhapur section from km 67.140 to km 112.340 of NH-166 Pkg II,NHAI,Ministry of Road Transport & Highways,Roads & Highways,Maharashtra,02/2022,05/2023,05/2025,01/2027,,1985.38,1798.0,1239.53,81.57,2022-02-01,2023-05-01,2025-05-01,2027-01-01,,-0.09437991719469326,24.014454664914584,44.053876478318,20.03942181340342,,20.03942181340342,0.6893937708565072,2022,24.339585631972543,1,0.6243288438485327,LOW
1463,618837,4L of Ratnagiri - Kolhapur section from km 112.340 to km 145.300 of NH-166 PkgIII,NHAI,Ministry of Road Transport & Highways,Roads & Highways,Maharashtra,02/2022,05/2023,05/2025,01/2027,,1939.23,1910.41,1079.17,68.95,2022-02-01,2023-05-01,2025-05-01,2027-01-01,,-0.0148615687669848,24.014454664914584,44.053876478318,20.03942181340342,,20.03942181340342,0.5648892122633361,2022,28.125163161711384,1,0.5564940723895567,LOW
1464,618838,"4L of Karwar Km. 281.980 of NH-62 Nagaur road to Dangiyavas of Jodhpur Ring
Road Pkg-II",NHAI,Ministry of Road Transport & Highways,Roads & Highways,Rajasthan,11/2021,08/2022,08/2024,08/2026,,736.75,512.77,463.98,100.0,2021-11-01,2022-08-01,2024-08-01,2026-08-01,,-0.3040108585001697,24.014454664914584,47.99605781865966,23.981603153745073,,23.981603153745073,0.9048501277375822,2021,7.3675,0,0.6297658635900917,LOW
1465,618839,Aunta - Simaria including Ganga Bridge,NHAI,Ministry of Road Transport & Highways,Roads & Highways,Bihar,01/2017,08/2018,03/2026,,02/2022,1309.47,2107.68,1209.46,100.0,2017-01-01,2018-08-01,2026-03-01,,2022-02-01,0.6095672294897935,90.9658344283837,,0.0,42.04993429697766,-48.91590013140604,0.5738347377210963,2017,13.0947,1,0.9236255889787471,MEDIUM
1466,618840,Simaria Km. 206.050 to Khagaria Km. 266.282,NHAI,Ministry of Road Transport & Highways,Roads & Highways,Bihar,12/2015,10/2016,04/2019,10/2026,,664.02,891.64,814.22,97.73,2015-12-01,2016-10-01,2019-04-01,2026-10-01,,0.34279087979277734,29.96057818659658,119.97371879106439,90.01314060446781,,90.01314060446781,0.9131712350275897,2015,6.794433643712268,0,1.2261980060841542,MEDIUM-HIGH
1467,618841,"4L Elevated Section and at-grade improvements at Begusarai town Simaria - Khagaria
section from Km. 221.047 to Km. 225.302 of NH-31",NHAI,Ministry of Road Transport & Highways,Roads & Highways,Bihar,10/2021,06/2022,12/2024,08/2026,,491.04,348.38,354.17,95.72,2021-10-01,2022-06-01,2024-12-01,2026-08-01,,-0.2905262300423591,30.02628120893561,50.0,19.97371879106439,,19.97371879106439,1.0166197829955796,2021,5.129962390305057,0,0.7212650700553926,LOW
1468,618842,"2L PS Greenfield bypass lalganj ajhara, mohanganj and Raniganj on Raebareli -
Jaunpur Section Design km 0.00 to Km 53177 of NH-31",NHAI,Ministry of Road Transport & Highways,Roads & Highways,Uttar Pradesh,12/2024,06/2026,06/2028,12/2026,,1280.68,1280.68,199.56,0.0,2024-12-01,2026-06-01,2028-06-01,2026-12-01,,0.0,24.014454664914584,6.011826544021025,-18.00262812089356,,-18.00262812089356,0.15582346878220946,2024,1280.68,1,0.15582346878220946,LOW
1469,618843,"Construction of two lane with paved shoulders bypass to Mungrabadshapur town
starting from near Kodahu at Km 47/225 of NH-319D and ending near Nauwadandi at
Km 219/720 of NH-31 under NHO in the state of Uttar Pradesh on EPC mode",NHAI,Ministry of Road Transport & Highways,Roads & Highways,Uttar Pradesh,02/2025,09/2025,03/2027,03/2027,,197.6,165.28,54.54,22.79,2025-02-01,2025-09-01,2027-03-01,2027-03-01,,-0.16356275303643722,17.936925098554532,17.936925098554532,0.0,,0.0,0.32998547918683446,2025,8.670469504168494,0,0.27601214574898786,LOW
1470,618844,Viluppuram Km.0.000 to Puducherry Km.29.000,NHAI,Ministry of Road Transport & Highways,Roads & Highways,"Multi-States
(Puducherry, Tamil
Nadu)",03/2018,11/2021,11/2023,09/2026,,1358.31,1162.44,526.41,98.32,2018-03-01,2021-11-01,2023-11-01,2026-09-01,,-0.14420125008282345,23.98160315374507,57.98291721419185,34.00131406044678,,34.00131406044678,0.4528491793124806,2018,13.81519528071603,1,0.3875477615566402,MEDIUM
1471,618845,Puducherry Km.29.000 to Poondiyankuppam Km.67.000,NHAI,Ministry of Road Transport & Highways,Roads & Highways,"Multi-States
(Puducherry, Tamil
Nadu)",03/2018,11/2021,11/2023,09/2026,,1588.4,1415.9,460.45,98.75,2018-03-01,2021-11-01,2023-11-01,2026-09-01,,-0.10859984890455804,23.98160315374507,57.98291721419185,34.00131406044678,,34.00131406044678,0.3251995197400946,2018,16.085063291139242,1,0.2898829010324855,MEDIUM
1472,618846,Poondiyankuppam Km.67.000 to Sattanathapuram Km.123.800,NHAI,Ministry of Road Transport & Highways,Roads & Highways,Tamil Nadu,03/2018,01/2022,01/2024,09/2026,,2565.63,2319.35,1210.2,99.8,2018-03-01,2022-01-01,2024-01-01,2026-09-01,,-0.09599201755514247,23.98160315374507,55.97897503285151,31.99737187910644,,31.99737187910644,0.5217841205510165,2018,25.707715430861725,1,0.4716970100910887,MEDIUM
1473,618847,Sattanathapuram to Nagapattinam from Km 123.800 to Km 179.555,NHAI,Ministry of Road Transport & Highways,Roads & Highways,"Multi-States
(Puducherry, Tamil
Nadu)",03/2018,10/2020,10/2022,12/2026,,2899.77,2899.77,1595.37,85.6,2018-03-01,2020-10-01,2022-10-01,2026-12-01,,0.0,23.98160315374507,73.98160315374507,50.0,,50.0,0.5501712204761067,2018,33.87581775700935,1,0.5501712204761067,MEDIUM
1474,618848,"Construction of Underpass beneath airport runway on NH-31 old NH-56 for proposed
expansion of runway of Babatpur Airport Varanasi",NHAI,Ministry of Road Transport & Highways,Roads & Highways,Uttar Pradesh,02/2025,09/2025,09/2027,09/2027,,649.44,649.44,0.09,22.0,2025-02-01,2025-09-01,2027-09-01,2027-09-01,,0.0,23.98160315374507,23.98160315374507,0.0,,0.0,0.00013858093126385807,2025,29.520000000000003,0,0.00013858093126385807,LOW
1475,618849,"Conversion of Partially Excavated Escape Tunnel to Uni-Directional 2L
Tunnelincluding construction of cross passages and approach roads on either
side of the tunnel from Km 12.732 to Km 14.568 of Kiratpur to Nerchowk Section
of NH-21",NHAI,Ministry of Road Transport & Highways,Roads & Highways,Chhattisgarh,05/2022,09/2022,04/2026,,03/2024,444.21,412.88,394.73,100.0,2022-05-01,2022-09-01,2026-04-01,,2024-03-01,-0.07052970441908103,42.96977660972404,,0.0,17.969776609724047,-24.999999999999996,0.9560404960279016,2022,4.4421,0,0.8886112424303821,LOW
1476,618850,Nerchowk km 190.000 to Pandoh including Pandoh bypass km221.305,NHAI,Ministry of Road Transport & Highways,Roads & Highways,Himachal Pradesh,03/2016,01/2018,07/2020,08/2026,,1464.12,1651.67,1574.85,100.0,2016-03-01,2018-01-01,2020-07-01,2026-08-01,,0.12809742370843932,29.96057818659658,102.95663600525624,72.99605781865966,,72.99605781865966,0.953489498507571,2016,14.6412,1,1.0756290467994427,MEDIUM
1477,618851,Pandoh bypass 221.305 to Takoli 242.000 of NH-21 in the state of Himachal Pradesh,NHAI,Ministry of Road Transport & Highways,Roads & Highways,Himachal Pradesh,06/2017,03/2018,09/2021,03/2027,,3419.95,4465.94,2883.58,95.65,2017-06-01,2018-03-01,2021-09-01,2027-03-01,,0.30584950072369477,42.04993429697766,107.98291721419184,65.93298291721419,,65.93298291721419,0.6456826558350538,2017,35.75483533716675,1,0.8431643737481542,MEDIUM-HIGH
1478,618852,4L Sundar Nagar Bypass from Km.173.900 to Km.179.600 of NH-21,NHAI,Ministry of Road Transport & Highways,Roads & Highways,Himachal Pradesh,02/2022,06/2022,06/2024,08/2026,,191.11,192.11,182.6,100.0,2022-02-01,2022-06-01,2024-06-01,2026-08-01,,0.005232588561561404,24.014454664914584,50.0,25.985545335085416,,25.985545335085416,0.9504971110301389,2022,1.9111000000000002,0,0.9554706713411123,MEDIUM
1479,618853,"Construction of Four lane Elevated Structure at Raniwada Circle in Sanchore City on
NH-68",NHAI,Ministry of Road Transport & Highways,Roads & Highways,Rajasthan,01/2024,07/2024,07/2026,11/2026,,353.3,241.34,192.88,89.37,2024-01-01,2024-07-01,2026-07-01,2026-11-01,,-0.3168978205491084,23.98160315374507,28.02233902759527,4.040735873850199,,4.040735873850199,0.7992044418662467,2024,3.953228152623923,0,0.5459382960656666,LOW
1480,618854,2L PS of Raebareli - Jagdishpur with 4L Jagdishpur Bypass Spur,NHAI,Ministry of Road Transport & Highways,Roads & Highways,Uttar Pradesh,02/2021,01/2022,11/2025,,01/2024,706.41,752.52,534.31,100.0,2021-02-01,2022-01-01,2025-11-01,,2024-01-01,0.06527370790334228,45.992115637319316,,0.0,23.98160315374507,-22.010512483574246,0.710027640461383,2021,7.0641,0,0.7563737772681587,LOW
1481,618855,"Improvement and Up-Gradation of Existing Road to 2/4L PS from Km 40.000 to
88.750, start of Khutar bypass to start of Shahjahanpur bypass of NH 731Pkg-I",NHAI,Ministry of Road Transport & Highways,Roads & Highways,Uttar Pradesh,03/2022,02/2023,03/2026,,02/2025,838.68,838.68,616.56,100.0,2022-03-01,2023-02-01,2026-03-01,,2025-02-01,0.0,36.925098554533506,,0.0,24.014454664914584,-12.910643889618921,0.735155243954786,2022,8.3868,0,0.735155243954786,LOW
1482,618856,"Improvement and Up-Gradation of Existing Road to 4L PS from Km 123.650 to
175.080, from Start of Shahabad Bypass to End of Hardoi bypass of NH 731 Pkg-2B",NHAI,Ministry of Road Transport & Highways,Roads & Highways,Uttar Pradesh,09/2022,11/2023,11/2025,03/2027,,1101.79,1212.26,519.69,68.8,2022-09-01,2023-11-01,2025-11-01,2027-03-01,,0.10026411566632483,24.014454664914584,39.94743758212878,15.932982917214193,,15.932982917214193,0.42869516440367583,2022,16.014389534883723,1,0.4716779059530401,LOW
1483,618858,"Improvement and Up-Gradation of Existing Road to 4L PS from Km 88.750 to
123.650, from Start of Shahjahanpur Bypass to start of Shahabad bypass of NH
731Pkg.-2A",NHAI,Ministry of Road Transport & Highways,Roads & Highways,Uttar Pradesh,09/2022,01/2024,01/2026,03/2027,,955.34,955.34,369.94,70.56,2022-09-01,2024-01-01,2026-01-01,2027-03-01,,0.0,24.014454664914584,37.943495400788436,13.929040735873851,,13.929040735873851,0.3872338643833609,2022,13.539399092970521,0,0.3872338643833609,LOW
1484,618859,"Improvement and Up-Gradation of Existing Road to 4L PS from Km 229.070 to
260.800, End of Hardoi District to Lucknow Ring road of NH 731 Pkg-4",NHAI,Ministry of Road Transport & Highways,Roads & Highways,Uttar Pradesh,09/2021,10/2022,10/2024,08/2026,,575.66,553.61,390.09,99.33,2021-09-01,2022-10-01,2024-10-01,2026-08-01,,-0.03830385991731223,24.014454664914584,45.992115637319316,21.97766097240473,,21.97766097240473,0.7046296129043911,2021,5.795429376824726,0,0.6776395789181113,LOW
1485,618861,Bakhtiyarpur-Rajauli Pkg-II from km. 54.405 to km.101.630,NHAI,Ministry of Road Transport & Highways,Roads & Highways,Bihar,09/2020,04/2021,07/2023,08/2026,,897.45,1397.47,914.25,97.85,2020-09-01,2021-04-01,2023-07-01,2026-08-01,,0.5571563875424814,26.971090670170828,63.99474375821288,37.02365308804205,,37.02365308804205,0.6542179796346255,2020,9.171691364333164,0,1.018719705833194,HIGH
1486,618862,Bakhtiyarpur-Rajauli Pkg-III from km. 101.630 to km.152.520,NHAI,Ministry of Road Transport & Highways,Roads & Highways,Bihar,09/2020,12/2021,06/2024,08/2026,,2156.22,3046.61,1818.91,99.14,2020-09-01,2021-12-01,2024-06-01,2026-08-01,,0.41294023800910873,29.993429697766096,55.97897503285151,25.985545335085412,,25.985545335085412,0.597027515829069,2020,21.749243494048816,1,0.8435642003135118,MEDIUM-HIGH
1487,618863,Barhi-Koderma Section of NH31 km 0.00 - km 27.5,NHAI,Ministry of Road Transport & Highways,Roads & Highways,Jharkhand,02/2017,11/2019,08/2024,08/2026,,662.44,826.59,825.2,98.5,2017-02-01,2019-11-01,2024-08-01,2026-08-01,,0.2477960268099752,56.99737187910644,80.97897503285151,23.98160315374507,,23.98160315374507,0.9983183924315562,2017,6.725279187817259,0,1.2456977235674174,MEDIUM
1488,618864,"4L from Mathura Bypass Start at Existing Km. 154.20 of NH-44 to Gaju Village at
Km 32.982 of NH-530B Pkg-IB",NHAI,Ministry of Road Transport & Highways,Roads & Highways,Uttar Pradesh,01/2022,03/2023,01/2026,,03/2025,1722.11,1820.77,1057.04,100.0,2022-01-01,2023-03-01,2026-01-01,,2025-03-01,0.05729018471526214,34.06701708278581,,0.0,24.014454664914584,-10.052562417871226,0.5805455933478693,2022,17.2211,1,0.6138051576264002,LOW
1489,618865,"4L from Gaju Village at Km. 32.982 to Devinagar Bypass End at Km. 208.000 of
NH-530B Pkg-1C",NHAI,Ministry of Road Transport & Highways,Roads & Highways,Uttar Pradesh,12/2021,01/2023,04/2025,,01/2025,1384.79,1496.44,862.65,100.0,2021-12-01,2023-01-01,2025-04-01,,2025-01-01,0.08062594328381928,26.971090670170828,,0.0,24.014454664914584,-2.956636005256243,0.5764681510785598,2021,13.8479,1,0.6229464395323479,LOW
1490,618866,"Four Lane Highway from Chandan Nagar Existing Km. 59.025 of NH 530B/Design
Km. 179.5000 to Bareilly BypassStartExisting Km. 59.025 of NH 530B/Design Km.
218.000 Section of NH 530B, in the State of Uttar Pradesh on HAM Mode under NH0",NHAI,Ministry of Road Transport & Highways,Roads & Highways,Uttar Pradesh,12/2024,11/2025,11/2027,11/2027,,2077.0,1112.44,486.09,34.5,2024-12-01,2025-11-01,2027-11-01,2027-11-01,,-0.4644005777563794,23.98160315374507,23.98160315374507,0.0,,0.0,0.4369583977562834,2024,60.20289855072464,1,0.2340346653827636,LOW
1491,618867,4L Kasganj-Badaun Section from Km. 123.100 to Km. 179.500 Pkg-III of NH530B,NHAI,Ministry of Road Transport & Highways,Roads & Highways,Uttar Pradesh,03/2023,05/2025,05/2027,12/2027,,2009.11,1936.61,590.99,40.0,2023-03-01,2025-05-01,2027-05-01,2027-12-01,,-0.03608562995555246,23.98160315374507,31.011826544021023,7.030223390275953,,7.030223390275953,0.3051672768394256,2023,50.22775,1,0.2941551234128545,LOW
1492,618868,"4L from Devinagar Bypass End Existing Km. 208.000 of NH 530B/Design Km. 66.000
to Kasganj Bypass End Existing Km.150.100 of NH 530B/ Design Km. 123.100 of NH
530B",NHAI,Ministry of Road Transport & Highways,Roads & Highways,Uttar Pradesh,03/2023,06/2024,06/2026,12/2026,,2289.52,2223.71,1027.01,77.0,2023-03-01,2024-06-01,2026-06-01,2026-12-01,,-0.028744016213005322,23.98160315374507,29.993429697766096,6.011826544021027,,6.011826544021027,0.46184529457528184,2023,29.734025974025975,1,0.4485700059401097,LOW
1493,618869,"Construction of 4/6 lane Highway of Southern Bareilly Bypass, starting at Ch. 237000
of NH 530 near Jhumka chauraha, Dhantiya village and ending at Ch. 267000 of NH
30 near Invertis University including Trumpet Interchange",NHAI,Ministry of Road Transport & Highways,Roads & Highways,Uttar Pradesh,12/2024,12/2025,06/2028,06/2028,,1122.02,1869.59,620.25,16.4,2024-12-01,2025-12-01,2028-06-01,2028-06-01,,0.6662715459617475,29.993429697766096,29.993429697766096,0.0,,0.0,0.3317572301948556,2024,68.41585365853659,1,0.5527976328407693,MEDIUM-HIGH
1494,618870,"4L PS from near Hemmige Village Periyapatna - Hassan Road Jn. to near Hunsur -
KR Nagar Jn section from Km. 144.900 to Km. 169.000 of NH-275 Pkg. III",NHAI,Ministry of Road Transport & Highways,Roads & Highways,Karnataka,02/2023,04/2025,04/2027,01/2028,,883.62,1726.65,447.11,27.8,2023-02-01,2025-04-01,2027-04-01,2028-01-01,,0.9540639641474843,23.98160315374507,33.01576872536137,9.034165571616299,,9.034165571616299,0.2589465149277503,2023,31.784892086330935,0,0.5059980534618954,MEDIUM-HIGH
1495,618871,"4L PS from Near Guddehosur to Start of Kushalnagara Bypass to near Hemmige
Village Periyapatna - Hassan Road Jn from Km. 122.200 to Km. 144.900 of NH-275
Pkg. II",NHAI,Ministry of Road Transport & Highways,Roads & Highways,Karnataka,02/2023,12/2025,12/2027,05/2028,,909.86,896.42,325.85,14.53,2023-02-01,2025-12-01,2027-12-01,2028-05-01,,-0.014771503308201322,23.98160315374507,28.97503285151117,4.9934296977661,,4.9934296977661,0.3635014836795253,2023,62.6194081211287,0,0.3581320203108171,LOW
1496,618872,"4L PS from near Hunsur - KR Nagar Junction to near Yalachahalli village KR Nagara -
Yelawala Road Junction fcrom Km 169.000 to Km 195.550 of NH-275 Pkg-IV",NHAI,Ministry of Road Transport & Highways,Roads & Highways,Karnataka,02/2023,04/2025,04/2027,03/2028,,1062.76,952.03,272.55,19.58,2023-02-01,2025-04-01,2027-04-01,2028-03-01,,-0.10419097444390081,23.98160315374507,34.98685939553219,11.005256241787123,,11.005256241787123,0.2862829952837621,2023,54.27783452502554,1,0.2564548910384283,LOW
1497,618873,"4L PS from near Yalachahalli village KR Nagara - Yelawala Road junction to
Srirangapatna Bypass Near Paschima Vahini from km 195.550 to Km 214.535 of NH-
275 Pkg-V",NHAI,Ministry of Road Transport & Highways,Roads & Highways,Karnataka,01/2023,04/2025,04/2027,04/2028,,1272.71,1203.2,462.59,17.36,2023-01-01,2025-04-01,2027-04-01,2028-04-01,,-0.05461574121363075,23.98160315374507,36.00525624178712,12.023653088042053,,12.023653088042053,0.3844664228723404,2023,73.31278801843318,1,0.3634685042154143,LOW
1498,618874,Four Laning of Trichy - Dindigul from km. 333.00 to km. 421.273 of NH-45,NHAI,Ministry of Road Transport & Highways,Roads & Highways,Tamil Nadu,12/2006,01/2008,06/2026,,07/2010,1003.11,435.81,377.7,100.0,2006-12-01,2008-01-01,2026-06-01,,2010-07-01,-0.565541166970721,220.9592641261498,,0.0,29.96057818659658,-120.0,0.8666620775108419,2006,10.0311,1,0.37652899482609087,LOW
1499,618875,"4L of Haridwar Nagina section Design Ch. LME from km 13.829 to km 17.110 & km
26.077 to km 27.508 and Design Ch. RME from km 13.839 to km 17.120 & km 26.078
to km 27.509 of EUP mitigation measures on NH74",NHAI,Ministry of Road Transport & Highways,Roads & Highways,Uttarakhand,11/2021,08/2022,02/2024,12/2026,,183.92,142.11,119.67,70.42,2021-11-01,2022-08-01,2024-02-01,2026-12-01,,-0.22732709873858187,18.035479632063073,52.00394218134034,33.96846254927727,,33.96846254927727,0.8420941524171416,2021,2.611758023288838,0,0.6506633318834276,MEDIUM
1500,618876,4L of Nagina-Kashipur section from km. 73.00 to km. 175.00 of NH-74,National Highways Authority of India [NHAI],Ministry of Road Transport & Highways,Roads & Highways,"Multi-States (Uttar
Pradesh, Uttarakhand)",01/2015,10/2017,02/2026,,04/2020,2125.03,2531.19,496.78,100.0,2015-01-01,2017-10-01,2026-02-01,,2020-04-01,0.19113141932113892,100.03285151116951,,0.0,29.993429697766096,-70.03942181340341,0.19626341760199748,2015,21.250300000000003,1,0.23377552316908465,LOW
1501,618878,"Rehabilitation and Upgradation to 4L configuration & Strengthening of Sihuni to Rajol
from Km 51.000 to Km 72.000 of NH-154 Package-IIA",NHAI,Ministry of Road Transport & Highways,Roads & Highways,Himachal Pradesh,03/2022,09/2023,09/2025,09/2026,,696.65,776.59,496.48,99.18,2022-03-01,2023-09-01,2025-09-01,2026-09-01,,0.11474915667838952,24.014454664914584,36.00525624178712,11.990801576872538,,11.990801576872538,0.639307742824399,2022,7.024097600322645,0,0.7126677671714635,LOW
1502,618879,"Rehabilitation and Upgradation to 2L PS configuration & Strengthening of Padhar to
Bijni section from Km 180.000 to Km 202.815 of NH-154 Pkg-VA",NHAI,Ministry of Road Transport & Highways,Roads & Highways,Himachal Pradesh,06/2022,11/2024,11/2026,11/2026,,930.86,930.86,666.12,99.86,2022-06-01,2024-11-01,2026-11-01,2026-11-01,,0.0,23.98160315374507,23.98160315374507,0.0,,0.0,0.7155963302752294,2022,9.321650310434608,0,0.7155963302752294,LOW
1503,618880,"Rehabilitation and Up-gradation to 4L configuration & Strengthening of Thanpuri to
Paror section from Km 85.135 to Km 100.840 of NH-154 Pkg-IIC",NHAI,Ministry of Road Transport & Highways,Roads & Highways,Himachal Pradesh,07/2022,03/2024,12/2025,04/2027,,815.68,666.79,496.91,56.61,2022-07-01,2024-03-01,2025-12-01,2027-04-01,,-0.18253481757551981,21.02496714848883,36.990801576872535,15.965834428383705,,15.965834428383705,0.7452271329803987,2022,14.40876170287935,0,0.609197234209494,LOW
1504,618881,"4L PS bijni to mandi section from Km 202.815 to Km 208.000 of NH-20 New NH-154
of Pathankot-Mandi Package-VB",NHAI,Ministry of Road Transport & Highways,Roads & Highways,Himachal Pradesh,02/2023,03/2025,09/2027,09/2027,,1113.02,1112.39,547.08,35.3,2023-02-01,2025-03-01,2027-09-01,2027-09-01,,-0.0005660275646438355,30.02628120893561,30.02628120893561,0.0,,0.0,0.49180593137298967,2023,31.53031161473088,1,0.4915275556593772,LOW
1505,618882,"Construction of additional 3-Lane Bridge over River Ganga for connection between
Buxar and Bharauli on NH-922 in the State of Uttar Pradesh and Bihar on Hybrid
Annuity Mode",NHAI,Ministry of Road Transport & Highways,Roads & Highways,"Multi-States
(Bihar, Uttar
Pradesh)",03/2024,08/2025,02/2028,02/2028,,531.61,444.92,47.11,22.26,2024-03-01,2025-08-01,2028-02-01,2028-02-01,,-0.16307067210925302,30.02628120893561,30.02628120893561,0.0,,0.0,0.10588420390182504,2024,23.881850853548965,0,0.08861759560580124,LOW
1506,618883,"Construction of Four Lane Highway form Ghazipur- Ballia-UP/Bihar State Border
Greenfield section of NH-31 Package I [from Hridaipur km 0.000 to Shahapur km
42.500] on EPC Mode in the state of Uttar Pradesh",NHAI,Ministry of Road Transport & Highways,Roads & Highways,Uttar Pradesh,10/2022,07/2023,07/2025,08/2026,,1706.47,1579.59,1447.58,100.0,2022-10-01,2023-07-01,2025-07-01,2026-08-01,,-0.07435231794288802,24.014454664914584,37.023653088042046,13.009198423127462,,13.009198423127462,0.9164276806006622,2022,17.064700000000002,1,0.8482891583209783,LOW
1507,618884,"Construction of Four Lane Highway from Ghazipur- Ballia-UP/Bihar State Border
Greenfield section of NH-31 Package II [from Shahapur km 42.500 to Pindari km
78.150] on EPC Mode in the state of Uttar Pradesh",NHAI,Ministry of Road Transport & Highways,Roads & Highways,Uttar Pradesh,10/2022,10/2023,10/2025,08/2026,,1493.65,1311.44,775.96,98.4,2022-10-01,2023-10-01,2025-10-01,2026-08-01,,-0.12198975663642755,24.014454664914584,34.00131406044678,9.986859395532196,,9.986859395532196,0.5916854755078387,2022,15.179369918699187,1,0.5195059083453285,LOW
1508,618885,"Construction of Four Lane Highway from Ghazipur- Ballia-UP/Bihar State Border
Greenfield section of NH-31 Package IV [from Buxur Spur of length km 17.270 on
EPC Mode in the state of Uttar Pradesh",NHAI,Ministry of Road Transport & Highways,Roads & Highways,Uttar Pradesh,10/2022,06/2023,06/2025,11/2026,,617.88,549.02,286.1,90.57,2022-10-01,2023-06-01,2025-06-01,2026-11-01,,-0.11144558814009195,24.014454664914584,41.03153745072273,17.017082785808146,,17.017082785808146,0.5211103420640414,2022,6.822126531964227,0,0.46303489350682986,LOW
1509,618886,"Road Safety Improvement of Critical Junctions on MuzaffarnagarHaridwar Section of
NH-334 from Km 143000 to Km 196000",NHAI,Ministry of Road Transport & Highways,Roads & Highways,"Multi-States (Uttar
Pradesh,
Uttarakhand)",04/2025,10/2025,10/2027,10/2027,,238.66,0.1,42.08,22.64,2025-04-01,2025-10-01,2027-10-01,2027-10-01,,-0.9995809938825108,23.98160315374507,23.98160315374507,0.0,,0.0,5.0,2025,10.541519434628976,0,0.1763177742395039,LOW
1510,618887,"4L of Bettadahalli- Shivamogga section from Km.170.415 to km. 226.750 of NH-206
Tumkur- Shivamogga Pkg-IV",NHAI,Ministry of Road Transport & Highways,Roads & Highways,Karnataka,01/2019,10/2021,10/2023,03/2027,,2082.98,2545.11,1645.24,84.25,2019-01-01,2021-10-01,2023-10-01,2027-03-01,,0.2218600274606574,23.98160315374507,64.94743758212877,40.9658344283837,,40.9658344283837,0.6464317848737382,2019,24.72379821958457,1,0.7898491584172675,MEDIUM-HIGH
1511,618888,"Rehabilitation and Up-gradation of existing road to 2L PS from End of Hamirpur
Bypass near Chilbahal to Bhangbar section from Km. 138.295 to Km.175.270 of NH-
88 Pkg-IV",NHAI,Ministry of Road Transport & Highways,Roads & Highways,Himachal Pradesh,03/2022,04/2023,04/2025,12/2026,,1146.19,1358.62,987.35,97.2,2022-03-01,2023-04-01,2025-04-01,2026-12-01,,0.18533576457655349,24.014454664914584,44.021024967148485,20.0065703022339,,20.0065703022339,0.726730064329982,2022,11.792078189300412,1,0.8614191364433471,LOW
1512,618889,"4L of Bhangbar Near Ranital to Kangra Bypass Section of Old NH-88 New NH-
303,503 up to Intersection with NH-154 from Km 175.270 to Km 193.400 Pkg-VB",NHAI,Ministry of Road Transport & Highways,Roads & Highways,Himachal Pradesh,03/2021,12/2022,12/2024,09/2026,,1322.95,1829.49,1102.58,97.45,2021-03-01,2022-12-01,2024-12-01,2026-09-01,,0.3828867304130919,24.014454664914584,45.006570302233904,20.99211563731932,,20.99211563731932,0.6026706896457482,2021,13.575679835813238,1,0.833425299520012,MEDIUM
1513,618890,2L PS of Hamirpur Bypass from Km 121.175 to Km.138.295 of NH-103&3,NHAI,Ministry of Road Transport & Highways,Roads & Highways,Himachal Pradesh,08/2022,10/2023,10/2025,12/2026,,739.39,754.82,369.94,94.37,2022-08-01,2023-10-01,2025-10-01,2026-12-01,,0.020868553807868735,24.014454664914584,38.009198423127465,13.99474375821288,,13.99474375821288,0.49010360085848276,2022,7.835011126417293,0,0.5003313542244282,LOW
1514,618891,"4L PS from Kalar Bala Village to Nauni Chowk of NH 205 from Km 41.000 to Km
58.450",NHAI,Ministry of Road Transport & Highways,Roads & Highways,Himachal Pradesh,01/2024,05/2025,05/2027,09/2027,,1244.43,786.91,145.72,31.46,2024-01-01,2025-05-01,2027-05-01,2027-09-01,,-0.367654267415604,23.98160315374507,28.02233902759527,4.040735873850199,,4.040735873850199,0.1851800078789188,2024,39.55594405594406,1,0.11709778774217915,LOW
1515,618892,"4 Lane with Paved Shoulder from Dareota Village to Kalar Bala NH 205, Design
Chainage -Km 33185 to Km 41000, Design Length-7.815 Km Package-IIB",NHAI,Ministry of Road Transport & Highways,Roads & Highways,Himachal Pradesh,06/2025,06/2026,06/2028,06/2028,,992.85,992.85,5.27,0.68,2025-06-01,2026-06-01,2028-06-01,2028-06-01,,0.0,24.014454664914584,24.014454664914584,0.0,,0.0,0.005307951855768746,2025,1460.0735294117646,0,0.005307951855768746,LOW
1516,618893,"Varanasi Gorakhpur Section Packege IV from km. 149.540 to km. 215.160 Mau-
Gorakhpur",NHAI,Ministry of Road Transport & Highways,Roads & Highways,Uttar Pradesh,04/2015,04/2017,10/2019,08/2026,,2966.63,3475.65,3455.15,97.35,2015-04-01,2017-04-01,2019-10-01,2026-08-01,,0.17158189595601742,29.993429697766096,111.99080157687253,81.99737187910642,,81.99737187910642,0.9941018226806496,2015,30.4738572162301,1,1.1646716981895282,MEDIUM
1517,618894,"4L of Madathukulam - Pollachi from km. 74.38 to km. 116.95 of old NH-209 New NH-
83",NHAI,Ministry of Road Transport & Highways,Roads & Highways,Tamil Nadu,01/2019,12/2020,12/2022,09/2026,,1772.13,1772.13,1062.67,97.65,2019-01-01,2020-12-01,2022-12-01,2026-09-01,,0.0,23.98160315374507,68.98817345597897,45.0065703022339,,45.0065703022339,0.5996569100461027,2019,18.147772657450076,1,0.5996569100461027,MEDIUM
1518,618895,Kamalapuram to Oddanchatram from km. 0.00 to km. 35.822,NHAI,Ministry of Road Transport & Highways,Roads & Highways,Tamil Nadu,01/2019,01/2021,01/2023,09/2026,,1319.42,1319.42,649.83,93.6,2019-01-01,2021-01-01,2023-01-01,2026-09-01,,0.0,23.98160315374507,67.96977660972405,43.98817345597898,,43.98817345597898,0.4925118612723773,2019,14.096367521367522,1,0.4925118612723773,MEDIUM
1519,618896,"4L of Sannur to Bikarnakatte section from Km 691.350 to Km 736.362 of NH-169
Karkala - Mangalore Package-III",NHAI,Ministry of Road Transport & Highways,Roads & Highways,Karnataka,03/2021,10/2022,10/2024,04/2027,,1386.41,2038.71,1251.68,76.1,2021-03-01,2022-10-01,2024-10-01,2027-04-01,,0.4704957407981765,24.014454664914584,53.975032851511166,29.96057818659658,,29.96057818659658,0.6139568648802429,2021,18.218265440210253,1,0.9028209548401988,MEDIUM-HIGH
1520,618897,"4L of Sethiyathope -Cholapuram section from Km. 65.960 to Km. 116.440 section
of NH45 C Pkg-II",NHAI,Ministry of Road Transport & Highways,Roads & Highways,Tamil Nadu,03/2017,08/2018,11/2025,,08/2020,2356.19,2356.9,1697.35,100.0,2017-03-01,2018-08-01,2025-11-01,,2020-08-01,0.0003013339331717885,87.02365308804205,,0.0,24.014454664914584,-63.00919842312747,0.7201620773049344,2017,23.5619,1,0.7203790865762099,LOW
1521,618898,"Balance Works for Four laning of Vikravandi to Sethiyathope section from Km 0.0 to
Km 65.96 of NH-45C in Tamil Nadu under NHDP Phase-IV on EPC mode",NHAI,Ministry of Road Transport & Highways,Roads & Highways,Tamil Nadu,01/2025,06/2025,06/2027,06/2027,,1163.17,834.46,264.13,37.62,2025-01-01,2025-06-01,2027-06-01,2027-06-01,,-0.28259841639657146,23.98160315374507,23.98160315374507,0.0,,0.0,0.3165280540708961,2025,30.918926103136634,1,0.22707772724537253,LOW
1522,618899,Kallagam km.38.700 to Meensurutti Km.98.433 of NH-227 in Tamil Nadu,NHAI,Ministry of Road Transport & Highways,Roads & Highways,Tamil Nadu,02/2018,04/2019,04/2021,08/2026,,1499.12,1499.12,1111.9,100.0,2018-02-01,2019-04-01,2021-04-01,2026-08-01,,0.0,24.014454664914584,88.00919842312746,63.99474375821288,,63.99474375821288,0.741701798388388,2018,14.9912,1,0.741701798388388,MEDIUM
1523,618901,"4L PS Divided Carriageway from Patan Near Rajpur to Gojariya From Km 52.000 to
Km 128.940 of NH-68",NHAI,Ministry of Road Transport & Highways,Roads & Highways,Gujarat,12/2021,03/2023,03/2025,11/2026,,1181.34,1098.23,934.16,87.12,2021-12-01,2023-03-01,2025-03-01,2026-11-01,,-0.07035231178153614,24.014454664914584,44.053876478318,20.03942181340342,,20.03942181340342,0.850605064512898,2021,13.5599173553719,1,0.7907630318113329,LOW
1524,618902,Maheshkunt-Saharsa-Purnea Pkg I km 0.00 to km. 90.00 of NH-107,NHAI,Ministry of Road Transport & Highways,Roads & Highways,Bihar,02/2017,12/2019,12/2021,09/2026,,662.44,1311.22,1126.22,90.07,2017-02-01,2019-12-01,2021-12-01,2026-09-01,,0.9793792645371655,24.014454664914584,81.01182654402102,56.99737187910644,,56.99737187910644,0.8589100227269261,2017,7.3547241034750765,0,1.700108689088823,HIGH
1525,618903,Maheshkunt -Saharsa-Purnea Pkg II,NHAI,Ministry of Road Transport & Highways,Roads & Highways,Bihar,03/2017,12/2018,12/2020,09/2026,,1245.33,1244.09,1230.43,94.0,2017-03-01,2018-12-01,2020-12-01,2026-09-01,,-0.0009957200099572074,24.014454664914584,93.00262812089356,68.98817345597898,,68.98817345597898,0.9890200869711999,2017,13.248191489361702,1,0.9880352998803531,MEDIUM
1526,618904,Chhapra - Hajipur from km. 143.200 to km. 209.200,NHAI,Ministry of Road Transport & Highways,Roads & Highways,Bihar,07/2010,01/2011,07/2013,04/2026,,2127.86,2171.6,526.04,89.81,2010-07-01,2011-01-01,2013-07-01,2026-04-01,,0.02055586363764523,29.96057818659658,182.95006570302232,120.0,,120.0,0.2422361392521643,2010,23.69290724863601,1,0.24721551229874142,MEDIUM
1527,618905,"Widening with additional 3L abetting Chhapra Bypass Section of NH-19 from Km.
143.200 to Km. 159.255 Pkg-1",NHAI,Ministry of Road Transport & Highways,Roads & Highways,Bihar,02/2024,08/2024,08/2026,10/2026,,470.5,528.48,302.74,77.28,2024-02-01,2024-08-01,2026-08-01,2026-10-01,,0.12323060573857603,23.98160315374507,25.985545335085412,2.003942181340342,,2.003942181340342,0.5728504389948531,2024,6.088250517598343,0,0.6434431455897981,LOW
1528,618906,"4L of Amritsar-Ghoman - Tanda - Una Section from Km 8.270 to Km 54.000 of NH-
503A Package-I",NHAI,Ministry of Road Transport & Highways,Roads & Highways,Punjab,12/2020,06/2022,06/2024,03/2027,,857.91,1443.47,772.91,68.9,2020-12-01,2022-06-01,2024-06-01,2027-03-01,,0.6825424578335724,24.014454664914584,56.96452036793692,32.95006570302233,,32.95006570302233,0.5354527631332829,2020,12.451523947750362,0,0.9009220081360516,HIGH
1529,618907,2L/4L of Hoshiarpur to Una section including Hoshiarpur Bypass of NH 503A,NHAI,Ministry of Road Transport & Highways,Roads & Highways,"Multi-States
(Himachal
Pradesh, Punjab)",03/2023,05/2025,05/2027,05/2027,,571.34,481.88,257.79,26.43,2023-03-01,2025-05-01,2027-05-01,2027-05-01,,-0.15657926978681702,23.98160315374507,23.98160315374507,0.0,,0.0,0.5349672117539637,2023,21.617101778282258,0,0.45120243637763857,LOW
1530,618908,"3L Major Bridge over River Brahmani at Km. 401.250 Duburi - Chandikhole Section of
NH-200 New NH -53",NHAI,Ministry of Road Transport & Highways,Roads & Highways,Odisha,04/2022,08/2022,01/2025,09/2027,,153.61,103.68,73.76,38.0,2022-04-01,2022-08-01,2025-01-01,2027-09-01,,-0.3250439424516633,29.040735873850196,61.00525624178712,31.964520367936927,,31.964520367936927,0.7114197530864198,2022,4.042368421052632,0,0.480177071805221,MEDIUM
1531,618909,"2L PS of JH / WB Border km. 70.524 - Purulia km.84.400 & Purulia km. 94.30 -
Chandil Junction with NH-33 km. 153.705 of Old NH-32",NHAI,Ministry of Road Transport & Highways,Roads & Highways,"Multi-States
(Jharkhand, West
Bengal)",03/2018,12/2019,08/2022,10/2026,,1652.4,1771.88,1652.04,97.65,2018-03-01,2019-12-01,2022-08-01,2026-10-01,,0.07230694747034618,31.99737187910644,81.99737187910644,50.0,,50.0,0.9323656229541503,2018,16.921658986175114,1,0.9997821350762527,MEDIUM
1532,618910,4L of Purulia Bypass section from Km 84.030 to Km 94.345 of NH-32,NHAI,Ministry of Road Transport & Highways,Roads & Highways,West Bengal,01/2021,02/2022,08/2023,09/2026,,557.55,562.57,488.7,94.12,2021-01-01,2022-02-01,2023-08-01,2026-09-01,,0.009003676800287142,17.936925098554532,54.96057818659658,37.023653088042046,,37.023653088042046,0.8686918961195939,2021,5.923820654483637,0,0.8765133171912833,MEDIUM
1533,618911,"4L Greenfield Western Side spur of Rampur-Rudrapur Section from Km 0.000 to Km
13.700 connecting NH-24 to NH-87 bypassing rampur town",NHAI,Ministry of Road Transport & Highways,Roads & Highways,Uttar Pradesh,12/2021,05/2023,11/2024,02/2027,,646.27,637.83,369.67,63.79,2021-12-01,2023-05-01,2024-11-01,2027-02-01,,-0.013059557151035853,18.068331143232587,45.072273324572926,27.00394218134034,,27.00394218134034,0.579574494771334,2021,10.131211788681611,0,0.5720055085335851,MEDIUM
1534,618912,"Construction of Rudrapur Bypass Section from Km. 0.000 to 20.640 in the state
of Uttar Pradesh & Uttarakhand",NHAI,Ministry of Road Transport & Highways,Roads & Highways,"Multi-States (Uttar
Pradesh, Uttarakhand)",03/2023,01/2024,03/2026,,01/2026,1051.73,1117.17,670.74,100.0,2023-03-01,2024-01-01,2026-03-01,,2026-01-01,0.06222129253705804,25.952693823915897,,0.0,24.014454664914584,-1.9382391590013128,0.600392062085448,2023,10.5173,1,0.6377492322173942,LOW
1535,618913,4-L of Rajamunda to Barkote Section of NH-23 from km. 287.200 to km. 337.185,NHAI,Ministry of Road Transport & Highways,Roads & Highways,Odisha,10/2017,12/2018,07/2025,,06/2021,609.63,630.97,608.19,100.0,2017-10-01,2018-12-01,2025-07-01,,2021-06-01,0.0350048390007054,78.97503285151117,,0.0,29.993429697766096,-48.98160315374508,0.9638968572198362,2017,6.0963,0,0.9976379115201025,LOW
1536,618914,"4L Elevated Corridor and at-grade improvements from Design Ch0000 to Design Ch
19870 of Danapur Bihta Section, Design Ch0000 to Design Ch0231 connecting the
existing RoB near Danapur station ,1.35 Km ramps and at-grade improvements to 4-
lane section on Danapur side and Upgradation of existing Two lane carriageway to
Four Lane carriageway from Design Ch19870 to Design Ch23500 of Bihta - Koilwar
section",NHAI,Ministry of Road Transport & Highways,Roads & Highways,Bihar,10/2022,03/2024,09/2026,08/2027,,4432.97,2625.4,1578.15,63.91,2022-10-01,2024-03-01,2026-09-01,2027-08-01,,-0.40775597398583796,30.02628120893561,40.99868593955322,10.972404730617608,,10.972404730617608,0.6011084025291384,2022,69.36269754342044,1,0.35600286038479845,LOW
1537,618915,"4L of Bal. works of Patna - Gaya -Dobhi Pkg-II from km. 39.00 to km. 83.00 of
Old NH-83",NHAI,Ministry of Road Transport & Highways,Roads & Highways,Bihar,09/2019,11/2020,05/2025,,11/2022,1637.29,777.2,764.68,100.0,2019-09-01,2020-11-01,2025-05-01,,2022-11-01,-0.5253131699332433,53.942181340341655,,0.0,23.98160315374507,-29.960578186596585,0.9838908903757075,2019,16.3729,1,0.46704004788400344,LOW
1538,618916,"4L of Bal. works of Patna - Gaya -Dobhi Pkg-III from km. 83.00 to km. 127.217 of
Old NH-83",NHAI,Ministry of Road Transport & Highways,Roads & Highways,Bihar,09/2019,11/2020,05/2025,,11/2022,1077.46,799.7,803.33,100.0,2019-09-01,2020-11-01,2025-05-01,,2022-11-01,-0.25779147253726353,53.942181340341655,,0.0,23.98160315374507,-29.960578186596585,1.0045392022008253,2019,10.7746,1,0.7455775620440667,LOW
1539,618917,"4L Greenfield starting from NH-30 near Saristabad Patna to Nathupur Project end
point of Patna-Gaya-Dobhi Section of NH-83",NHAI,Ministry of Road Transport & Highways,Roads & Highways,Bihar,07/2023,03/2024,08/2025,09/2026,,488.24,419.66,101.06,88.3,2023-07-01,2024-03-01,2025-08-01,2026-09-01,,-0.14046370637391442,17.017082785808146,30.02628120893561,13.009198423127465,,13.009198423127465,0.24081399227946432,2023,5.529331823329558,0,0.20698836637719153,LOW
1540,618919,"4L PS from Mandlem Existing Km. 38.000/Design Km.30.600 to Atmakur Existing
Km.73.000/Design Km 66.115 of NH340C Package2",NHAI,Ministry of Road Transport & Highways,Roads & Highways,Andhra Pradesh,03/2023,11/2023,11/2025,,11/2025,887.28,913.03,550.42,100.0,2023-03-01,2023-11-01,2025-11-01,,2025-11-01,0.02902127851411054,24.014454664914584,,0.0,24.014454664914584,0.0,0.6028498515930473,2023,8.8728,0,0.6203453250383193,LOW
1541,618920,"Access Controlled Highway of 4 Lane with Paved Shoulders from TN/AP Border
Design Chainage Km 6151 to Puttur Design Chainage Km 81540 of NH-716 & 6 Lane
with Paved Shoulders from Mallavaram to Renigunta",NHAI,Ministry of Road Transport & Highways,Roads & Highways,Andhra Pradesh,03/2024,12/2024,12/2026,03/2027,,1346.82,1260.37,188.68,42.48,2024-03-01,2024-12-01,2026-12-01,2027-03-01,,-0.06418823599293154,23.98160315374507,26.938239159001313,2.956636005256243,,2.956636005256243,0.14970207161389118,2024,31.704802259887007,1,0.140092959712508,LOW
1542,618921,"4L of Kathlighat to Shakral Village from Km 128.835 to Km 146.300 of NH- 5 Shimla
Bypass - Pkg I",NHAI,Ministry of Road Transport & Highways,Roads & Highways,Himachal Pradesh,03/2022,04/2023,04/2026,07/2027,,1703.48,2648.8,1182.61,64.2,2022-03-01,2023-04-01,2026-04-01,2027-07-01,,0.5549346044567592,36.00525624178712,50.98554533508541,14.980289093298289,,14.980289093298289,0.446470099667774,2022,26.533956386292832,1,0.69423180782868,MEDIUM-HIGH
1543,618922,"4L of Shakral Village to Dhalli Section from Km 146.300 to Km 156.560 Shimla
Bypass - Pkg II and Shimla connectivity from Km 0.000 to Km 0.725 of NH-5",NHAI,Ministry of Road Transport & Highways,Roads & Highways,Himachal Pradesh,04/2022,03/2024,03/2027,12/2027,,1956.26,2880.72,1505.86,59.88,2022-04-01,2024-03-01,2027-03-01,2027-12-01,,0.4725649964728614,35.972404730617605,45.006570302233904,9.034165571616299,,9.034165571616299,0.5227373712127523,2022,32.669672678690716,1,0.7697647551961395,LOW
1544,618923,"4L Behsuma at Km 39.250 Ex. Km 39240 To Bijnor at Km 78.810 Ex. Km 86590
Design Length 39.560 Km of NH-119 Pkg-II",NHAI,Ministry of Road Transport & Highways,Roads & Highways,Uttar Pradesh,03/2023,05/2024,05/2026,12/2026,,2158.2,2553.12,1234.06,70.12,2023-03-01,2024-05-01,2026-05-01,2026-12-01,,0.18298582151793166,23.98160315374507,31.011826544021023,7.030223390275953,,7.030223390275953,0.48335370057028265,2023,30.778665145464913,1,0.5718005745528681,LOW
1545,618924,2L PS of Najibabad Kotdwar section from 112.575 to Km. 138.635 of NH 119,NHAI,Ministry of Road Transport & Highways,Roads & Highways,Uttar Pradesh,10/2021,03/2024,09/2025,10/2026,,188.87,99.2,51.17,55.9,2021-10-01,2024-03-01,2025-09-01,2026-10-01,,-0.47477100651241594,18.035479632063073,31.011826544021023,12.97634691195795,,12.97634691195795,0.5158266129032258,2021,3.37871198568873,0,0.27092709270927096,LOW
1546,618925,Bijnor-Kotawali,NHAI,Ministry of Road Transport & Highways,Roads & Highways,Uttar Pradesh,02/2021,11/2021,05/2023,08/2026,,300.58,334.48,299.77,99.02,2021-02-01,2021-11-01,2023-05-01,2026-08-01,,0.11278195488721816,17.936925098554532,56.96452036793692,39.02759526938239,,39.02759526938239,0.8962269791915809,2021,3.0355483740658453,0,0.9973052099274735,MEDIUM
1547,618926,"4L of Siwan- Masrakh section of Ram Janki Marg from Km 230.385 to Km 281.391 of
NH-227A",NHAI,Ministry of Road Transport & Highways,Roads & Highways,Bihar,08/2022,11/2024,11/2026,11/2028,,1431.36,1927.04,504.03,10.97,2022-08-01,2024-11-01,2026-11-01,2028-11-01,,0.3463000223563604,23.98160315374507,47.99605781865966,24.014454664914588,,24.014454664914588,0.26155658419129857,2022,130.47948951686416,1,0.35213363514419854,MEDIUM-HIGH
1548,618927,"4L of Moradabad-Thakurdwara-Kashipur Section from Km. 0.000 to Km. 38.77 of NH-
734 Pkg-II",NHAI,Ministry of Road Transport & Highways,Roads & Highways,Uttar Pradesh,10/2022,03/2024,03/2026,06/2027,,2006.82,1890.05,981.64,54.55,2022-10-01,2024-03-01,2026-03-01,2027-06-01,,-0.05818658374941449,23.98160315374507,38.99474375821288,15.013140604467807,,15.013140604467807,0.5193725033729266,2022,36.78863428047663,1,0.4891519917082748,LOW
1549,618928,"Improvement & Up-gradation of NH-734 Section of Moradabad-Thakurdwara Kashipur
including Moradabad & Kashipur Bypasse Package-III Kashipur Bypass Length
14.490 Km., Starts from Ch. 38770 and ends at Ch. 53260 existing Ch. 05560",NHAI,Ministry of Road Transport & Highways,Roads & Highways,"Multi-States (Uttar
Pradesh,
Uttarakhand)",02/2023,03/2024,09/2025,03/2027,,936.12,717.5,386.34,53.84,2023-02-01,2024-03-01,2025-09-01,2027-03-01,,-0.23353843524334486,18.035479632063073,35.972404730617605,17.936925098554532,,17.936925098554532,0.5384529616724738,2023,17.38707280832095,0,0.41270349955133956,LOW
1550,618929,"4L of Moradabad western side spur connecting NH-734 & NH-24 from Km. 0.000 to
Km. 33.200 Pkg-I",NHAI,Ministry of Road Transport & Highways,Roads & Highways,Uttar Pradesh,11/2022,09/2023,09/2025,12/2026,,1841.92,1843.54,1132.25,83.06,2022-11-01,2023-09-01,2025-09-01,2026-12-01,,0.000879517025712241,24.014454664914584,38.99474375821288,14.980289093298293,,14.980289093298293,0.6141716480249954,2022,22.175776547074403,1,0.6147118224461431,LOW
1551,618930,"4L PS from Ch. 94.030 in Jabugam Village to Ch. 132.320 in Dhamasiya Village of
NH-56 Pkg-III",NHAI,Ministry of Road Transport & Highways,Roads & Highways,Gujarat,03/2023,11/2025,11/2027,11/2027,,1188.46,898.0,179.47,25.82,2023-03-01,2025-11-01,2027-11-01,2027-11-01,,-0.2444003163758141,23.98160315374507,23.98160315374507,0.0,,0.0,0.1998552338530067,2023,46.028659953524404,1,0.15101055146996953,LOW
1552,618931,"4L PS from Ch. 179.780 in Bitada/Movi Village to Ch. 208.900 in Nasarpore Village of
NH-56 Pkg-V",NHAI,Ministry of Road Transport & Highways,Roads & Highways,Gujarat,03/2023,11/2025,11/2027,11/2027,,764.02,566.96,82.38,10.08,2023-03-01,2025-11-01,2027-11-01,2027-11-01,,-0.25792518520457575,23.98160315374507,23.98160315374507,0.0,,0.0,0.14530125582051642,2023,75.79563492063492,0,0.10782440250255229,LOW
1553,618932,"Construction of 6 lane Indore western bypass from km 0000 to Km 34000 Pkg -l in the
State of Madhya Pradesh on Hybrid Annuity Mode under NHO",NHAI,Ministry of Road Transport & Highways,Roads & Highways,Madhya Pradesh,02/2024,01/2026,12/2027,12/2027,,1534.7,1472.68,657.89,27.6,2024-02-01,2026-01-01,2027-12-01,2027-12-01,,-0.040411806867791736,22.963206307490143,22.963206307490143,0.0,,0.0,0.44672977157291466,2024,55.60507246376812,1,0.4286766143220173,LOW
1554,618933,"Construction of 6 lane Indore western bypass from km 34000 to Km 64000 Pkg-II in
the state of Madhya Pradesh on Hybrid Annuity Mode under NHO",NHAI,Ministry of Road Transport & Highways,Roads & Highways,Madhya Pradesh,03/2024,02/2026,02/2028,02/2028,,1430.56,1430.56,662.93,17.5,2024-03-01,2026-02-01,2028-02-01,2028-02-01,,0.0,23.98160315374507,23.98160315374507,0.0,,0.0,0.46340593893300525,2024,81.7462857142857,1,0.46340593893300525,LOW
1555,618934,Guwahati Ring Road in the State of Assam,NHAI,Ministry of Road Transport & Highways,Roads & Highways,Assam,08/2024,01/2026,01/2030,01/2030,,5729.47,5729.47,328.42,0.0,2024-08-01,2026-01-01,2030-01-01,2030-01-01,,0.0,47.99605781865966,47.99605781865966,0.0,,0.0,0.057321183285714034,2024,5729.47,1,0.057321183285714034,LOW
1556,618935,4L Ambala - Kalaamb from Km. -0.800 to Km. 33.015 of old NH-72,NHAI,Ministry of Road Transport & Highways,Roads & Highways,"Multi-States (Punjab,
Haryana)",10/2022,06/2023,02/2026,,06/2025,1183.7,1190.34,706.54,100.0,2022-10-01,2023-06-01,2026-02-01,,2025-06-01,0.005609529441581374,32.06307490144547,,0.0,24.014454664914584,-8.048620236530883,0.5935615034359931,2022,11.837,1,0.5968911041649066,LOW
1557,618936,Jagadhari - Tajewala from Km -0.175 to 32.337 km of NH-344,NHAI,Ministry of Road Transport & Highways,Roads & Highways,Haryana,03/2022,02/2023,02/2025,03/2027,,1269.5,919.43,712.77,68.0,2022-03-01,2023-02-01,2025-02-01,2027-03-01,,-0.2757542339503742,24.014454664914584,48.91590013140604,24.901445466491456,,24.901445466491456,0.7752303057328997,2022,18.669117647058822,1,0.5614572666404096,MEDIUM
1558,618937,4L of Nagpur-Katol Section from Km. 13.00 to Km. 62.900 of NH-353J,NHAI,Ministry of Road Transport & Highways,Roads & Highways,Maharashtra,02/2021,10/2021,10/2023,03/2027,,1166.96,1432.82,1181.42,81.54,2021-02-01,2021-10-01,2023-10-01,2027-03-01,,0.22782271885925814,23.98160315374507,64.94743758212877,40.9658344283837,,40.9658344283837,0.8245418126491815,2021,14.31150355653667,1,1.012391170220059,MEDIUM-HIGH
1559,618938,"4L of Rajura-Korpana-Adilabad Road upto M.S. Border from km 32.910 to km
89.090 of NH-353B",NHAI,Ministry of Road Transport & Highways,Roads & Highways,"Multi-States
(Maharashtra,
Telangana)",03/2022,10/2022,03/2026,,10/2024,1013.33,1274.63,699.33,100.0,2022-03-01,2022-10-01,2026-03-01,,2024-10-01,0.25786269033779724,40.9658344283837,,0.0,24.014454664914584,-16.951379763469117,0.5486533346932051,2022,10.1333,1,0.6901305596399988,LOW
1560,618939,"Construction of Standalone Flyover cum ROB from Design Ch.66.600 to Design
Ch.68.800 in Gadchandur Town on NH-353B",NHAI,Ministry of Road Transport & Highways,Roads & Highways,Maharashtra,02/2025,07/2025,07/2027,07/2027,,191.31,107.76,37.07,40.11,2025-02-01,2025-07-01,2027-07-01,2027-07-01,,-0.4367257331033401,23.98160315374507,23.98160315374507,0.0,,0.0,0.3440051967334818,2025,4.769633507853404,0,0.19376927499869323,LOW
1561,618941,"4L of Bamni - Rajura - Warur - Devada upto M.S. Border of NH - 930D from km
19.000 to km 51.985",NHAI,Ministry of Road Transport & Highways,Roads & Highways,"Multi-States
(Maharashtra,
Telangana)",03/2022,03/2024,03/2026,12/2026,,968.05,1187.19,826.96,78.16,2022-03-01,2024-03-01,2026-03-01,2026-12-01,,0.22637260472083065,23.98160315374507,33.01576872536137,9.034165571616299,,9.034165571616299,0.6965692096463076,2022,12.385491299897646,0,0.8542533960022727,LOW
1562,618942,"Balance work of 2L PS from Km 30.800 to Km 70.800 and 2L with Rigid Carriageway
from Km 70.800 to km 84.120 of Khanapur- KA/GOA Border section of NH-4A",NHAI,Ministry of Road Transport & Highways,Roads & Highways,"Multi-States (Goa,
Karnataka)",01/2022,11/2022,05/2024,03/2027,,226.76,149.44,110.31,84.7,2022-01-01,2022-11-01,2024-05-01,2027-03-01,,-0.3409772446639619,17.969776609724047,51.93823915900131,33.96846254927726,,33.96846254927726,0.7381557815845825,2022,2.6772136953955132,0,0.48646145704709826,MEDIUM
1563,618943,Salem - Ulundurpet section from km 0.313 to km 136.670 of NH-68,NHAI,Ministry of Road Transport & Highways,Roads & Highways,Tamil Nadu,12/2006,01/2008,11/2025,,01/2011,861.23,1019.85,940.44,100.0,2006-12-01,2008-01-01,2025-11-01,,2011-01-01,0.18417844246020226,213.99474375821288,,0.0,36.00525624178712,-120.0,0.9221356081776733,2006,8.6123,0,1.0919731082289283,LOW
1564,618944,Hyderabad - Maneguda,NHAI,Ministry of Road Transport & Highways,Roads & Highways,Telangana,10/2021,11/2024,11/2026,05/2027,,958.86,1218.49,431.45,24.2,2021-10-01,2024-11-01,2026-11-01,2027-05-01,,0.2707694553949482,23.98160315374507,29.927726675427067,5.946123521681997,,5.946123521681997,0.3540857947131285,2021,39.62231404958678,0,0.4499614125106898,LOW
1565,618945,"4L of Kodad Design Km 0.00/Existing Km 185.00 of NH-65 to Khammam Design Km
31.800/Existing Km 29.400 of NH-365A",NHAI,Ministry of Road Transport & Highways,Roads & Highways,Telangana,01/2021,01/2022,05/2024,08/2026,,1149.17,1606.99,871.58,99.98,2021-01-01,2022-01-01,2024-05-01,2026-08-01,,0.3983918828371781,27.95663600525624,54.96057818659658,27.00394218134034,,27.00394218134034,0.5423680296703776,2021,11.493998799759952,1,0.7584430502014498,MEDIUM-HIGH
1566,618946,4L of Mehgama - Hansdiha from km. 41.900 to km. 93.000 of NH -133A Pkg-II,NHAI,Ministry of Road Transport & Highways,Roads & Highways,Jharkhand,03/2022,05/2023,05/2026,,05/2025,1479.72,1568.18,1034.52,100.0,2022-03-01,2023-05-01,2026-05-01,,2025-05-01,0.059781580298975505,36.00525624178712,,0.0,24.014454664914584,-11.990801576872538,0.6596946779068729,2022,14.7972,1,0.6991322682669694,LOW
1567,618947,4L of NH-80 from km 215.00 to km 260.00 Mirza Chauki to Farkka Pkg-I,NHAI,Ministry of Road Transport & Highways,Roads & Highways,Jharkhand,03/2018,12/2021,07/2023,10/2026,,1504.8,1508.21,1038.65,91.83,2018-03-01,2021-12-01,2023-07-01,2026-10-01,,0.002266081871345084,18.95532194480946,57.98291721419185,39.02759526938239,,39.02759526938239,0.6886640454578606,2018,16.386801698791245,1,0.6902246145667199,MEDIUM
1568,618948,"4L of NH-80 section of Mirza Chauki to Farakka section from existing km 190.00 to
design km 200.75 junction at km 3.100 of NH 133 B and from existing km 260.00 to
existing km 283.00 design km 274.133 in the state of Jharkhand package - II",NHAI,Ministry of Road Transport & Highways,Roads & Highways,"Multi-States
(Jharkhand, West
Bengal)",02/2025,02/2026,01/2028,01/2028,,782.18,782.18,224.06,8.65,2025-02-01,2026-02-01,2028-01-01,2028-01-01,,0.0,22.963206307490143,22.963206307490143,0.0,,0.0,0.28645580301209445,2025,90.42543352601155,0,0.28645580301209445,LOW
1569,618949,4L of Basukinath- Deoghar Section of NH-114A,NHAI,Ministry of Road Transport & Highways,Roads & Highways,Jharkhand,09/2022,12/2023,12/2025,08/2026,,1444.94,1553.76,781.51,90.53,2022-09-01,2023-12-01,2025-12-01,2026-08-01,,0.07531108558140817,24.014454664914584,31.99737187910644,7.982917214191854,,7.982917214191854,0.5029798681907116,2022,15.960896940240804,1,0.5408598280897476,LOW
1570,618950,"Construction of Bypass to NH-114A Connecting NH-333 and NH-133 Deoghar
Bypass from design km 0.000 to design Km 49.000",NHAI,Ministry of Road Transport & Highways,Roads & Highways,Jharkhand,11/2024,01/2026,01/2028,01/2028,,1565.47,1565.47,106.04,12.0,2024-11-01,2026-01-01,2028-01-01,2028-01-01,,0.0,23.98160315374507,23.98160315374507,0.0,,0.0,0.06773684580349672,2024,130.45583333333335,1,0.06773684580349672,LOW
1571,618951,Hariharganj to Parwa Mode section from km 23.284 to km 57.049 of NH-98,NHAI,Ministry of Road Transport & Highways,Roads & Highways,"Multi-States
(Bihar, Jharkhand)",09/2020,03/2022,02/2024,08/2026,,1125.78,1186.56,830.06,91.3,2020-09-01,2022-03-01,2024-02-01,2026-08-01,,0.053989234131002484,23.061760840998684,53.022339027595265,29.96057818659658,,29.96057818659658,0.6995516450916937,2020,12.330558598028478,1,0.737319902645277,MEDIUM
1572,618952,4L of Sahibganj - Manihari Ganga Bridge including Manihari Bypass,NHAI,Ministry of Road Transport & Highways,Roads & Highways,"Multi-States
(Bihar, Jharkhand)",10/2016,11/2020,10/2024,10/2027,,1954.77,1978.01,2025.05,87.02,2016-10-01,2020-11-01,2024-10-01,2027-10-01,,0.011888866720893,46.97766097240473,82.95006570302233,35.972404730617605,,35.972404730617605,1.0237814773433906,2016,22.463456676626063,1,1.0359530788788451,MEDIUM
1573,618953,Umagaon-Saharsa Package-IV Koshi Bridge & approach Road - Bheja-Bakaur,NHAI,Ministry of Road Transport & Highways,Roads & Highways,Bihar,02/2019,02/2020,08/2023,03/2027,,1199.58,1223.94,1312.28,92.4,2019-02-01,2020-02-01,2023-08-01,2027-03-01,,0.020307107487620775,41.95137976346912,84.92115637319316,42.969776609724036,,42.969776609724036,1.072176740689903,2019,12.982467532467531,1,1.0939495490088198,MEDIUM
1574,618954,"Umagaon - Saharsa Package - I Combined Umagaon-Kaluahi0.000KM to 21.609Km
of NH227LSaharghat-Rahika0.000 Km to 26.130KM of NH227JRahika-Rampatti 0.00
KM to 15.00KM of NH527ABideshwarsthan-Bheja0.000KM to 25.915KM of NH527A",NHAI,Ministry of Road Transport & Highways,Roads & Highways,Bihar,08/2022,01/2025,07/2027,07/2027,,1473.2,1703.02,644.37,23.78,2022-08-01,2025-01-01,2027-07-01,2027-07-01,,0.1560005430355688,29.927726675427067,29.927726675427067,0.0,,0.0,0.3783690150438633,2022,61.951219512195124,1,0.4373947868585392,LOW
1575,618955,2L PS of Majhauli to Charout section from km. 0.00 to km. 63.655,NHAI,Ministry of Road Transport & Highways,Roads & Highways,Bihar,01/2018,11/2019,11/2021,08/2026,,638.29,1067.51,1096.16,99.8,2018-01-01,2019-11-01,2021-11-01,2026-08-01,,0.6724529602531766,24.014454664914584,80.97897503285151,56.96452036793693,,56.96452036793693,1.026838156082847,2018,6.395691382765531,0,1.717338513841671,HIGH
1576,618956,"Construction of Major Bridge over Baghmati and Lakhandei River along with
Approaches from Design km.16.500 to km.21.500",NHAI,Ministry of Road Transport & Highways,Roads & Highways,Bihar,02/2024,10/2024,04/2027,03/2028,,498.97,380.3,57.23,26.84,2024-02-01,2024-10-01,2027-04-01,2028-03-01,,-0.2378299296550895,29.96057818659658,40.9658344283837,11.00525624178712,,11.00525624178712,0.15048645805942676,2024,18.59053651266766,0,0.11469627432510972,LOW
1577,618957,4 laning of Champa - Korba from km 0.00 to km 38.2,NHAI,Ministry of Road Transport & Highways,Roads & Highways,Chhattisgarh,02/2021,01/2022,01/2024,08/2026,,1002.33,1304.47,944.68,98.75,2021-02-01,2022-01-01,2024-01-01,2026-08-01,,0.3014376502748595,23.98160315374507,54.96057818659658,30.97897503285151,,30.97897503285151,0.7241868344998351,2021,10.150177215189874,1,0.9424840122514541,MEDIUM-HIGH
1578,618958,"2L with ES of Yagyi - Kalewa section from Milepost 40/0 to Milepost 115/5 in
Myanmar",NHAI,Ministry of Road Transport & Highways,Roads & Highways,Assam,12/2017,05/2018,06/2023,07/2027,,1200.14,1200.14,0.0,52.0,2017-12-01,2018-05-01,2023-06-01,2027-07-01,,0.0,61.00525624178712,109.98685939553219,48.98160315374507,,48.98160315374507,0.0,2017,23.079615384615387,1,0.0,MEDIUM
1579,618959,"4L Prayagraj Greenfield By-pass from design Km 50860 near Nibi Kala Uperhar
to design Km 64763 on NH-19 near Khodaypur Kasgaon including Interchange
loop at NH-19",NHAI,Ministry of Road Transport & Highways,Roads & Highways,Uttar Pradesh,08/2023,12/2023,02/2026,,03/2025,1017.99,427.54,412.74,100.0,2023-08-01,2023-12-01,2026-02-01,,2025-03-01,-0.5800155207811472,26.05124835742444,,0.0,14.98028909329829,-11.07095926412615,0.9653833559433035,2023,10.1799,1,0.40544602599239676,LOW
1580,618960,"4 Lane Inner Ring Road around Allahabad City Pkg-2 Prayagraj Southern Bypass
43.200 - 50.860",NHAI,Ministry of Road Transport & Highways,Roads & Highways,Uttar Pradesh,08/2023,12/2023,06/2026,06/2027,,1377.51,1007.62,448.99,44.64,2023-08-01,2023-12-01,2026-06-01,2027-06-01,,-0.2685207366915667,29.993429697766096,41.98423127463863,11.990801576872535,,11.990801576872535,0.44559456938131436,2023,30.858198924731184,1,0.32594318734528244,LOW
1581,618961,"4 Lane Inner Ring Road around Allahabad City Pkg-1 Prayagraj Southern Bypass
34.400 43.200",NHAI,Ministry of Road Transport & Highways,Roads & Highways,Uttar Pradesh,02/2025,12/2025,12/2027,12/2027,,775.94,498.97,70.02,24.55,2025-02-01,2025-12-01,2027-12-01,2027-12-01,,-0.3569477021419182,23.98160315374507,23.98160315374507,0.0,,0.0,0.14032907790047497,2025,31.60651731160896,0,0.09023893600020619,LOW
1582,618962,"4L of Budhni to Shahganj Bypass End Package-III of NH-146B from Km. 73.750 to
Km. 102.000",NHAI,Ministry of Road Transport & Highways,Roads & Highways,Madhya Pradesh,03/2024,08/2025,08/2027,08/2027,,1102.97,770.21,196.68,28.28,2024-03-01,2025-08-01,2027-08-01,2027-08-01,,-0.3016945157166559,23.98160315374507,23.98160315374507,0.0,,0.0,0.25535892808454835,2024,39.00176803394625,1,0.17831853994215618,LOW
1583,618963,"Construction work of 4-laning of Shahganj bypass end to Badi Package-IV of NH-146B
from design km 102.000 to design km 142.357 Design length 40.357 km",NHAI,Ministry of Road Transport & Highways,Roads & Highways,Madhya Pradesh,02/2024,03/2025,03/2027,03/2027,,784.14,836.64,318.16,52.15,2024-02-01,2025-03-01,2027-03-01,2027-03-01,,0.06695232994108195,23.98160315374507,23.98160315374507,0.0,,0.0,0.38028303690954296,2024,15.036241610738255,0,0.40574387226770736,LOW
1584,618964,4 Laning of Sandalpur to Nasrullaganj Pkg-1 section of NH-146B Length 43.2 Km,NHAI,Ministry of Road Transport & Highways,Roads & Highways,Madhya Pradesh,03/2025,01/2026,01/2028,01/2028,,1425.98,1425.98,197.81,11.57,2025-03-01,2026-01-01,2028-01-01,2028-01-01,,0.0,23.98160315374507,23.98160315374507,0.0,,0.0,0.13871863560498746,2025,123.24805531547105,1,0.13871863560498746,LOW
1585,618966,"Six laning with both sides Service Road of Ayodhya Bypass from Design Km 0000
near Ashram Tiraha on NH-46 to Km 16439 end at Ratnagiri Tiraha on Nh-146",NHAI,Ministry of Road Transport & Highways,Roads & Highways,Madhya Pradesh,02/2024,08/2025,08/2027,08/2027,,1123.17,1103.22,173.6,21.61,2024-02-01,2025-08-01,2027-08-01,2027-08-01,,-0.017762226555196492,23.98160315374507,23.98160315374507,0.0,,0.0,0.157357553343848,2024,51.97454881999075,1,0.15456253283118315,LOW
1586,618967,"Upgradation and Strengthening of Chenani to Nashri Section via Patnitop of NH244
from Km 0.000 to Km 39.100",NHAI,Ministry of Road Transport & Highways,Roads & Highways,"Jammu and
Kashmir",03/2024,08/2024,08/2026,03/2027,,295.06,295.06,176.25,64.88,2024-03-01,2024-08-01,2026-08-01,2027-03-01,,0.0,23.98160315374507,30.946123521681997,6.964520367936927,,6.964520367936927,0.5973361350233851,2024,4.547780517879162,0,0.5973361350233851,LOW
1587,618968,"6L access control Greenfield highway of Vill-Khyawari to Vill-Latifpur at Saharanpur
Bypass from Km. 82.000 to Km. 119.790 Pkg-4",NHAI,Ministry of Road Transport & Highways,Roads & Highways,Uttar Pradesh,03/2021,09/2022,09/2024,08/2026,,1428.19,1439.35,1394.63,99.24,2021-03-01,2022-09-01,2024-09-01,2026-08-01,,0.007814086361058301,24.014454664914584,46.97766097240473,22.963206307490143,,22.963206307490143,0.9689304199812416,2021,14.391273679967757,1,0.9765017259608316,LOW
1588,618969,4/6L of Spur to Haridwar Greenfield from Km. 0.000 to Km. 50.70,NHAI,Ministry of Road Transport & Highways,Roads & Highways,"Multi-States (Uttar
Pradesh,
Uttarakhand)",11/2021,02/2023,02/2025,09/2026,,2155.95,2612.3,1543.12,92.98,2021-11-01,2023-02-01,2025-02-01,2026-09-01,,0.2116700294533734,24.014454664914584,42.96977660972404,18.95532194480946,,18.95532194480946,0.5907131646441832,2021,23.187244568724452,1,0.7157494376029129,MEDIUM
1589,618970,"6L access control Greenfield highway of Vill-Lohadda to Vill-Karaunda Mahajan from
Km. 27.000 to Km. 56.500 Pkg-2",NHAI,Ministry of Road Transport & Highways,Roads & Highways,Uttar Pradesh,03/2021,09/2022,09/2024,08/2026,,1335.45,1335.38,1253.61,98.06,2021-03-01,2022-09-01,2024-09-01,2026-08-01,,-5.241678834844909e-05,24.014454664914584,46.97766097240473,22.963206307490143,,22.963206307490143,0.9387664934325808,2021,13.618702834998981,1,0.938717286307986,LOW
1590,618971,"Pune Metro Rail Project Phase-2 Corridor 2A Vanaz to Chandani Chowk and Corridor
2B Ramwadi to Wagholi/Vitthalwadi",Maharashtra Metro Rail Corporation Limited [MMRCL],Ministry of Housing & Urban Affairs,Urban Public Transport,Maharashtra,07/2025,07/2025,07/2029,-,,3626.24,3626.24,16.17,2.4,2025-07-01,2025-07-01,2029-07-01,,,0.0,47.99605781865966,,0.0,,0.0,0.004459164313448642,2025,1510.9333333333334,1,0.004459164313448642,LOW
1591,618972,Devbhumi Dwarka [Okha] - Kanalus Doubling,Western Railway [WR] - II,Ministry of Railways,Railways,Gujarat,12/2025,12/2025,12/2028,-,,1456.77,1456.77,0.28,0.0,2025-12-01,2025-12-01,2028-12-01,,,0.0,36.00525624178712,,0.0,,0.0,0.0001922060448801115,2025,1456.77,1,0.0001922060448801115,LOW
1592,618976,"Gadarwara Super Thermal Power Project, Stage-II [2x800 MW]",National Thermal Power Corporation [NTPC],Ministry of Power,Electricity Generation,Madhya Pradesh,11/2024,05/2025,03/2030,03/2030,,20446.0,20446.0,2329.76,11.5,2024-11-01,2025-05-01,2030-03-01,2030-03-01,,0.0,57.98291721419185,57.98291721419185,0.0,,0.0,0.1139469822948254,2024,1777.9130434782608,1,0.1139469822948254,LOW
1593,618977,"Development of New Greenfield Airport at Bundi, Kota Rajasthan",Airport Authority of India [AAI],Ministry of Civil Aviation,Aviation & Aviation Infrastructure,Rajasthan,08/2025,10/2025,10/2027,11/2027,,1507.0,1507.0,81.41,13.6,2025-08-01,2025-10-01,2027-10-01,2027-11-01,,0.0,23.98160315374507,25.0,1.0183968462549302,,1.0183968462549302,0.05402123424021234,2025,110.80882352941177,1,0.05402123424021234,LOW
1594,618978,Gondia - Dongargarh 4th line [84 Km],South Eastern Central Railway,Ministry of Railways,Railways,"Multi-States
(Chhattisgarh,
Maharashtra)",10/2025,10/2025,10/2030,-,,2222.53,2222.53,0.35,1.0,2025-10-01,2025-10-01,2030-10-01,,,0.0,59.98685939553219,,0.0,,0.0,0.00015747818927078596,2025,2222.53,1,0.00015747818927078596,LOW
1595,618981,810 MW Solar Power Project - Rajasthan,NLC India Limited [NLCIL],Ministry of Coal,Electricity Generation,Rajasthan,10/2024,09/2025,03/2028,-,,4147.07,4147.07,249.95,0.0,2024-10-01,2025-09-01,2028-03-01,,,0.0,29.96057818659658,,0.0,,0.0,0.060271468771928134,2024,4147.07,1,0.060271468771928134,LOW
1596,618982,Talabira II & III OCP - FMC,NLC India Limited [NLCIL],Ministry of Coal,Coal,Odisha,10/2022,05/2023,06/2026,12/2026,,522.45,522.45,334.44,74.8,2022-10-01,2023-05-01,2026-06-01,2026-12-01,,0.0,37.023653088042046,43.03547963206307,6.011826544021027,,6.011826544021027,0.6401378122308354,2022,6.9846256684491985,0,0.6401378122308354,LOW
1597,618985,"Pune Metro Rail Project Phase-2 Line-4 Kharadi to Khadakwasla with Spur Line 4A
Nal Stop - Warje - Manikbaug",Maharashtra Metro Rail Corporation Limited [MMRCL],Ministry of Housing & Urban Affairs,Urban Public Transport,Maharashtra,12/2025,12/2025,12/2030,-,,9857.85,9857.85,8.62,1.51,2025-12-01,2025-12-01,2030-12-01,,,0.0,59.98685939553219,,0.0,,0.0,0.0008744300227737285,2025,6528.377483443709,1,0.0008744300227737285,LOW
1598,618986,Furkating-New Tinsukia[194 Km],Northeast Frontier Railway [NFR],Ministry of Railways,Railways,Assam,09/2025,09/2025,06/2029,-,,3633.58,3633.58,0.0,0.0,2025-09-01,2025-09-01,2029-06-01,,,0.0,44.973718791064385,,0.0,,0.0,0.0,2025,3633.58,1,0.0,LOW
1599,618991,200 MW SPP part of 510 MW CPSU scheme,NLC India Limited [NLCIL],Ministry of Coal,Electricity Generation,Gujarat,07/2022,03/2024,12/2026,-,,1221.41,1221.41,71.51,0.0,2022-07-01,2024-03-01,2026-12-01,,,0.0,33.01576872536137,,0.0,,0.0,0.05854708902006697,2022,1221.41,1,0.05854708902006697,LOW
1600,618992,100 MW SPP part of SECI 150 MW Hybrid,NLC India Limited [NLCIL],Ministry of Coal,Electricity Generation,Gujarat,07/2022,04/2024,12/2026,-,,480.68,480.68,2.75,1.2,2022-07-01,2024-04-01,2026-12-01,,,0.0,31.99737187910644,,0.0,,0.0,0.005721061829075476,2022,400.56666666666666,0,0.005721061829075476,LOW
1601,618995,New Line between Junagarh - Nabarangpur [116.21 Km],Indian Railway,Ministry of Railways,Railways,Odisha,08/2024,08/2025,08/2030,-,,2864.51,2864.51,1.06,0.0,2024-08-01,2025-08-01,2030-08-01,,,0.0,59.98685939553219,,0.0,,0.0,0.00037004583680978596,2024,2864.51,1,0.00037004583680978596,LOW
1602,619003,Solan - Kaithlighat Section of NH-22 Now NH-5 from Km. 106.139 to Km.129.05,NHAI,Ministry of Road Transport & Highways,Roads & Highways,Himachal Pradesh,03/2018,11/2018,05/2021,11/2026,,881.74,1519.53,1347.79,90.11,2018-03-01,2018-11-01,2021-05-01,2026-11-01,,0.7233311406990722,29.96057818659658,95.99211563731932,66.03153745072274,,66.03153745072274,0.8869782103676794,2018,9.785151481522584,0,1.5285571710481547,HIGH
1603,619004,"Construction of Dubrajpur Bypass with 4-lane configuration of length 5.676 km on NH-
60 new NH-14 from design chainage 0.00 existing km 316.135 on NH-60 to
design chainage 5.676 existing km 320.980 on NH-60 in the district of Birbhum,
West Bengal under Annual Plan 2022-23 in EPC Mode- reg. Job. No. 014-WB-2022-
23/518 ",MoRTH,Ministry of Road Transport & Highways,Roads & Highways,West Bengal,03/2023,12/2025,12/2027,12/2027,,560.79,560.79,0.31,8.0,2023-03-01,2025-12-01,2027-12-01,2027-12-01,,0.0,23.98160315374507,23.98160315374507,0.0,,0.0,0.0005527915975677171,2023,70.09875,0,0.0005527915975677171,LOW
1604,619005,"Construction of bypass around Chatra Town on NH-22 old NH-99 in the state of
Jharkhand under EPC Mode",MoRTH,Ministry of Road Transport & Highways,Roads & Highways,Jharkhand,03/2023,01/2026,01/2028,01/2028,,235.42,199.2,0.86,13.0,2023-03-01,2026-01-01,2028-01-01,2028-01-01,,-0.15385268881148587,23.98160315374507,23.98160315374507,0.0,,0.0,0.004317269076305221,2023,18.10923076923077,0,0.003653045620592983,LOW
1605,619007,"Upgradation of Sarvardewla to Pal MP/MH Border Road section of NH-347 C from
Design Chainge km 81.600 to 137.400 Total length 55.80 km to two lane with paved
shoulder configuration along with One time improvement of 1 .95 km in the State of
Madhya Pradesh on EPC mode",MoRTH,Ministry of Road Transport & Highways,Roads & Highways,Madhya Pradesh,03/2023,01/2026,01/2028,-,,461.23,461.23,2.77,0.0,2023-03-01,2026-01-01,2028-01-01,,,0.0,23.98160315374507,,0.0,,0.0,0.006005680463109511,2023,461.23,0,0.006005680463109511,LOW
1606,619008,"Rehabilitation and Up gradation of Charthana Jintur Section of NH 752 I Km 25100 to
47100 to 2 Lane with Paved Shoulder configuration Flexible Pavement in the state of
Maharashtra on EPC mode. Reg- Resubmission of Annual Plan Estimate",MoRTH,Ministry of Road Transport & Highways,Roads & Highways,Maharashtra,03/2025,01/2026,07/2027,07/2026,,157.69,157.69,0.01,51.0,2025-03-01,2026-01-01,2027-07-01,2026-07-01,,0.0,17.936925098554532,5.946123521681997,-11.990801576872535,,-11.990801576872535,6.341556217895871e-05,2025,3.0919607843137253,0,6.341556217895871e-05,LOW
1607,619009,"Upgradation to Two Lane with Paved Shoulders from Km 0.000 to Km 41.920 Green
Field Alignment of Gowrelly to Valigonda Section of NH-930P in the State of
Telangana on EPC Mode under Annual Plan 2022-23",MoRTH,Ministry of Road Transport & Highways,Roads & Highways,Telangana,11/2022,05/2026,04/2028,03/2028,,690.33,690.33,0.0,0.0,2022-11-01,2026-05-01,2028-04-01,2028-03-01,,0.0,23.028909329829172,22.010512483574242,-1.0183968462549302,,-1.0183968462549302,0.0,2022,690.33,0,0.0,LOW
1608,619010,"Up-gradation to 2 lane with paved shoutders of Pawlrang - Rulchawm section- of
NH-102B of Aizawl - Imphal Economic Corridor from Existing Chainage km
72.030 to km 104.129 including 2.459 km re-alignment section from Tuivai River
to Rulchawm connecting km 48.150 of NH-6 [Design Chainage km 68.170 to km
98.579] in the State of Mizoram under Bharatmala Pariyojna on EPC mode under
NHO-NE Package-3 Keifang- Tuivai Pkg-3",NHIDCL,Ministry of Road Transport & Highways,Roads & Highways,Mizoram,12/2021,11/2023,05/2025,07/2026,,500.88,500.88,443.61,99.52,2021-12-01,2023-11-01,2025-05-01,2026-07-01,,0.0,17.969776609724047,31.964520367936924,13.994743758212877,,13.994743758212877,0.8856612362242454,2021,5.032958199356913,0,0.8856612362242454,LOW
1609,619013,"Construction of Balance Work of 4-Laning of the Section from Jhanji to Demow of
NH-37 Old from Km 501.800 to Km 514.800 13.000 Km, under SARDP- NE
under EPC Mode in the state of Assam Pkg-II Road Works",NHIDCL,Ministry of Road Transport & Highways,Roads & Highways,Assam,10/2014,10/2024,01/2026,10/2026,,508.76,542.87,111.18,73.88,2014-10-01,2024-10-01,2026-01-01,2026-10-01,,0.06704536520166683,15.013140604467806,23.98160315374507,8.968462549277264,,8.968462549277264,0.20480041262180634,2014,6.886302111532214,0,0.2185313310794874,LOW
1610,619014,"lmprovement and Widening to 2 lane with paved Shoulder of NH-15 old NH-52
from Existing Km 770.600 Design Km 24.819 to Existing km 805.750 Design Km
59.885 Kamlang T-Junction to Chowkham, Existing Length 35.150 Km, Design
Length-35.066 Km in the state of Arunachal Pradesh on EPC mode Pkg-2",NHIDCL,Ministry of Road Transport & Highways,Roads & Highways,Arunachal Pradesh,12/2023,02/2026,02/2028,02/2028,,316.73,316.73,34.98,15.06,2023-12-01,2026-02-01,2028-02-01,2028-02-01,,0.0,23.98160315374507,23.98160315374507,0.0,,0.0,0.11044106968080067,2023,21.03120849933599,0,0.11044106968080067,LOW
1611,619022,"Metro connectivity from Millennium City Centre to Cyber City with Spur to Dwarka
Expressway, Gurugram",Gurugram Metro Rail Limited [GMRL],Ministry of Housing & Urban Affairs,Urban Public Transport,Haryana,07/2023,08/2024,07/2027,-,,5452.72,5452.72,193.32,10.05,2023-07-01,2024-08-01,2027-07-01,,,0.0,34.95400788436268,,0.0,,0.0,0.035453865226895934,2023,542.5592039800995,1,0.035453865226895934,LOW
1612,619024,Mahan Transmission Limited,Adani Transmission Limited,Ministry of Power,Transmission & Distribution,Madhya Pradesh,03/2025,03/2025,04/2027,-,,3125.32,3125.32,542.79,30.0,2025-03-01,2025-03-01,2027-04-01,,,0.0,25.0,,0.0,,0.0,0.17367501567839452,2025,104.17733333333334,1,0.17367501567839452,LOW
1613,619025,RAJASTHAN PART I POWER TRANSMISSION LIMITED,Adani Transmission Limited,Ministry of Power,Transmission & Distribution,"Multi-States
(Madhya Pradesh,
Rajasthan, Uttar
Pradesh)",01/2025,01/2025,07/2029,-,,25000.0,25000.0,735.05,10.0,2025-01-01,2025-01-01,2029-07-01,,,0.0,53.942181340341655,,0.0,,0.0,0.029401999999999998,2025,2500.0,1,0.029401999999999998,LOW
1614,619026,KPSIII HVDC Transmission Limited,Adani Transmission Limited,Ministry of Power,Transmission & Distribution,Gujarat,12/2025,12/2025,12/2029,-,,19000.0,19000.0,20.0,1.0,2025-12-01,2025-12-01,2029-12-01,,,0.0,47.99605781865966,,0.0,,0.0,0.0010526315789473684,2025,19000.0,1,0.0010526315789473684,LOW
1615,619027,WRNES Talegaon Power Transmission Limited,Adani Transmission Limited,Ministry of Power,Transmission & Distribution,Maharashtra,05/2025,05/2025,01/2028,-,,2000.0,2000.0,25.0,5.0,2025-05-01,2025-05-01,2028-01-01,,,0.0,32.03022339027595,,0.0,,0.0,0.0125,2025,400.0,1,0.0125,LOW
1616,619028,"Augmentation of 1x500 MVA 400/220kV ICT [3rd] at Thrissur VSC HVDC Station in
Kerala",Power Grid Corporation of India Limited [POWERGRID],Ministry of Power,Transmission & Distribution,Kerala,08/2025,08/2025,08/2027,12/2027,,173.14,173.14,2.08,1.5,2025-08-01,2025-08-01,2027-08-01,2027-12-01,,0.0,23.98160315374507,27.989487516425754,4.007884362680684,,4.007884362680684,0.012013399561048863,2025,115.42666666666666,0,0.012013399561048863,LOW
1617,619029,Transmission System for Reliable Power Supply to Dholera,Power Grid Corporation of India Limited [POWERGRID],Ministry of Power,Transmission & Distribution,Gujarat,09/2024,09/2024,03/2026,12/2026,,319.42,319.42,70.27,35.2,2024-09-01,2024-09-01,2026-03-01,2026-12-01,,0.0,17.936925098554532,26.971090670170828,9.034165571616295,,9.034165571616295,0.21999248638156657,2024,9.074431818181818,0,0.21999248638156657,LOW
1618,619030,Inter-Regional Strengthening between SR Grid and ER Grid,Power Grid Corporation of India Limited [POWERGRID],Ministry of Power,Transmission & Distribution,"Multi-States
(Andhra Pradesh,
Odisha)",02/2026,02/2026,08/2028,-,,2722.5,2722.5,190.57,3.0,2026-02-01,2026-02-01,2028-08-01,,,0.0,29.96057818659658,,0.0,,0.0,0.0699981634527089,2026,907.5,1,0.0699981634527089,LOW
1619,619031,Delhi Metro Rail Phase V A,Delhi Metro Rail Corporation Limited [DMRC],Ministry of Housing & Urban Affairs,Urban Public Transport,Delhi,01/2026,01/2026,12/2028,-,,12014.91,12014.91,264.98,5.65,2026-01-01,2026-01-01,2028-12-01,,,0.0,34.98685939553219,,0.0,,0.0,0.022054264243344314,2026,2126.5327433628318,1,0.022054264243344314,LOW
1620,619032,JAYANT EXPN. [20 TO 38 MTPA],NCL - CIL,Ministry of Coal,Coal,Madhya Pradesh,02/2025,02/2025,03/2032,-,,25560.48,25560.48,333.3,2.1,2025-02-01,2025-02-01,2032-03-01,,,0.0,84.92115637319316,,0.0,,0.0,0.013039661227019212,2025,12171.657142857142,1,0.013039661227019212,LOW
1621,619033,"1000 seater Boys hostel, 500 seater Girls hostel, 1.5 MLD Sewage Treatment Plant
and Faculty Residence - 72 nos. Flats",NIT Rourkela,Department of Higher Education,Education,Odisha,09/2023,01/2024,06/2026,08/2027,,198.97,198.97,53.01,50.0,2023-09-01,2024-01-01,2026-06-01,2027-08-01,,0.0,28.97503285151117,42.96977660972404,13.994743758212874,,13.994743758212874,0.26642207367944915,2023,3.9794,0,0.26642207367944915,LOW
1622,619038,"Construction/upgradation to 2-lane with paved shoulder from Design Km 95.55
Bandarkoot to Km. 111.06 Chattroo of 15.52 Km length on Khellani-Kishtwar-Chattroo
section on NH-244 in UT of Jammu and Kashmir on EPC Mode Pkg-5",NHIDCL,Ministry of Road Transport & Highways,Roads & Highways,"Jammu and
Kashmir",03/2021,08/2021,02/2023,03/2026,,497.09,497.09,270.82,99.97,2021-03-01,2021-08-01,2023-02-01,2026-03-01,,0.0,18.035479632063073,54.96057818659658,36.925098554533506,,36.925098554533506,0.544810798849303,2021,4.972391717515254,0,0.544810798849303,MEDIUM
1623,619039,"Balance Works of Rehabilitation and Up gradation of NH-43 New NH-30 from Krn
162120 to Krn 173500 Length 11.380 Km. Keshkal Bypass 4-Lane with Paved
shoulder in the State Of Chhattisgarh under NHDP-IV through Engineering,
Procurement & Construction EPC Basis",MoRTH,Ministry of Road Transport & Highways,Roads & Highways,Chhattisgarh,06/2025,06/2026,06/2028,-,,307.96,307.96,0.0,0.0,2025-06-01,2026-06-01,2028-06-01,,,0.0,24.014454664914584,,0.0,,0.0,0.0,2025,307.96,0,0.0,LOW
1624,619042,"Construction of six lane Flyover at Katraj junction at Km, 3/880 of NH 548-DD
Vadgaon - Katraj - Kondhwa - Mantarwadi Chowk - Loni Kalbhor - Theur Phata -
Lonikand Road in Pune Dist of the State of Maharashtra. On Engineering
Procurement and construction EPC Basis mode L.1.326 Km,",MoRTH,Ministry of Road Transport & Highways,Roads & Highways,Maharashtra,02/2021,03/2022,02/2026,02/2023,,163.51,163.51,80.23,83.19,2021-02-01,2022-03-01,2026-02-01,2023-02-01,,0.0,47.07621550591327,11.070959264126149,-36.00525624178712,,-36.00525624178712,0.4906733533117241,2021,1.965500661137156,0,0.4906733533117241,LOW
1625,619043,"Capacity Augmentation in the stretch of DhulePimpalgaon section of NH60 Km.
261.720 to Km. 380.000 by Construction of Slip/Service Road on either side at various
locations total length 30.30 Km LHSRHS and Flyover 2 x 30m at Sawadgaon Phata
Km. 310.415",NHAI,Ministry of Road Transport & Highways,Roads & Highways,Maharashtra,12/2025,04/2026,10/2026,10/2027,,341.63,341.63,10.9,5.1,2025-12-01,2026-04-01,2026-10-01,2027-10-01,,0.0,6.011826544021025,18.00262812089356,11.990801576872537,,11.990801576872537,0.03190586306823171,2025,66.98627450980392,0,0.03190586306823171,LOW
1626,619045,"Construction of New Double Tier 4L Elevated Corridor from Chennai Port to
Maduravoyal in Chennai District from km -0.342 to Km 20.593 and Package IV from
Km 14.185 to Km 20.593",NHAI,Ministry of Road Transport & Highways,Roads & Highways,Tamil Nadu,03/2023,11/2023,05/2026,03/2029,,1205.4,1210.21,88.16,8.58,2023-03-01,2023-11-01,2026-05-01,2029-03-01,,0.0039903766384602165,29.96057818659658,63.96189224704336,34.001314060446774,,34.001314060446774,0.0728468612885367,2023,140.4895104895105,1,0.07313754770200763,MEDIUM
1627,619049,Khavda IVA Power Transmission Limited,Adani Transmission Limited,Ministry of Power,Transmission & Distribution,Gujarat,08/2024,08/2024,08/2026,03/2027,,4500.0,4500.0,2772.7,70.0,2024-08-01,2024-08-01,2026-08-01,2027-03-01,,0.0,23.98160315374507,30.946123521681997,6.964520367936927,,6.964520367936927,0.6161555555555556,2024,64.28571428571429,1,0.6161555555555556,LOW
1628,619051,"Nabinagar Super Thermal Power Project, Stage-II [3x800 MW]",National Thermal Power Corporation [NTPC],Ministry of Power,Electricity Generation,Bihar,11/2024,03/2025,07/2030,07/2030,,29948.0,29948.0,3422.25,15.0,2024-11-01,2025-03-01,2030-07-01,2030-07-01,,0.0,63.99474375821288,63.99474375821288,0.0,,0.0,0.11427307332710031,2024,1996.5333333333333,1,0.11427307332710031,LOW
1629,619052,LUCKNOW METRO RAIL PROJECT PHASE-1B EAST WEST CORRIDOR,Uttar Pradesh metro rail corporation [UPMRC],Ministry of Housing & Urban Affairs,Urban Public Transport,Uttar Pradesh,09/2025,05/2026,04/2031,-,,5801.05,5801.05,0.05,2.0,2025-09-01,2026-05-01,2031-04-01,,,0.0,59.00131406044678,,0.0,,0.0,8.619129295558563e-06,2025,2900.525,1,8.619129295558563e-06,LOW
1630,619053,RPR FOR RAMPUR BATURA OCP,SECL - CIL,Ministry of Coal,Coal,Madhya Pradesh,05/2025,05/2025,03/2030,-,,1604.69,1604.69,75.28,0.3,2025-05-01,2025-05-01,2030-03-01,,,0.0,57.98291721419185,,0.0,,0.0,0.046912487770223534,2025,5348.966666666667,1,0.046912487770223534,LOW
1631,619054,Development of Keshod Airport,Airport Authority of India [AAI],Ministry of Civil Aviation,Aviation & Aviation Infrastructure,Gujarat,01/2024,07/2025,01/2027,-,,363.1,363.1,108.64,46.69,2024-01-01,2025-07-01,2027-01-01,,,0.0,18.035479632063073,,0.0,,0.0,0.29920132194987603,2024,7.776825872777898,0,0.29920132194987603,LOW
1632,619055,SAONER-III EXPN UG MINE 1.54,WCL - CIL,Ministry of Coal,Coal,Maharashtra,08/2025,08/2025,03/2032,-,,444.42,444.42,0.0,0.0,2025-08-01,2025-08-01,2032-03-01,,,0.0,78.97503285151117,,0.0,,0.0,0.0,2025,444.42,0,0.0,LOW
1633,619056,"Darlipali Super Thermal Power Project, Stage-II [1x800 MW]",National Thermal Power Corporation [NTPC],Ministry of Power,Electricity Generation,Odisha,11/2025,11/2025,01/2031,05/2031,,11131.0,11131.0,566.2,2.7,2025-11-01,2025-11-01,2031-01-01,2031-05-01,,0.0,61.990801576872535,65.93298291721419,3.942181340341655,,3.942181340341655,0.05086694816278861,2025,4122.592592592592,1,0.05086694816278861,LOW
1634,619057,"Construction of 4-Lane Badarpur Bypass from Design Chainage km 27300 at
crossing with NH-6 Old NH-44 Near Siddeswar Pt.-I Village to Design Chainage
km 38600 on NH-37 Old NH-44 at Kandigram Chaita Village on Silchar -
Churaibari stretch in the State of Assam on EPC Mode under Bharatmala
Pariyojana in Economic Corridors Silchar- Churaibari Pkg-3",NHIDCL,Ministry of Road Transport & Highways,Roads & Highways,Assam,02/2023,02/2024,08/2026,03/2027,,574.26,574.26,330.98,71.09,2023-02-01,2024-02-01,2026-08-01,2027-03-01,,0.0,29.96057818659658,36.925098554533506,6.964520367936924,,6.964520367936924,0.5763591404590256,2023,8.077929385286255,0,0.5763591404590256,LOW
1635,619059,"Construction of 2-Lane with hard shoulders of Merangkong-Tamlu-Mon Road on
EPC Basis from existing road Km. 76.640 to Km 98.065 Design chainage Km.
63.800 to Km. 86.835 Design Length-23.035 Km in the state of Nagaland under
SARDP-NE PKG-IV Balance work",NHIDCL,Ministry of Road Transport & Highways,Roads & Highways,Nagaland,03/2018,09/2023,09/2025,12/2026,,323.98,323.98,147.37,79.03,2018-03-01,2023-09-01,2025-09-01,2026-12-01,,0.0,24.014454664914584,38.99474375821288,14.980289093298293,,14.980289093298293,0.45487375763936044,2018,4.099455902821713,0,0.45487375763936044,LOW
1636,619060,"Construction of Balance Work of 4-Laning of the Section from Jhanji to Demow of
NH-37 Old from Km 514.800 to Km 534.800 20.000 Km, under SARDP- NE
under EPC Mode in the state of Assam Pkg-III Road Works",NHIDCL,Ministry of Road Transport & Highways,Roads & Highways,Assam,10/2014,10/2024,09/2025,10/2026,,344.71,619.7,56.58,72.0,2014-10-01,2024-10-01,2025-09-01,2026-10-01,,0.7977430303733576,11.005256241787121,23.98160315374507,12.976346911957949,,12.976346911957949,0.09130224302081652,2014,4.787638888888889,0,0.1641379710481274,MEDIUM-HIGH
1637,619061,"Construction of 4 lane with PS Idar-Badoli bypass section from design km 81/300 to
km 95/500 of NH 168G in the State of Gujarat",MoRTH,Ministry of Road Transport & Highways,Roads & Highways,Gujarat,03/2025,05/2026,05/2028,05/2028,,705.09,705.09,0.0,7.0,2025-03-01,2026-05-01,2028-05-01,2028-05-01,,0.0,24.014454664914584,24.014454664914584,0.0,,0.0,0.0,2025,100.72714285714287,0,0.0,LOW
1638,619063,"4L Greenfield spur from Delhi-Vadodara Greenfield expressway near Bandikui to
Jaipur",NHAI,Ministry of Road Transport & Highways,Roads & Highways,Rajasthan,03/2022,11/2022,10/2025,,11/2024,1636.15,2170.39,1283.3,100.0,2022-03-01,2022-11-01,2025-10-01,,2024-11-01,0.3265226293432752,34.98685939553219,,0.0,24.014454664914584,-10.972404730617608,0.5912762222457715,2022,16.3615,1,0.7843412890016196,LOW
1639,619064,"Vadodara Mumbai Expressway Talsari to Karvad Phase IB - Pkg X [Km 103.400 to
Km 128.000]",NHAI,Ministry of Road Transport & Highways,Roads & Highways,"Multi-States
(Dadra & Nagar
Haveli and Daman
& Diu, Gujarat,
Maharashtra)",10/2020,03/2022,03/2024,12/2027,,1909.74,2652.24,1097.32,36.23,2020-10-01,2022-03-01,2024-03-01,2027-12-01,,0.3887963806591472,24.014454664914584,69.02102496714849,45.00657030223391,,45.00657030223391,0.41373329713751394,2020,52.71156500138007,1,0.5745913056227548,MEDIUM-HIGH
1640,619065,"4L Expressway from Km 26.400 to km 53.500 of Malur to Bangarpet section of
Bangalore-Chennai Expressway Phase-I Package-II",NHAI,Ministry of Road Transport & Highways,Roads & Highways,Karnataka,12/2020,09/2021,09/2023,09/2026,,1745.0,1729.63,1103.49,99.8,2020-12-01,2021-09-01,2023-09-01,2026-09-01,,-0.008808022922636041,23.98160315374507,59.98685939553219,36.00525624178712,,36.00525624178712,0.6379919404728178,2020,17.48496993987976,1,0.6323724928366762,MEDIUM
1641,619066,"Delhi-Amritsar-Katra Expressway Phase-II Pkg-XIV from Junction with Pathankot-
Gurdaspur road NH-54 near Balsua to Junction with Hiranagar Road near village
Gurha Baildaran km 423500 to km 468100",NHAI,Ministry of Road Transport & Highways,Roads & Highways,"Multi-States
(Jammu and
Kashmir, Punjab)",10/2021,09/2022,09/2024,10/2026,,3044.02,3707.91,1776.5,87.3,2021-10-01,2022-09-01,2024-09-01,2026-10-01,,0.2180964645435969,24.014454664914584,48.98160315374507,24.967148488830485,,24.967148488830485,0.4791108737806473,2021,34.868499427262314,1,0.5836032614766,MEDIUM-HIGH
1642,619067,"6L of Chiloda-Naroda section from Km. 540.595 to Km. 555.595 of NH-
8Package-VII",NHAI,Ministry of Road Transport & Highways,Roads & Highways,Gujarat,11/2016,05/2017,02/2026,,05/2019,356.6,463.03,443.07,100.0,2016-11-01,2017-05-01,2026-02-01,,2019-05-01,0.2984576556365674,105.05913272010513,,0.0,23.98160315374507,-81.07752956636006,0.9568926419454463,2016,3.5660000000000003,0,1.2424845765563657,LOW
1643,619068,"Construction of Greenfield Connectivity to Jewar International Airport from DND-
Faridabad-Ballabhgarh Bypass KMP Link - Spur to Delhi Mumbai Expressway",NHAI,Ministry of Road Transport & Highways,Roads & Highways,"Multi-States
(Haryana, Uttar
Pradesh)",07/2022,06/2023,06/2025,04/2027,,2920.69,3485.77,1772.67,76.3,2022-07-01,2023-06-01,2025-06-01,2027-04-01,,0.19347482957794218,24.014454664914584,45.992115637319316,21.97766097240473,,21.97766097240473,0.5085447404734105,2022,38.27903014416776,1,0.6069353474692624,LOW
1644,619069,Satara Km 725.000 to Pune Km 865.350 of NH - 4 New NH - 48 in Maharashtra,NHAI,Ministry of Road Transport & Highways,Roads & Highways,Maharashtra,09/2009,10/2010,05/2022,12/2026,,361.72,425.51,387.04,99.05,2009-09-01,2010-10-01,2022-05-01,2026-12-01,,0.17635187437797178,138.96189224704335,193.98817345597897,55.026281208935615,,55.026281208935615,0.9095908439284623,2009,3.651892983341747,0,1.069998894172288,MEDIUM
1645,619070,Tumkur-Chitradurga,National Highways Authority of India [NHAI],Ministry of Road Transport & Highways,Roads & Highways,Karnataka,04/2010,06/2011,05/2026,,12/2013,839.0,47.44,8.42,100.0,2010-04-01,2011-06-01,2026-05-01,,2013-12-01,-0.943456495828367,178.97503285151117,,0.0,30.02628120893561,-120.0,0.17748735244519392,2010,8.39,0,0.010035756853396902,LOW
1646,619071,Tumkur - Nelamangala 6L,NHAI,Ministry of Road Transport & Highways,Roads & Highways,Karnataka,03/2021,08/2022,08/2025,03/2027,,2032.15,1664.2,1086.24,61.36,2021-03-01,2022-08-01,2025-08-01,2027-03-01,,-0.1810643899318456,36.00525624178712,54.96057818659658,18.955321944809455,,18.955321944809455,0.6527100108160077,2021,33.118481095176016,1,0.5345274709051989,LOW
1647,619072,Bangalore/TN border to Hoskote,NHAI,Ministry of Road Transport & Highways,Roads & Highways,Karnataka,02/2022,02/2023,02/2025,11/2026,,1181.68,1297.76,1153.14,94.89,2022-02-01,2023-02-01,2025-02-01,2026-11-01,,0.0982330241689797,24.014454664914584,44.973718791064385,20.9592641261498,,20.9592641261498,0.8885618296141043,2022,12.453156286226157,1,0.9758479452982195,LOW
1648,619073,"4L of 42.000 to km 80.00 of Dodaballapur Bypass to Hoskote section of NH-648 Old
NH-207 [Bangalore Ring Road Pkg 2]",NHAI,Ministry of Road Transport & Highways,Roads & Highways,Karnataka,02/2020,02/2021,02/2023,09/2026,,1317.74,1846.52,1367.2,99.2,2020-02-01,2021-02-01,2023-02-01,2026-09-01,,0.40127794557348184,23.98160315374507,66.95137976346912,42.96977660972405,,42.96977660972405,0.7404198167363473,2020,13.28366935483871,1,1.0375339596582027,MEDIUM-HIGH
1649,619074,"6-laning of Krishnagiri Km.0.000 to Walajahpet Km.148.300 section on NH-46 under
NHDP-V",NHAI,Ministry of Road Transport & Highways,Roads & Highways,Tamil Nadu,12/2009,06/2011,12/2013,08/2026,,1673.17,781.74,707.81,99.99,2009-12-01,2011-06-01,2013-12-01,2026-08-01,,-0.5327790959675347,30.02628120893561,181.99737187910642,120.0,,120.0,0.9054289149845216,2009,16.733373337333735,1,0.4230353161962024,MEDIUM
1650,619075,6L of Bhubaneswar - Jagatpur - Chandikhole Section of NH-16,NHAI,Ministry of Road Transport & Highways,Roads & Highways,Odisha,01/2009,12/2011,04/2026,,06/2014,639.3,632.89,579.23,100.0,2009-01-01,2011-12-01,2026-04-01,,2014-06-01,-0.010026591584545547,171.97766097240472,,0.0,29.993429697766096,-120.0,0.9152143342444975,2009,6.393,0,0.9060378539027062,LOW
1651,619076,"Six Laning of Vijayawada Bypass from Chinna Avutapalli to Gollapudi in Vijayawada -
Gundugolanu Section from km. 0.00 to km. 30.00 Pkg-III",NHAI,Ministry of Road Transport & Highways,Roads & Highways,Andhra Pradesh,01/2020,02/2021,02/2023,09/2026,,1581.24,1883.71,1024.51,98.2,2020-01-01,2021-02-01,2023-02-01,2026-09-01,,0.1912865852116061,23.98160315374507,66.95137976346912,42.96977660972405,,42.96977660972405,0.5438788348524985,2020,16.10224032586558,1,0.6479155599403,MEDIUM
1652,619077,6 laning of Balance Work of Chennai - Tada from km. 21.40 to km. 54.40,NHAI,Ministry of Road Transport & Highways,Roads & Highways,"Multi-States
(Andhra Pradesh,
Tamil Nadu)",12/2017,03/2018,03/2020,08/2026,,464.62,472.37,389.77,100.0,2017-12-01,2018-03-01,2020-03-01,2026-08-01,,0.01668029787783565,24.014454664914584,101.01839684625493,77.00394218134035,,77.00394218134035,0.8251370747507251,2017,4.6462,0,0.838900606947613,MEDIUM
1653,619078,"Six Laning of Bihar - Jharkhand Border Chordaha - Gorhar section of NH-2 from km
249.525 to km 320.810",NHAI,Ministry of Road Transport & Highways,Roads & Highways,"Multi-States
(Bihar, Jharkhand)",12/2017,06/2019,11/2021,12/2026,,1772.7,1689.17,1275.76,78.0,2017-12-01,2019-06-01,2021-11-01,2026-12-01,,-0.04712021210582725,29.040735873850196,90.01314060446781,60.97240473061761,,60.97240473061761,0.755258499736557,2017,22.72692307692308,1,0.7196705590342415,MEDIUM
1654,619080,4L PS of Ambala Ring Road of New NH-44,NHAI,Ministry of Road Transport & Highways,Roads & Highways,Haryana,02/2023,10/2023,10/2025,09/2026,,1093.35,1225.41,595.59,92.97,2023-02-01,2023-10-01,2025-10-01,2026-09-01,,0.12078474413499811,24.014454664914584,35.019710906701704,11.00525624178712,,11.00525624178712,0.48603324601561926,2023,11.760245240400128,1,0.5447386472767184,LOW
1655,619083,"Thumbipadi-Namakkal from km. 180.00 to km. 248.625 Package No. NS-
2/BOT/TN-02",NHAI,Ministry of Road Transport & Highways,Roads & Highways,Tamil Nadu,06/2005,08/2006,06/2026,,02/2009,255.53,395.43,392.41,100.0,2005-06-01,2006-08-01,2026-06-01,,2009-02-01,0.5474895315618519,237.97634691195793,,0.0,30.059132720105122,-120.0,0.9923627443542473,2005,2.5553,0,1.535670958400188,MEDIUM
1656,619084,"Start of Karur Bypass - Dindigul from km. 292.600 to km. 305.600 Contract
Package No. NS2/BOT/TN-4",NHAI,Ministry of Road Transport & Highways,Roads & Highways,Tamil Nadu,08/2005,10/2006,12/2025,,04/2009,461.54,515.03,222.72,100.0,2005-08-01,2006-10-01,2025-12-01,,2009-04-01,0.11589461368462094,229.9934296977661,,0.0,29.993429697766096,-120.0,0.43244082868959094,2005,4.6154,0,0.4825583914720284,LOW
1657,619086,"Chengapalli km 102.035 to Neelambur Km144.680 and Madukkarai Km 170.880 to
Walayar K183.010 Package No. NS-2/BOT/TN-08",NHAI,Ministry of Road Transport & Highways,Roads & Highways,Tamil Nadu,10/2009,09/2010,03/2013,10/2026,,1247.43,285.55,7.24,100.0,2009-10-01,2010-09-01,2013-03-01,2026-10-01,,-0.7710893597235917,29.96057818659658,192.96977660972405,120.0,,120.0,0.025354578882857644,2009,12.474300000000001,1,0.005803932886013644,MEDIUM
1658,619087,"Widening to 6L of Existing 4L Jetpur - Gondal - Rajkot Section from Km. 117.600 to
Km. 185.00 on NH-27",NHAI,Ministry of Road Transport & Highways,Roads & Highways,Gujarat,03/2022,09/2023,09/2025,01/2027,,2070.44,1390.29,1117.01,76.83,2022-03-01,2023-09-01,2025-09-01,2027-01-01,,-0.3285050520662275,24.014454664914584,40.01314060446781,15.998685939553223,,15.998685939553223,0.803436693064037,2022,26.94832747624626,1,0.5395036803771179,LOW
1659,619089,"Balance work of 4L of NarimbangloJatinga Junction- Harangajoroad section from
Km 0.000 to Km 49.230 of NH-27",NHAI,Ministry of Road Transport & Highways,Roads & Highways,Assam,03/2022,01/2023,01/2026,08/2026,,1909.98,2745.74,1393.08,98.0,2022-03-01,2023-01-01,2026-01-01,2026-08-01,,0.4375752625681943,36.00525624178712,42.96977660972404,6.96452036793692,,6.96452036793692,0.5073604929818556,2022,19.489591836734693,1,0.7293688939151195,LOW
1660,619090,"8L of Dwarka Expressway Pkg-II RuB near Dwarka Sector 21-DL/HR Border from
5.300 Km.to 9.500 Km. of NH-248BB",NHAI,Ministry of Road Transport & Highways,Roads & Highways,Delhi,01/2018,10/2019,10/2021,08/2026,,2067.67,2670.22,2381.53,100.0,2018-01-01,2019-10-01,2021-10-01,2026-08-01,,0.29141497434310104,24.014454664914584,81.99737187910644,57.98291721419186,,57.98291721419186,0.8918853128206666,2018,20.6767,1,1.1517940483732898,MEDIUM-HIGH
1661,619092,"4L of Jind-Gohana road Package-1 from km. 0.00 to km. 40.601 of NH-352 A under
NHO",NHAI,Ministry of Road Transport & Highways,Roads & Highways,Haryana,01/2019,07/2020,07/2022,07/2026,,994.22,1606.82,1064.47,99.97,2019-01-01,2020-07-01,2022-07-01,2026-07-01,,0.6161614129669488,23.98160315374507,71.97766097240472,47.99605781865965,,47.99605781865965,0.6624699717454351,2019,9.94518355506652,0,1.0706584055842772,HIGH
1662,619093,4L Ismailabad to Ambala Section of NH-152 Lot-4/Package-1,NHAI,Ministry of Road Transport & Highways,Roads & Highways,"Multi-States
(Haryana, Punjab)",02/2023,12/2023,12/2025,02/2027,,609.32,454.34,308.0,76.3,2023-02-01,2023-12-01,2025-12-01,2027-02-01,,-0.25434911048381814,24.014454664914584,38.042049934296976,14.027595269382392,,14.027595269382392,0.677906413698992,2023,7.985845347313238,0,0.5054815203833781,LOW
1663,619094,"Thorapalli - Agraharam - Jittandahalli Section from km 23.350 to km 60.100 [Hosur to
Dhamrapuri Pkg-2]",NHAI,Ministry of Road Transport & Highways,Roads & Highways,Tamil Nadu,02/2019,12/2021,12/2023,12/2026,,1243.57,1272.11,827.88,77.57,2019-02-01,2021-12-01,2023-12-01,2026-12-01,,0.022950055083348717,23.98160315374507,59.98685939553219,36.00525624178712,,36.00525624178712,0.6507927773541596,2019,16.03158437540286,1,0.6657285074422832,MEDIUM
1664,619095,"Balance works of 4L Panvel Indapur section of NH66 old NH17 from km 42.300 kasu
to km 84.600 Indapur",NHAI,Ministry of Road Transport & Highways,Roads & Highways,Maharashtra,06/2022,11/2022,05/2024,08/2026,,546.44,472.1,420.83,96.73,2022-06-01,2022-11-01,2024-05-01,2026-08-01,,-0.13604421345435916,17.969776609724047,44.973718791064385,27.00394218134034,,27.00394218134034,0.8914001270917178,2022,5.649126434405045,0,0.7701302979284093,MEDIUM
1665,619096,Goa / Karnataka Km.93.700 to Kundapur Km.283.30,NHAI,Ministry of Road Transport & Highways,Roads & Highways,Karnataka,07/2012,03/2014,08/2016,10/2026,,1644.92,1990.99,1849.51,97.94,2012-07-01,2014-03-01,2016-08-01,2026-10-01,,0.21038713128905961,29.040735873850196,151.01839684625492,120.0,,120.0,0.928939874132969,2012,16.79518072289157,1,1.1243768693918246,MEDIUM-HIGH
1666,619097,Thalassery Mahe Bypass Km 170.600 to Km 189.200 of NH-17New NH-66 in Kerala,NHAI,Ministry of Road Transport & Highways,Roads & Highways,"Multi-States
(Kerala,
Puducherry)",09/2017,12/2017,05/2020,08/2026,,1181.12,1573.18,1534.73,100.0,2017-09-01,2017-12-01,2020-05-01,2026-08-01,,0.33193917637496634,28.97503285151117,103.97503285151116,74.99999999999999,,74.99999999999999,0.9755590587218246,2017,11.8112,1,1.2993853291790844,MEDIUM-HIGH
1667,619098,Kozhikode Bypass Calicut Bypass Vengalam Jn. to Ramanattukara Jn,NHAI,Ministry of Road Transport & Highways,Roads & Highways,Kerala,02/2018,02/2021,02/2023,08/2026,,1424.77,2139.18,1066.67,98.75,2018-02-01,2021-02-01,2023-02-01,2026-08-01,,0.5014212820314857,23.98160315374507,65.93298291721419,41.95137976346912,,41.95137976346912,0.4986349909778514,2018,14.428050632911392,1,0.748661187419724,HIGH
1668,619099,"6L Amritsar-Bathinda Greenfield section from Jn. with Moga Jalandhar road NH-703
near Dharamkot to Jn. with Bhagta Bhai Ka-Bhadaur Road near Dyalpura Bhai Ka
from km 39.000 to km 93.000 of NH-754A Pkg-2",NHAI,Ministry of Road Transport & Highways,Roads & Highways,Punjab,03/2021,06/2024,06/2026,06/2027,,1801.37,2172.71,1268.39,66.53,2021-03-01,2024-06-01,2026-06-01,2027-06-01,,0.20614310219444099,23.98160315374507,35.972404730617605,11.990801576872535,,11.990801576872535,0.5837824652162507,2021,27.07605591462498,1,0.704125193602647,LOW
1669,619100,Dhangaon - Borgaon section km 81.000 to km 139.000 [Indore - Edlabad Pkg IV],NHAI,Ministry of Road Transport & Highways,Roads & Highways,Madhya Pradesh,01/2020,08/2021,08/2023,08/2026,,866.0,1185.04,746.57,99.8,2020-01-01,2021-08-01,2023-08-01,2026-08-01,,0.36840646651270204,23.98160315374507,59.98685939553219,36.00525624178712,,36.00525624178712,0.6299956119624655,2020,8.677354709418838,0,0.8620900692840647,MEDIUM-HIGH
1670,619101,"4L Shahpur to Muktainagar from Km. 186.000 to km 216.278 of NH 753L Pkg II of
Boregaon Buzurg to Muktainagar",NHAI,Ministry of Road Transport & Highways,Roads & Highways,"Multi-States
(Madhya Pradesh,
Maharashtra)",12/2022,03/2024,03/2026,10/2026,,784.35,659.52,330.42,64.0,2022-12-01,2024-03-01,2026-03-01,2026-10-01,,-0.15915088927137125,23.98160315374507,31.011826544021023,7.030223390275953,,7.030223390275953,0.5010007278020379,2022,12.25546875,0,0.42126601644673933,LOW
1671,619102,"4 L of China Orampadu-Renigunta section of NH-716 Package-II of Kadapa-
Renigunta section",NHAI,Ministry of Road Transport & Highways,Roads & Highways,Andhra Pradesh,12/2022,03/2026,03/2028,03/2028,,1500.11,1500.11,121.06,2.25,2022-12-01,2026-03-01,2028-03-01,2028-03-01,,0.0,24.014454664914584,24.014454664914584,0.0,,0.0,0.08070074861176847,2022,666.7155555555555,1,0.08070074861176847,LOW
1672,619103,4/6 Laning of Raipur-Simga Pkg-I from km. 0.00 to km. 48.58,NHAI,Ministry of Road Transport & Highways,Roads & Highways,Chhattisgarh,10/2015,04/2016,04/2018,08/2026,,1096.52,1172.36,905.32,100.0,2015-10-01,2016-04-01,2018-04-01,2026-08-01,,0.06916426512968292,23.98160315374507,123.98160315374507,100.0,,100.0,0.7722201371592344,2015,10.9652,1,0.8256301754641959,MEDIUM
1673,619104,"4L/2L PS of Govindpur Raiganj - Chas - WB border section of from km. 0.00 to
km. 56.889 of Old NH-32",NHAI,Ministry of Road Transport & Highways,Roads & Highways,"Multi-States (West
Bengal, Jharkhand)",03/2016,12/2017,09/2025,,12/2019,1139.65,1154.8,1064.7,100.0,2016-03-01,2017-12-01,2025-09-01,,2019-12-01,0.013293555038827589,93.00262812089356,,0.0,23.98160315374507,-69.02102496714849,0.9219778316591618,2016,11.396500000000001,1,0.9342341947089018,LOW
1674,619105,"6L Access Controlled Ludhiana-Bathinda Greenfield highway from Jn. with Moga-
Barnala Road NH-703 near village Tallewal to Jn. with Delhi-Katra Expressway NE-5
near Ludhiana village Ballowal from Km 30.300 to Km 75.543 of NH-754AD Pkg-2",NHAI,Ministry of Road Transport & Highways,Roads & Highways,Punjab,07/2021,09/2025,09/2027,09/2027,,1555.13,1564.66,711.39,25.55,2021-07-01,2025-09-01,2027-09-01,2027-09-01,,0.006128105045880391,23.98160315374507,23.98160315374507,0.0,,0.0,0.4546610765278079,2021,60.86614481409002,1,0.4574472873650434,LOW
1675,619106,"4 Lane with PS from Des. Ch 182.300 to Des. Ch. 228.500 of Belgaum-Hungund-
Raichur Section of NH 748 A Package-5",NHAI,Ministry of Road Transport & Highways,Roads & Highways,Karnataka,03/2023,11/2024,11/2026,08/2027,,1141.88,868.65,255.41,40.63,2023-03-01,2024-11-01,2026-11-01,2027-08-01,,-0.2392808351140226,23.98160315374507,32.95006570302234,8.96846254927727,,8.96846254927727,0.29403096759339203,2023,28.10435638690623,1,0.22367499211826108,LOW
1676,619107,"4 Lane with PS from Des. Ch 136.100 to Des. Ch. 182.300 of Belgaum-Hungund-
Raichur Section of NH-748A Package-4",NHAI,Ministry of Road Transport & Highways,Roads & Highways,Karnataka,02/2024,09/2025,09/2027,04/2028,,1311.41,1123.35,227.73,15.0,2024-02-01,2025-09-01,2027-09-01,2028-04-01,,-0.14340290221974833,23.98160315374507,30.97897503285151,6.9973718791064385,,6.9973718791064385,0.20272399519294967,2024,87.42733333333334,1,0.17365278593269837,LOW
1677,619108,"4 Lane with PS from Des. Ch 0.000 to Des. Ch. 43.800 of Belgaum-Hungund-Raichur
Section of NH-748A Package-1",NHAI,Ministry of Road Transport & Highways,Roads & Highways,Karnataka,02/2024,06/2025,06/2027,10/2027,,1452.43,1256.55,490.31,40.21,2024-02-01,2025-06-01,2027-06-01,2027-10-01,,-0.13486364230978437,23.98160315374507,27.989487516425754,4.007884362680684,,4.007884362680684,0.3902033345270781,2024,36.12111415070878,1,0.33757909159133315,LOW
1678,619109,"6L of Badakumari - Karki Section from Km 179.000 to km 226.500 of NH-130-CD
Package OD-3",NHAI,Ministry of Road Transport & Highways,Roads & Highways,Odisha,03/2021,04/2022,04/2024,08/2026,,1101.76,1374.43,713.46,99.7,2021-03-01,2022-04-01,2024-04-01,2026-08-01,,0.24748584083647987,24.014454664914584,52.00394218134034,27.989487516425758,,27.989487516425758,0.5190951885508902,2021,11.050752256770311,1,0.6475638977635784,MEDIUM-HIGH
1679,619111,"6L Jakkuva Korlam Section of NH-130CD Road from km 396.800 to km 421.100 Pkg
2",NHAI,Ministry of Road Transport & Highways,Roads & Highways,Andhra Pradesh,02/2021,03/2022,03/2024,08/2026,,840.51,840.51,573.9,99.83,2021-02-01,2022-03-01,2024-03-01,2026-08-01,,0.0,24.014454664914584,53.022339027595265,29.00788436268068,,29.00788436268068,0.6827997287361245,2021,8.419413002103576,0,0.6827997287361245,MEDIUM
1680,619112,"6L Kantakapalle Sabbavaram Section of NH-130CD Road from Km 445.100 to Km
464.662 Pkg-4",NHAI,Ministry of Road Transport & Highways,Roads & Highways,Andhra Pradesh,02/2021,10/2022,10/2024,12/2026,,1012.57,1012.57,702.4,84.6,2021-02-01,2022-10-01,2024-10-01,2026-12-01,,0.0,24.014454664914584,50.0,25.985545335085416,,25.985545335085416,0.6936804369080656,2021,11.96891252955083,1,0.6936804369080656,MEDIUM
1681,619113,4L of Padalur - Trichy section from km. 285.00 to km. 325.00 of NH - 45 Pkg VI-C,NHAI,Ministry of Road Transport & Highways,Roads & Highways,Tamil Nadu,12/2005,11/2006,05/2009,02/2026,02/2026,555.8,235.8,235.51,100.0,2005-12-01,2006-11-01,2009-05-01,2026-02-01,2026-02-01,-0.5757466714645555,29.96057818659658,231.011826544021,120.0,231.011826544021,120.0,0.9987701441899914,2005,5.558,0,0.4237315581144297,MEDIUM
1682,619114,Indore - Harda Pkg-II [Raghavgarh to Nanasa from km. 29.30 to km. 92.30],NHAI,Ministry of Road Transport & Highways,Roads & Highways,Madhya Pradesh,01/2023,03/2024,03/2026,11/2027,,1081.51,1146.63,369.46,40.25,2023-01-01,2024-03-01,2026-03-01,2027-11-01,,0.06021211084502235,23.98160315374507,44.021024967148485,20.039421813403415,,20.039421813403415,0.322213791720084,2023,26.869813664596272,1,0.34161496426292864,LOW
1683,619115,"4L of Byrapura to Challakere Section from km 308.550 to km 358.500 of NH-150
A",National Highways Authority of India [NHAI],Ministry of Road Transport & Highways,Roads & Highways,Karnataka,03/2018,12/2018,03/2026,,12/2020,796.77,1195.54,430.26,100.0,2018-03-01,2018-12-01,2026-03-01,,2020-12-01,0.5004832009237296,86.95795006570302,,0.0,24.014454664914584,-62.943495400788436,0.3598875821804373,2018,7.9677,0,0.5400052712828043,MEDIUM
1684,619117,Hassan km 184.912 to Maranahally km 230.060 of NH - 75 in Karnataka,NHAI,Ministry of Road Transport & Highways,Roads & Highways,Karnataka,12/2015,03/2017,03/2019,08/2026,,1021.57,1091.4,1068.91,97.8,2015-12-01,2017-03-01,2019-03-01,2026-08-01,,0.06835557034760226,23.98160315374507,113.00919842312746,89.02759526938239,,89.02759526938239,0.9793934396188382,2015,10.445501022494888,1,1.0463404367786837,MEDIUM
1685,619118,Four Laning of Angul to Sambalpur from Km.112.000 to Km.265.000,NHAI,Ministry of Road Transport & Highways,Roads & Highways,Odisha,09/2016,03/2017,08/2019,08/2026,,2510.04,2632.91,2464.91,99.98,2016-09-01,2017-03-01,2019-08-01,2026-08-01,,0.04895141113289027,29.00788436268068,113.00919842312746,84.00131406044677,,84.00131406044677,0.9361922739478372,2016,25.105421084216843,1,0.9820202068492931,MEDIUM
1686,619119,"Cuttack-Angul Section of NH-42 New NH-55 from km 0.400 to km 60.200 Pkg-I in the
State of Odisha",NHAI,Ministry of Road Transport & Highways,Roads & Highways,Odisha,10/2017,01/2018,07/2020,09/2026,,999.32,1178.31,1128.52,99.0,2017-10-01,2018-01-01,2020-07-01,2026-09-01,,0.17911179602129437,29.96057818659658,103.97503285151116,74.01445466491458,,74.01445466491458,0.9577445663704798,2017,10.094141414141415,0,1.1292879157827322,MEDIUM
1687,619120,Nidagatta-Mysore Pkg II,NHAI,Ministry of Road Transport & Highways,Roads & Highways,Karnataka,02/2018,12/2019,06/2022,09/2026,,2919.8,4113.89,3715.84,99.19,2018-02-01,2019-12-01,2022-06-01,2026-09-01,,0.408962942667306,29.993429697766096,81.01182654402102,51.01839684625492,,51.01839684625492,0.9032424299142661,2018,29.43643512450852,1,1.272635111993972,MEDIUM-HIGH
1688,619121,4L of Hubli - Hospet Section of NH-63 from Km 128.850 to Km 272.571,NHAI,Ministry of Road Transport & Highways,Roads & Highways,Karnataka,07/2016,03/2017,03/2026,,03/2020,2531.99,3619.32,3522.85,100.0,2016-07-01,2017-03-01,2026-03-01,,2020-03-01,0.42943692510633946,107.98291721419184,,0.0,36.00525624178712,-71.97766097240472,0.973345821867091,2016,25.319899999999997,1,1.3913364586747974,LOW
1689,619122,Akshardham - DL/UP Border Pkg-01,NHAI,Ministry of Road Transport & Highways,Roads & Highways,"Multi-States (Uttar
Pradesh, Delhi)",09/2020,06/2022,08/2024,,12/2024,1479.22,1476.75,1399.88,100.0,2020-09-01,2022-06-01,2024-08-01,,2024-12-01,-0.0016697989480942844,26.018396846254927,,0.0,30.02628120893561,4.007884362680684,0.9479465041476215,2020,14.792200000000001,1,0.9463636240721461,LOW
1690,619123,"6L Access Controlled Greenfield Highway from Narayanmpet Ch. 203500 to
Chandrasekharpuram Ch. 228000Package-10",NHAI,Ministry of Road Transport & Highways,Roads & Highways,Andhra Pradesh,02/2023,02/2024,02/2026,07/2027,,813.66,678.21,223.35,66.12,2023-02-01,2024-02-01,2026-02-01,2027-07-01,,-0.16647002433448854,24.014454664914584,40.93298291721419,16.918528252299605,,16.918528252299605,0.32932277613128674,2023,12.305807622504537,0,0.27450040557481015,LOW
1691,619124,"6L Access Controlled Greenfield Highway from Polavaram Ch. 260000 to Marripudi
Ch. 285500 of [NH-544G]Package-12",NHAI,Ministry of Road Transport & Highways,Roads & Highways,Andhra Pradesh,02/2023,02/2024,02/2026,05/2027,,747.29,626.83,250.93,70.2,2023-02-01,2024-02-01,2026-02-01,2027-05-01,,-0.16119578744530227,24.014454664914584,38.92904073587385,14.914586070959263,,14.914586070959263,0.4003158751176555,2023,10.645156695156695,0,0.33578664240120976,LOW
1692,619125,"6L Access Controlled Greenfield Highway from Somavarappadu Ch.314.600 to
Muppavaram Ch.343240 of [NH-544G] Package-14",NHAI,Ministry of Road Transport & Highways,Roads & Highways,Andhra Pradesh,02/2023,02/2024,02/2026,10/2027,,1103.9,943.66,267.61,44.56,2023-02-01,2024-02-01,2026-02-01,2027-10-01,,-0.14515807591267335,24.014454664914584,43.95532194480946,19.940867279894878,,19.940867279894878,0.28358730898840684,2023,24.77333931777379,1,0.24242232086239696,LOW
1693,619126,"6L Access Controlled Greenfield Highway from Marripudi Ch. 285500 to
Somavarappadu Ch. 314600 of [NH-544G] Package-13",NHAI,Ministry of Road Transport & Highways,Roads & Highways,Andhra Pradesh,02/2023,02/2024,02/2026,04/2027,,976.41,798.71,370.82,73.0,2023-02-01,2024-02-01,2026-02-01,2027-04-01,,-0.1819932200612447,24.014454664914584,37.943495400788436,13.929040735873851,,13.929040735873851,0.46427364124651,2023,13.375479452054794,0,0.37977898628649853,LOW
1694,619127,"4L of Greenfield Alignment from Km. 47.000 to Km. 89.210 of Balbhadarpur to Bela
Nawda Section of NH-119D",NHAI,Ministry of Road Transport & Highways,Roads & Highways,Bihar,03/2022,03/2024,03/2026,03/2028,,2185.75,2118.46,764.97,30.41,2022-03-01,2024-03-01,2026-03-01,2028-03-01,,-0.030785771474322297,23.98160315374507,47.99605781865966,24.014454664914588,,24.014454664914588,0.3610972121257895,2022,71.8760276224926,1,0.34998055587327004,MEDIUM
1695,619128,"Khammam-Devarapalle Pkg II [4L Access Controlled Greenfield from Somavaram
village to Chintagudem village Design Chainage 33604 to 63117]",NHAI,Ministry of Road Transport & Highways,Roads & Highways,Telangana,01/2021,09/2022,09/2024,08/2026,,615.78,981.64,524.11,98.02,2021-01-01,2022-09-01,2024-09-01,2026-08-01,,0.5941407645587711,24.014454664914584,46.97766097240473,22.963206307490143,,22.963206307490143,0.5339126359969032,2021,6.2821873087125075,0,0.851131897755692,MEDIUM-HIGH
1696,619129,Mahabalipuram - Pondicherry Pkg-I [Mamallapuram to Mugaiyur],NHAI,Ministry of Road Transport & Highways,Roads & Highways,Tamil Nadu,02/2019,05/2022,05/2024,01/2027,,1360.54,1477.94,904.84,58.65,2019-02-01,2022-05-01,2024-05-01,2027-01-01,,0.08628926749672931,24.014454664914584,56.04467805519054,32.03022339027595,,32.03022339027595,0.612230537098935,2019,23.19761295822677,1,0.6650594616843313,MEDIUM
1697,619130,Mahabalipuram - Pondicherry Pkg-II [Mugaiyur to Marakkanam],NHAI,Ministry of Road Transport & Highways,Roads & Highways,Tamil Nadu,02/2019,12/2023,12/2025,03/2027,,1116.13,1463.75,804.69,53.41,2019-02-01,2023-12-01,2025-12-01,2027-03-01,,0.31145117504233366,24.014454664914584,38.96189224704336,14.947437582128774,,14.947437582128774,0.5497455166524339,2019,20.89739749110654,1,0.7209644037880891,MEDIUM
1698,619131,Four Laning of Chettikulam to Natham section of NH-785,NHAI,Ministry of Road Transport & Highways,Roads & Highways,Tamil Nadu,03/2018,11/2018,11/2020,06/2026,,837.61,823.93,641.93,99.75,2018-03-01,2018-11-01,2020-11-01,2026-06-01,,-0.0163321832356348,24.014454664914584,90.9658344283837,66.95137976346912,,66.95137976346912,0.7791074484482905,2018,8.397092731829574,0,0.7663829228399851,MEDIUM
1699,619132,4/6L of Gurgaon - Pataudi - Rewari from km. 0.00 to km.43.87 of NH-352W,NHAI,Ministry of Road Transport & Highways,Roads & Highways,Haryana,05/2020,11/2021,11/2023,08/2026,,1810.04,1917.5,1267.55,77.76,2020-05-01,2021-11-01,2023-11-01,2026-08-01,,0.05936885372698948,23.98160315374507,56.96452036793692,32.98291721419185,,32.98291721419185,0.6610430247718383,2020,23.277263374485596,1,0.7002883914167642,MEDIUM
1700,619134,"6L of Ambala-Chandigarh greenfield section from Km. 0.000 to Km. 25.000 with 4L
spur to Lalru from Km. 0.000 to Km. 5.828 & spur to PR-7 road from Km. 0.000 to
Km. 11.157",NHAI,Ministry of Road Transport & Highways,Roads & Highways,"Multi-States
(Haryana, Punjab)",03/2022,10/2023,10/2025,09/2026,,1641.66,1904.79,1277.92,90.01,2022-03-01,2023-10-01,2025-10-01,2026-09-01,,0.16028288439750002,24.014454664914584,35.019710906701704,11.00525624178712,,11.00525624178712,0.6708981042529624,2022,18.238640151094323,1,0.7784315875394417,LOW
1701,619136,"Rehabilitation and Upgradation of Chorma - Bairgania Section of National Highway
No 227F to 2 lane with paved shoulders from Design Ch.0.000 to Ch. 34.566",NHAI,Ministry of Road Transport & Highways,Roads & Highways,Bihar,06/2022,02/2024,01/2026,08/2026,,610.78,628.65,337.4,100.0,2022-06-01,2024-02-01,2026-01-01,2026-08-01,,0.02925767051966339,22.996057818659658,29.96057818659658,6.964520367936924,,6.964520367936924,0.5367056390678437,2022,6.1078,0,0.5524083958217362,LOW
1702,619137,"4L of Dwarka-Khambaliya-Devariya section from km 203.500 to km 176.500 and
from km 171.800 to km 125.000 of NH-151A",National Highways Authority of India [NHAI],Ministry of Road Transport & Highways,Roads & Highways,Gujarat,01/2019,02/2020,05/2026,,08/2022,1024.69,1753.95,885.64,100.0,2019-01-01,2020-02-01,2026-05-01,,2022-08-01,0.7116884130810294,74.93429697766096,,0.0,29.96057818659658,-44.973718791064385,0.5049402776589983,2019,10.2469,1,0.864300422566825,MEDIUM
1703,619138,Yekkambi-Haveri,NHAI,Ministry of Road Transport & Highways,Roads & Highways,Karnataka,09/2021,03/2022,03/2024,02/2028,,294.62,309.9,94.8,24.7,2021-09-01,2022-03-01,2024-03-01,2028-02-01,,0.05186341728328006,24.014454664914584,71.05781865965834,47.04336399474376,,47.04336399474376,0.3059051306873185,2021,11.927935222672065,0,0.3217704161292512,MEDIUM
1704,619139,"Construction of New Double Tier 4L Elevated Corridor from Chennai Port to
Maduravoyal in Chennai District from km -0.342 to Km 20.593 and Package III from
Km 9.700 to Km 14.185",NHAI,Ministry of Road Transport & Highways,Roads & Highways,Tamil Nadu,03/2023,11/2023,05/2026,03/2029,,1299.36,1299.36,193.34,17.24,2023-03-01,2023-11-01,2026-05-01,2029-03-01,,0.0,29.96057818659658,63.96189224704336,34.001314060446774,,34.001314060446774,0.14879633050116983,2023,75.36890951276102,1,0.14879633050116983,MEDIUM
1705,619140,6L of Naidupeta Junction - Turpukanupur Section from km 57.046 to km 91.927,NHAI,Ministry of Road Transport & Highways,Roads & Highways,Andhra Pradesh,08/2022,10/2023,10/2025,10/2027,,1398.84,965.58,388.87,53.7,2022-08-01,2023-10-01,2025-10-01,2027-10-01,,-0.3097280603928969,24.014454664914584,47.99605781865966,23.981603153745073,,23.981603153745073,0.4027320367033286,2022,26.04916201117318,1,0.2779946241171256,LOW
1706,619141,"Construction of four lane access controlled highway from Chillakuru cross road to
Turpu KanupurPart 1 of Package - II km 0.000 131.500 of NH - 16 to km 23.770 on
New NH-516W including six lane flyover and approaches on NH-16 length km 1.050
and six lane access controlled from Turpu Kanupur to Port South Gate Part 2 of
Package - II km 23.770 to km 35.015 on New NH-516W in the state of Andhra
Pradesh on HAM Mode under Bharatmala Pariyojana Phase I",NHAI,Ministry of Road Transport & Highways,Roads & Highways,Andhra Pradesh,08/2022,12/2023,12/2025,03/2026,,864.2,844.39,358.97,55.53,2022-08-01,2023-12-01,2025-12-01,2026-03-01,,-0.02292293450590148,24.014454664914584,26.971090670170828,2.956636005256243,,2.956636005256243,0.4251234619074125,2022,15.562758869079778,0,0.41537838463318677,LOW
1707,619142,"Construction of 4-lane connectivity to Banbasa ICP at India Nepal border from NH-09
old NH-125 Sitarganj-Tanakpur at Km 40.00 near Jagbuda bridge under Bharatmala
Priyojana of NH-109D on EPC mode in the State of Uttarakhand",NHAI,Ministry of Road Transport & Highways,Roads & Highways,Uttarakhand,06/2022,03/2023,09/2024,04/2027,,216.97,237.01,213.92,75.24,2022-06-01,2023-03-01,2024-09-01,2027-04-01,,0.09236299949301743,18.068331143232587,49.01445466491458,30.946123521681994,,30.946123521681994,0.9025779502974558,2022,2.883705475810739,0,0.9859427570631885,MEDIUM
1708,619143,"4L Access Controlled Greenfield Highway section on NH-163G Khammam
Vijayawada from BrahmanapalliK village at Design Ch. 250.400 Km to Remidicherla
village at Design Ch. 280.200 KmPackage-II",NHAI,Ministry of Road Transport & Highways,Roads & Highways,"Multi-States
(Andhra Pradesh,
Telangana)",03/2023,03/2025,03/2027,06/2027,,826.01,862.58,175.85,25.78,2023-03-01,2025-03-01,2027-03-01,2027-06-01,,0.044273071754579306,23.98160315374507,27.003942181340342,3.0223390275952724,,3.0223390275952724,0.203865148739827,2023,32.040729247478666,0,0.21289088509824336,LOW
1709,619144,Hospet - Chitradurga from km. 299.00 to km. 418.750,NHAI,Ministry of Road Transport & Highways,Roads & Highways,Karnataka,03/2015,02/2016,06/2026,,08/2018,1519.72,387.48,331.26,100.0,2015-03-01,2016-02-01,2026-06-01,,2018-08-01,-0.7450319795751849,123.94875164257556,,0.0,29.96057818659658,-93.98817345597898,0.8549086404459585,2015,15.1972,1,0.21797436369857603,LOW
1710,619145,Four Laning of Una to Kodinar from km. 180.478 to km. 221.610 Package-V,NHAI,Ministry of Road Transport & Highways,Roads & Highways,Gujarat,02/2016,02/2017,08/2019,03/2025,,877.71,1126.66,1008.79,100.0,2016-02-01,2017-02-01,2019-08-01,2025-03-01,,0.2836358250447187,29.927726675427067,96.9119579500657,66.98423127463863,,66.98423127463863,0.8953810377576198,2016,8.7771,0,1.1493431771313987,MEDIUM-HIGH
1711,619146,Kagvadar - Una Package-IV,NHAI,Ministry of Road Transport & Highways,Roads & Highways,Gujarat,02/2016,03/2017,09/2019,06/2026,06/2026,750.53,955.78,833.13,100.0,2016-02-01,2017-03-01,2019-09-01,2026-06-01,2026-06-01,0.2734734121221004,30.02628120893561,111.00525624178712,80.97897503285151,111.00525624178712,80.97897503285151,0.8716754901755634,2016,7.5053,0,1.1100555607370792,MEDIUM-HIGH
1712,619147,"4L of Bal Works of Mahuva to Kagvadar from 100.450 Km. to 140.470 Km. of
NH-8E Pkg- III",NHAI,Ministry of Road Transport & Highways,Roads & Highways,Gujarat,08/2020,03/2021,07/2024,,09/2022,603.08,628.49,624.43,100.0,2020-08-01,2021-03-01,2024-07-01,,2022-09-01,0.04213371360350197,40.01314060446781,,0.0,18.035479632063073,-21.977660972404735,0.9935400722366305,2020,6.0308,0,1.0354016050938515,LOW
1713,619148,4L of Bhavnagar - Talaja Package-I from Km. 6.945 to Km. 54.990 of Old NH-8E,NHAI,Ministry of Road Transport & Highways,Roads & Highways,Gujarat,03/2016,02/2017,06/2024,,08/2019,1185.66,1343.16,1316.53,100.0,2016-03-01,2017-02-01,2024-06-01,,2019-08-01,0.13283740701381508,87.94349540078844,,0.0,29.927726675427067,-58.01576872536137,0.9801736204175228,2016,11.8566,1,1.11037734257713,LOW
1714,619149,"4L of Ratnagiri - Kolhapur section of NH-166 from km 0.000 to km 19.769 and km
31.000 to km 67.140 Pkg I",NHAI,Ministry of Road Transport & Highways,Roads & Highways,Maharashtra,02/2022,11/2022,11/2024,11/2026,,1774.03,2108.41,1444.74,97.4,2022-02-01,2022-11-01,2024-11-01,2026-11-01,,0.18848610226433593,24.014454664914584,47.99605781865966,23.981603153745073,,23.981603153745073,0.6852272565582596,2022,18.213860369609854,1,0.8143830713122101,LOW
1715,619150,"BRT Tiger Reserve Boundary Km.287.500 to Bangalore Section Km.458.420 of NH-
209 in Karnataka",NHAI,Ministry of Road Transport & Highways,Roads & Highways,Karnataka,04/2016,08/2017,08/2019,09/2026,,2082.69,2859.93,2242.71,99.7,2016-04-01,2017-08-01,2019-08-01,2026-09-01,,0.373190441208245,23.98160315374507,109.00131406044677,85.0197109067017,,85.0197109067017,0.7841835289674922,2016,20.889568706118354,1,1.0768333261311094,MEDIUM-HIGH
1716,619152,Bakhtiyarpur Km 153.300 to Mokama Km 197.900,NHAI,Ministry of Road Transport & Highways,Roads & Highways,Bihar,12/2015,06/2017,12/2019,08/2026,,1898.84,1898.84,1799.23,99.95,2015-12-01,2017-06-01,2019-12-01,2026-08-01,,0.0,29.993429697766096,109.98685939553219,79.99342969776609,,79.99342969776609,0.9475416570116493,2015,18.997898949474735,1,0.9475416570116493,MEDIUM
1717,619153,"4L of HP/Punjab Border - Mo from km. 11.00 to km. 42.00 of Old NH-20 New NH-154
Package-IA",NHAI,Ministry of Road Transport & Highways,Roads & Highways,Himachal Pradesh,03/2021,05/2022,05/2024,12/2026,,1002.11,1363.04,819.72,68.65,2021-03-01,2022-05-01,2024-05-01,2026-12-01,,0.3601700412130404,24.014454664914584,55.02628120893561,31.011826544021023,,31.011826544021023,0.6013910083343116,2021,14.597378004369991,1,0.8179940325912325,MEDIUM-HIGH
1718,619154,"Construction of Four Lane Highway from Ghazipur- Ballia-UP/Bihar State Border
Greenfield section of NH-31 Package III [from Pindari km 78.150 to Rawalganj Bypass
Km 117.120] on EPC Mode in the state of Uttar Pradesh",NHAI,Ministry of Road Transport & Highways,Roads & Highways,"Multi-States
(Bihar, Uttar
Pradesh)",10/2022,08/2023,08/2025,10/2026,,1493.5,1493.59,1044.81,86.11,2022-10-01,2023-08-01,2025-08-01,2026-10-01,,6.026113157008246e-05,24.014454664914584,38.009198423127465,13.99474375821288,,13.99474375821288,0.6995293219692151,2022,17.344094762513066,1,0.6995714763977234,LOW
1719,619155,"Upgradation and 4L of Haridwar Bypass from Km 0.000 Km 188.100 of NH-58 to Km.
15.100 Km 5.100 of NH 74 PKg-1",NHAI,Ministry of Road Transport & Highways,Roads & Highways,Uttarakhand,11/2021,10/2022,10/2024,11/2026,,1602.89,1423.89,770.27,80.36,2021-11-01,2022-10-01,2024-10-01,2026-11-01,,-0.11167329011972124,24.014454664914584,49.01445466491458,24.999999999999996,,24.999999999999996,0.540961731594435,2021,19.946366351418618,1,0.48055075519842283,MEDIUM
1720,619156,4 Laning of Paramakudi to Ramanathapuram Section of NH-87 Old NH-49,NHAI,Ministry of Road Transport & Highways,Roads & Highways,Tamil Nadu,07/2025,05/2026,05/2028,05/2028,,1853.16,1853.16,169.53,0.0,2025-07-01,2026-05-01,2028-05-01,2028-05-01,,0.0,24.014454664914584,24.014454664914584,0.0,,0.0,0.09148157741371495,2025,1853.16,1,0.09148157741371495,LOW
1721,619157,"4 Laning of Talcher to end of Kamakhyanagar Bypass km 8.844 - km 15.725 of NH-
149 and km 301.875 - km 335.946 of NH-53 Pkg-I",NHAI,Ministry of Road Transport & Highways,Roads & Highways,Odisha,01/2018,02/2019,08/2021,10/2026,,795.18,810.71,715.74,99.0,2018-01-01,2019-02-01,2021-08-01,2026-10-01,,0.01953016926985096,29.96057818659658,91.95137976346912,61.99080157687254,,61.99080157687254,0.8828557684005378,2018,8.032121212121211,0,0.9000980909982647,MEDIUM
1722,619158,4 Laning of Duburi Chandikhole from km 388.376 to km 428.074 Pkg-III,NHAI,Ministry of Road Transport & Highways,Roads & Highways,Odisha,01/2018,02/2020,08/2022,10/2026,,789.0,907.61,724.96,86.0,2018-01-01,2020-02-01,2022-08-01,2026-10-01,,0.15032953105196453,29.96057818659658,79.96057818659658,50.0,,50.0,0.7987571754387898,2018,9.174418604651162,0,0.9188339670468948,MEDIUM
1723,619160,Balance works in AP Portion and punch list items in TN & AP portion of NH-205,NHAI,Ministry of Road Transport & Highways,Roads & Highways,Andhra Pradesh,10/2022,07/2023,01/2025,01/2026,,166.52,113.46,98.52,100.0,2022-10-01,2023-07-01,2025-01-01,2026-01-01,,-0.31864040355512857,18.068331143232587,30.059132720105122,11.990801576872535,,11.990801576872535,0.8683236382866208,2022,1.6652,0,0.5916406437665145,LOW
1724,619161,"Access Controlled Highway of 4 Lane with Paved Shoulders from Tiruvallur Design
Chainage Km 1756 to TN/AP Broder Design Chainage Km 6151 of NH-716 Chennai-
Tirupati Package-1",NHAI,Ministry of Road Transport & Highways,Roads & Highways,Tamil Nadu,03/2024,12/2024,12/2026,03/2027,,1376.1,1247.7,181.78,46.31,2024-03-01,2024-12-01,2026-12-01,2027-03-01,,-0.093307172443863,23.98160315374507,26.938239159001313,2.956636005256243,,2.956636005256243,0.14569207341508375,2024,29.714964370546316,1,0.13209795799723859,LOW
1725,619162,"4L of Najibabad Bypass from Km. 105.423 to Km. 118.373 excluding 2.45 Km. of NH-
74 Bypass of NH-119",NHAI,Ministry of Road Transport & Highways,Roads & Highways,Uttar Pradesh,01/2022,12/2022,06/2024,08/2026,,578.02,566.9,440.93,100.0,2022-01-01,2022-12-01,2024-06-01,2026-08-01,,-0.019238088647451655,18.00262812089356,43.98817345597897,25.985545335085412,,25.985545335085412,0.7777914976186276,2022,5.7802,0,0.7628282758382063,MEDIUM
1726,619163,"4L of Baramati to Indapur Pkg-II from km. 41.400 to km. 84.550 of NH-965G Saint
Tukaram Marg",NHAI,Ministry of Road Transport & Highways,Roads & Highways,Maharashtra,01/2021,09/2021,09/2023,12/2026,,1471.32,1297.48,1071.0,86.2,2021-01-01,2021-09-01,2023-09-01,2026-12-01,,-0.11815240736209658,23.98160315374507,62.97634691195795,38.99474375821288,,38.99474375821288,0.8254462496531738,2021,17.068677494199534,1,0.7279177881086372,MEDIUM
1727,619164,Belgaum-Khanapur Pkg I Km 0.000-Km 30.800 of NH-4A,NHAI,Ministry of Road Transport & Highways,Roads & Highways,Karnataka,03/2018,03/2019,09/2021,03/2027,,1214.3,1195.74,917.82,75.72,2018-03-01,2019-03-01,2021-09-01,2027-03-01,,-0.015284526064399197,30.059132720105122,95.99211563731932,65.93298291721419,,65.93298291721419,0.7675748908625621,2018,16.036714210248284,1,0.7558428724367949,MEDIUM
1728,619165,Thanamcherla-Jamandlapally 2LPS,NHAI,Ministry of Road Transport & Highways,Roads & Highways,Telangana,11/2013,03/2014,02/2023,12/2026,,177.18,18.65,8.3,100.0,2013-11-01,2014-03-01,2023-02-01,2026-12-01,,-0.8947398126199345,107.06307490144546,153.02233902759525,45.95926412614979,,45.95926412614979,0.44504021447721187,2013,1.7718,0,0.04684501636753584,MEDIUM
1729,619166,Umagaon-Saharsa Package-V Bakaur-Parsarma-Bangaon-Bariyahi & Spur to Mahishi,NHAI,Ministry of Road Transport & Highways,Roads & Highways,Bihar,10/2022,12/2023,12/2025,08/2026,,768.35,968.42,509.32,99.5,2022-10-01,2023-12-01,2025-12-01,2026-08-01,,0.26038914557167947,24.014454664914584,31.99737187910644,7.982917214191854,,7.982917214191854,0.5259288325313397,2022,7.722110552763819,0,0.6628749918656862,LOW
1730,619167,"4 Laning with PS of Pathrapalli-Katghora km 53.3 to km 92.6 Pkg-II of Bilaspur
Kathghora",NHAI,Ministry of Road Transport & Highways,Roads & Highways,Chhattisgarh,12/2019,12/2020,12/2022,11/2026,,865.1,1275.26,853.85,93.1,2019-12-01,2020-12-01,2022-12-01,2026-11-01,,0.4741185990058952,23.98160315374507,70.99211563731932,47.010512483574246,,47.010512483574246,0.669549738876778,2019,9.2921589688507,0,0.9869957230377991,MEDIUM-HIGH
1731,619168,"6L access controlled Greenfield highway of Junction of EPE Vill.-Mavikalan to Vill.-
Lohadda from Km. 0.000 to Km. 27.000 Pkg-1",NHAI,Ministry of Road Transport & Highways,Roads & Highways,Uttar Pradesh,03/2021,09/2022,09/2024,08/2026,,1602.48,1497.94,1423.29,99.29,2021-03-01,2022-09-01,2024-09-01,2026-08-01,,-0.06523638360541159,24.014454664914584,46.97766097240473,22.963206307490143,,22.963206307490143,0.9501648931198846,2021,16.139389666633093,1,0.8881795716639209,LOW
1732,619171,RPR FOR DURGAPUR OCP 10 MTY,SECL - CIL,Ministry of Coal,Coal,Chhattisgarh,09/2025,09/2025,03/2032,-,,2415.91,2415.91,2.99,0.01,2025-09-01,2025-09-01,2032-03-01,,,0.0,77.95663600525624,,0.0,,0.0,0.0012376288851819813,2025,241590.99999999997,1,0.0012376288851819813,LOW
1733,619172,MADANNAGAR OCP 12 MTY - MDO,SECL - CIL,Ministry of Coal,Coal,Chhattisgarh,12/2024,12/2024,03/2033,-,,1859.19,1859.19,0.45,0.0,2024-12-01,2024-12-01,2033-03-01,,,0.0,98.94875164257556,,0.0,,0.0,0.0002420408887741436,2024,1859.19,1,0.0002420408887741436,LOW
1734,619181,"Rehabilitation and Up gradation from 4 to 8 laning of Chandikhole Paradip Section of
NH-53 Old NH 5A from Km.60.000 to Km.76.646 Package-4",NHAI,Ministry of Road Transport & Highways,Roads & Highways,Odisha,03/2023,11/2024,10/2026,12/2027,,882.45,1009.92,196.67,36.02,2023-03-01,2024-11-01,2026-10-01,2027-12-01,,0.14445011048784623,22.963206307490143,36.957950065703024,13.99474375821288,,13.99474375821288,0.1947381970849176,2023,24.498889505830093,0,0.22286815117003794,LOW
1735,619183,"Widening of Existing Road from Intermediate Lane 2-lane to 4-lane Between Km
19.994 to Km 35.180 of NH-848A Rakholi-Khadoli-Velugam Section in U.T. of Dadra
and Nagar Haveli and Daman and Diu",MoRTH,Ministry of Road Transport & Highways,Roads & Highways,"Dadra & Nagar
Haveli and Daman
& Diu",10/2022,02/2024,06/2026,08/2026,,198.06,239.57,77.74,80.0,2022-10-01,2024-02-01,2026-06-01,2026-08-01,,0.20958295466020394,27.95663600525624,29.96057818659658,2.003942181340342,,2.003942181340342,0.32449805902241513,2022,2.47575,0,0.3925073210138342,LOW
1736,619184,"Rehabilitation and up-gradation and completion of balance works of the section from
Km 107.760 km to 129.445 km After Middle strait to Humphrey, Km 130.600 to
138.300 After Humphrey to Kadamtala of NH-4 Intermediate/2-Lane with hard
shoulder in the Union Territory of Andaman & Nicobar Islands on EPC basis Package-
IIIA",NHIDCL,Ministry of Road Transport & Highways,Roads & Highways,"Andaman &
Nicobar",02/2018,03/2024,09/2025,12/2026,,207.45,376.48,0.0,81.95,2018-02-01,2024-03-01,2025-09-01,2026-12-01,,0.8147987466859486,18.035479632063073,33.01576872536137,14.980289093298296,,14.980289093298296,0.0,2018,2.5314215985356925,0,0.0,MEDIUM-HIGH
1737,619185,"Rehabilitation and up-gradation and completion of balance work of section from Km
155.00 to Km 181.00 End of Jarwa to Rangat of NH -4 Total length 26 Km to
Intermediate Lane/2-lane with hard shoulders in the UT of A&N Islands on EPC basis -
Package-III.B Balance work",NHIDCL,Ministry of Road Transport & Highways,Roads & Highways,"Andaman &
Nicobar",02/2018,05/2024,10/2025,03/2027,,183.56,333.12,163.63,50.15,2018-02-01,2024-05-01,2025-10-01,2027-03-01,,0.8147744606668119,17.017082785808146,33.96846254927726,16.951379763469117,,16.951379763469117,0.4912043707973103,2018,3.660219341974078,0,0.8914251470908694,MEDIUM-HIGH
1738,619186,"Construction of Balance works of Major Bridge over Middle Strait Creek between
Km.106.590 to km108.553 of NH-04 connecting South Andaman & Baratang Island in
the Union Territory of Andaman & Nicobar Islands on EPC basis",NHIDCL,Ministry of Road Transport & Highways,Roads & Highways,"Andaman &
Nicobar",03/2015,05/2024,02/2026,12/2026,,262.96,371.88,112.15,12.98,2015-03-01,2024-05-01,2026-02-01,2026-12-01,,0.4142074840279891,21.057818659658345,31.011826544021023,9.954007884362678,,9.954007884362678,0.3015757771324083,2015,20.258859784283512,0,0.42649072102220875,LOW
1739,619187,"Slope protection and landslide mitigation at 4 vulnerable locations km 1.950 to Km
2.100, km 11.100 to 11.450, km 22.435 to km 22.485 and km 22.610 to km 22.680
within Sevoke-Rangpo section of NH-10 old NH-31A in Darjeeling & Kalimpong district
in the State of West Bengal on EPC mode",NHIDCL,Ministry of Road Transport & Highways,Roads & Highways,West Bengal,02/2024,06/2025,06/2027,06/2027,,152.27,152.27,21.2,34.47,2024-02-01,2025-06-01,2027-06-01,2027-06-01,,0.0,23.98160315374507,23.98160315374507,0.0,,0.0,0.13922637420371706,2024,4.417464461850885,0,0.13922637420371706,LOW
1740,619191,Kanpur LPG Bottling Plant,Bharat Petroleum Corporation Limited [BPCL],Ministry of Petroleum & Natural Gas,Oil & Gas,Uttar Pradesh,09/2025,09/2025,09/2027,-,,202.0,202.0,132.75,62.5,2025-09-01,2025-09-01,2027-09-01,,,0.0,23.98160315374507,,0.0,,0.0,0.6571782178217822,2025,3.232,0,0.6571782178217822,LOW
1741,619193,"Rehabilitation and upgradation of NH-221 from km 121/0 to 165/0 Rudrampur to
Bhadrachalam section to two lane with paved shoulder under NHDPIV in the state of
Telangana through EPC mode",MoRTH,Ministry of Road Transport & Highways,Roads & Highways,Telangana,01/2015,02/2015,02/2017,08/2026,,295.47,334.82,375.14,82.76,2015-01-01,2015-02-01,2017-02-01,2026-08-01,,0.13317764916912025,24.014454664914584,137.94349540078844,113.92904073587385,,113.92904073587385,1.1204229138044322,2015,3.570202996616723,0,1.2696382035401224,MEDIUM
1742,619194,"Construction of Four Lane Gola Flyover at Km 99.850 of NH 730 Major Junction with
State Highways -93 of Engineering, Procurement and Construction EPC mode in the
State of Uttar Pradesh",MoRTH,Ministry of Road Transport & Highways,Roads & Highways,Uttar Pradesh,03/2025,05/2026,10/2027,10/2027,,168.05,168.05,0.0,12.0,2025-03-01,2026-05-01,2027-10-01,2027-10-01,,0.0,17.017082785808146,17.017082785808146,0.0,,0.0,0.0,2025,14.004166666666668,0,0.0,LOW
1743,619196,"Change of service of existing Mundra-Panipat Pipeline [Panipat - Churwa section]
from Crude oil to Product",Indian Oil Corporation Limited [IOCL],Ministry of Petroleum & Natural Gas,Oil & Gas,"Multi-States
(Gujarat, Haryana,
Rajasthan)",05/2025,05/2025,04/2027,-,,359.0,359.0,52.55,43.3,2025-05-01,2025-05-01,2027-04-01,,,0.0,22.996057818659658,,0.0,,0.0,0.14637883008356545,2025,8.290993071593533,0,0.14637883008356545,LOW
1744,619197,Delhi-Vadodara Greenfield Alignment NH-148N Pkg-27 Ch.729.700 to Ch.756.052,NHAI,Ministry of Road Transport & Highways,Roads & Highways,Gujarat,09/2020,02/2022,02/2024,08/2026,,1185.69,1259.27,1045.08,98.9,2020-09-01,2022-02-01,2024-02-01,2026-08-01,,0.06205669272744134,23.98160315374507,53.942181340341655,29.960578186596585,,29.960578186596585,0.8299093919493039,2020,11.988776541961577,1,0.8814108240771196,MEDIUM
1745,619198,"Vadodara Mumbai Expressway Phase II - Pkg XII [Km. 50.700 to Km. 77.000] Masvan
- Ganjad",NHAI,Ministry of Road Transport & Highways,Roads & Highways,Maharashtra,08/2020,03/2022,03/2024,08/2026,,1711.38,2388.52,979.42,99.87,2020-08-01,2022-03-01,2024-03-01,2026-08-01,,0.3956689922752398,24.014454664914584,53.022339027595265,29.00788436268068,,29.00788436268068,0.4100530872674292,2020,17.13607689996996,1,0.5722983790858839,MEDIUM-HIGH
1746,619199,"Bangalore Chennai Expressway Phase-II Pkg-I from km.71.000 to Km 96.000
Bethamangala in the state of Karnataka to Byreddypalli",NHAI,Ministry of Road Transport & Highways,Roads & Highways,"Multi-States
(Andhra Pradesh,
Karnataka)",12/2020,10/2022,10/2024,09/2026,,1410.01,1410.01,744.42,99.2,2020-12-01,2022-10-01,2024-10-01,2026-09-01,,0.0,24.014454664914584,47.010512483574246,22.99605781865966,,22.99605781865966,0.5279537024560109,2020,14.213810483870967,1,0.5279537024560109,LOW
1747,619200,"Delhi-Amritsar-Katra Expressway Phase-I Spur-III from Junction with Amritsar-
Jalandhar road NH-3 near Bhishambarpura to Junction with Amritsar-Anjala road NH-
354 near Amritsar Airport [Km 71000 to Km 99000 of Amritsar connectivity]",NHAI,Ministry of Road Transport & Highways,Roads & Highways,Punjab,03/2021,11/2022,10/2024,10/2027,,1641.75,1951.7,1364.2,33.85,2021-03-01,2022-11-01,2024-10-01,2027-10-01,,0.18879244708390439,22.996057818659658,58.96846254927726,35.972404730617605,,35.972404730617605,0.6989803760823897,2021,48.50073855243722,1,0.8309425917466119,MEDIUM
1748,619201,Karnal ring road Lot-4/Pkg-1,NHAI,Ministry of Road Transport & Highways,Roads & Highways,Haryana,11/2022,08/2023,08/2025,10/2026,,1741.45,2041.54,834.54,96.66,2022-11-01,2023-08-01,2025-08-01,2026-10-01,,0.17232191564500843,24.014454664914584,38.009198423127465,13.99474375821288,,13.99474375821288,0.40877964673726697,2022,18.016242499482725,1,0.4792213385397226,LOW
1749,619202,"Dwarka Expressway from Km -0.600 to Km 5.300 - Pkg-I Shivmurti Chowk-RuB near
Dwarka Sector 21",NHAI,Ministry of Road Transport & Highways,Roads & Highways,Delhi,03/2018,09/2020,09/2022,08/2026,,2144.67,3929.5,3512.17,98.8,2018-03-01,2020-09-01,2022-09-01,2026-08-01,,0.8322166114134109,23.98160315374507,70.9592641261498,46.977660972404735,,46.977660972404735,0.8937956483013106,2018,21.707186234817815,1,1.63762723402668,HIGH
1750,619203,Vadape to Thane from km 539.202 to km 563.000 section of NH-3 new NH-848,NHAI,Ministry of Road Transport & Highways,Roads & Highways,Maharashtra,03/2018,01/2019,07/2021,10/2026,,1252.92,1371.27,491.86,87.0,2018-03-01,2019-01-01,2021-07-01,2026-10-01,,0.09445934297481076,29.96057818659658,92.96977660972405,63.00919842312747,,63.00919842312747,0.35868939012740014,2018,14.401379310344828,1,0.39257095425086996,MEDIUM
1751,619204,"Capacity Augmentation in the stretch of Pimpri Sado Vadape section of NH848 Km.
460900 to Km. 537000 by Construction of Slip/Service Road on either side at various
locations total length 25.140 Km LHSRHS, Flyover 2 x 25m at Borivali Junction Km.
528550 & LVUP 1 x 15m at Sherekarpada Km. 528800",NHAI,Ministry of Road Transport & Highways,Roads & Highways,Maharashtra,12/2025,04/2026,10/2027,10/2027,,372.03,372.03,1.5,1.0,2025-12-01,2026-04-01,2027-10-01,2027-10-01,,0.0,18.00262812089356,18.00262812089356,0.0,,0.0,0.004031932908636401,2025,372.03,0,0.004031932908636401,LOW
1752,619205,Six Laning of KT/KL Border Thalapaddy -Chengala from Km. 17.200 to Km. 57.20,NHAI,Ministry of Road Transport & Highways,Roads & Highways,"Multi-States
(Karnataka,
Kerala)",05/2020,11/2021,05/2024,08/2026,,1981.07,2681.48,1701.33,100.0,2020-05-01,2021-11-01,2024-05-01,2026-08-01,,0.3535513636570137,29.96057818659658,56.96452036793692,27.00394218134034,,27.00394218134034,0.6344742455658815,2020,19.8107,1,0.8587934802909538,MEDIUM-HIGH
1753,619206,6L of Perole Nileshwar town to Taliparamba from Km 94.248 to Km 134.650 of NH-66,NHAI,Ministry of Road Transport & Highways,Roads & Highways,Kerala,06/2020,10/2021,01/2024,03/2027,,3041.65,3867.66,2526.45,86.65,2020-06-01,2021-10-01,2024-01-01,2027-03-01,,0.2715664195420248,27.003942181340342,64.94743758212877,37.94349540078843,,37.94349540078843,0.6532244302756706,2020,35.10271206001154,1,0.8306182499630134,MEDIUM-HIGH
1754,619207,Start of Kollam Bypass - Kadambattukonam,NHAI,Ministry of Road Transport & Highways,Roads & Highways,Kerala,06/2021,10/2022,03/2025,06/2027,,2641.37,3309.06,1990.71,81.8,2021-06-01,2022-10-01,2025-03-01,2027-06-01,,0.25278170040547143,28.97503285151117,55.97897503285151,27.00394218134034,,27.00394218134034,0.601593806095991,2021,32.29058679706601,1,0.7536657113543351,MEDIUM-HIGH
1755,619208,Kadambattukonam-Kazhakuttom,NHAI,Ministry of Road Transport & Highways,Roads & Highways,Kerala,12/2021,07/2022,01/2025,05/2027,,3635.64,3526.33,2124.13,44.34,2021-12-01,2022-07-01,2025-01-01,2027-05-01,,-0.030066233180402885,30.059132720105122,57.98291721419185,27.92378449408673,,27.92378449408673,0.6023627964484323,2021,81.99458728010825,1,0.5842520161512141,MEDIUM
1756,619209,"4L of existing 2/4L stretch from Lonand to Dive Ghat Km 166.400 to Km 220.900
of Mohol Alandi section of NH-965 Pkg - V",NHAI,Ministry of Road Transport & Highways,Roads & Highways,Maharashtra,10/2021,05/2022,03/2026,,05/2024,1709.56,2049.51,1295.04,100.0,2021-10-01,2022-05-01,2026-03-01,,2024-05-01,0.19885233627366122,45.992115637319316,,0.0,24.014454664914584,-21.97766097240473,0.6318778634893217,2021,17.0956,1,0.757528252883783,LOW
1757,619210,Dharampuri-Lonand from km. 117.00 to 166.40 Pkg-IV on Mohol-Alandi Section,NHAI,Ministry of Road Transport & Highways,Roads & Highways,Maharashtra,01/2021,09/2021,09/2023,09/2026,,1411.71,1358.68,1474.28,97.4,2021-01-01,2021-09-01,2023-09-01,2026-09-01,,-0.03756437228609273,23.98160315374507,59.98685939553219,36.00525624178712,,36.00525624178712,1.0850825801513233,2021,14.49394250513347,1,1.044322134149365,MEDIUM
1758,619211,"6L of MH/KN Border Nimbal Village to KN/TS Border Singnodi Village from Km.
97.000 to Km. 162.500 in Yadgir of NH-150C Pkg-III",NHAI,Ministry of Road Transport & Highways,Roads & Highways,Karnataka,03/2022,04/2023,10/2025,11/2026,,2104.7,2065.83,984.28,73.9,2022-03-01,2023-04-01,2025-10-01,2026-11-01,,-0.018468190240889387,30.02628120893561,43.03547963206307,13.009198423127462,,13.009198423127462,0.4764574045298984,2022,28.480378890392416,1,0.46765809854135987,LOW
1759,619212,"6L Access Controlled Greenfield Highway of Julekal village to Dinnedevarapadu
village from Km 242.200 to Km 280.400 Pkg-2",NHAI,Ministry of Road Transport & Highways,Roads & Highways,"Multi-States
(Andhra Pradesh,
Telangana)",01/2022,01/2023,01/2025,04/2027,,1227.57,1315.87,539.17,70.6,2022-01-01,2023-01-01,2025-01-01,2027-04-01,,0.07193072492810998,24.014454664914584,50.9526938239159,26.938239159001316,,26.938239159001316,0.40974412365963203,2022,17.387677053824362,1,0.4392173155095025,MEDIUM
1760,619213,"6L of Hatibena - Badakumari Section from Km 146.50 to km 179.00 of NH-130-CD
Package OD-2",NHAI,Ministry of Road Transport & Highways,Roads & Highways,Odisha,02/2021,03/2022,03/2024,08/2026,,791.17,1070.63,733.61,99.99,2021-02-01,2022-03-01,2024-03-01,2026-08-01,,0.3532237066622852,24.014454664914584,53.022339027595265,29.00788436268068,,29.00788436268068,0.68521337903851,2021,7.912491249124913,0,0.9272469886370819,MEDIUM-HIGH
1761,619214,"4L of Channarayapatna Bypass and Hassan Bypass with structures in Devihalli -
Hassan section",NHAI,Ministry of Road Transport & Highways,Roads & Highways,Karnataka,04/2020,01/2021,01/2023,10/2026,,688.0,684.54,600.43,82.34,2020-04-01,2021-01-01,2023-01-01,2026-10-01,,-0.0050290697674419136,23.98160315374507,68.95532194480946,44.973718791064385,,44.973718791064385,0.8771291670318754,2020,8.355598736944376,0,0.8727180232558139,MEDIUM
1762,619215,"Cuttack-Angul Section of NH-42 New NH-55 from Km.60.200 to Km. 112.000 Pkg-II in
the State of Odisha",NHAI,Ministry of Road Transport & Highways,Roads & Highways,Odisha,10/2017,03/2018,09/2020,09/2026,,991.41,1168.82,1083.8,99.66,2017-10-01,2018-03-01,2020-09-01,2026-09-01,,0.17894715607064682,30.059132720105122,102.03679369250985,71.97766097240472,,71.97766097240472,0.9272599715952842,2017,9.947922937989164,0,1.093190506450409,MEDIUM
1763,619216,"6L access Controlled Greenfield Highway from Adhoya Musalmana to Sadopur
section of Shamli -Ambala Package-III Design Ch. Form km 84.400 to km 121.786",NHAI,Ministry of Road Transport & Highways,Roads & Highways,"Multi-States
(Haryana, Punjab)",05/2022,05/2023,05/2025,12/2026,,1491.72,1122.86,791.92,81.33,2022-05-01,2023-05-01,2025-05-01,2026-12-01,,-0.24727160593140812,24.014454664914584,43.03547963206307,19.021024967148488,,19.021024967148488,0.7052704700496946,2022,18.34157137587606,1,0.5308771083045075,LOW
1764,619217,4L of Haridwar-Nagina section from km. 0.00 to km. 71.614 of NH-74,NHAI,Ministry of Road Transport & Highways,Roads & Highways,"Multi-States (Uttar
Pradesh,
Uttarakhand)",12/2015,01/2018,07/2020,08/2026,,1659.12,1622.49,1546.89,99.85,2015-12-01,2018-01-01,2020-07-01,2026-08-01,,-0.022077969043830394,29.96057818659658,102.95663600525624,72.99605781865966,,72.99605781865966,0.9534049516483923,2015,16.616124186279418,1,0.9323557066396645,MEDIUM
1765,619218,"4L Tumkur-Shimoga Pkg-I from Mallasandra to Karadi village of NH-206 from Km.
12.300 to Km. 65.195",NHAI,Ministry of Road Transport & Highways,Roads & Highways,Karnataka,02/2018,10/2019,10/2021,08/2026,,1364.14,1692.12,1336.55,100.0,2018-02-01,2019-10-01,2021-10-01,2026-08-01,,0.2404298679021213,24.014454664914584,81.99737187910644,57.98291721419186,,57.98291721419186,0.7898671489019692,2018,13.6414,1,0.9797748031726948,MEDIUM-HIGH
1766,619219,"4L of Tumkur-Shimoga Pkg-II from Km 65.195 Karadi to Km 121.900 Banawara of
NH-206",NHAI,Ministry of Road Transport & Highways,Roads & Highways,Karnataka,02/2018,10/2019,10/2021,12/2026,,1505.85,1989.89,1298.78,99.98,2018-02-01,2019-10-01,2021-10-01,2026-12-01,,0.3214397184314508,24.014454664914584,86.00525624178712,61.99080157687254,,61.99080157687254,0.6526893446371407,2018,15.06151230246049,1,0.8624896238005114,MEDIUM-HIGH
1767,619220,"Tumkur-Shimoga Pkg-III from Km 121.900 Banawara to Km 170.415 Bettadahalli of
Old NH-206",NHAI,Ministry of Road Transport & Highways,Roads & Highways,Karnataka,02/2018,03/2021,03/2023,12/2026,,1444.5,1834.81,872.97,98.0,2018-02-01,2021-03-01,2023-03-01,2026-12-01,,0.27020422291450324,23.98160315374507,69.02102496714849,45.03942181340342,,45.03942181340342,0.47578223358276883,2018,14.739795918367347,1,0.6043406022845276,MEDIUM-HIGH
1768,619221,"Realignment of Rudrapur-Kathgodam Section of NH-87 New NH-109 From Design
Chainage 000 Existing Chainage Km.54050 To Design Chainage 7875 Existing
Chainage Km.61550 Due To Proposed Expansion Of Pantnagar Airport in the state of
Uttarakhand",NHAI,Ministry of Road Transport & Highways,Roads & Highways,Uttarakhand,08/2025,06/2026,09/2027,09/2027,,252.97,252.97,0.14,0.0,2025-08-01,2026-06-01,2027-09-01,2027-09-01,,0.0,15.013140604467806,15.013140604467806,0.0,,0.0,0.0005534253073486976,2025,252.97,0,0.0005534253073486976,LOW
1769,619222,"Balance works of four lane from km 43.950 Thiruvallur Bypass to km 61.470
Veppampattu Bypass passing through Thannerkulam, Thozur and Sevapet Bypass
17.520 kms of Tirupathi- Tiruttani- Chennai section of NH 205",NHAI,Ministry of Road Transport & Highways,Roads & Highways,Tamil Nadu,03/2022,09/2022,09/2024,08/2026,,467.99,699.68,595.08,97.92,2022-03-01,2022-09-01,2024-09-01,2026-08-01,,0.495074681082929,24.014454664914584,46.97766097240473,22.963206307490143,,22.963206307490143,0.8505030871255432,2022,4.779309640522876,0,1.271565631744268,MEDIUM
1770,619223,"Petro Resid Fluidized Catalytic Cracking [PRFCC] Unit and its associated facilities at
Mumbai Refinery",Bharat Petroleum Corporation Limited [BPCL],Ministry of Petroleum & Natural Gas,Oil & Gas,Maharashtra,05/2025,05/2025,09/2029,-,,13626.0,13626.0,93.6,7.2,2025-05-01,2025-05-01,2029-09-01,,,0.0,52.03679369250985,,0.0,,0.0,0.0068692206076618224,2025,1892.5,1,0.0068692206076618224,LOW
1771,619224,Augmentation of DUPL-DPPL Pipeline,Gas Authority of India Limited [GAIL],Ministry of Petroleum & Natural Gas,Oil & Gas,Maharashtra,06/2025,06/2025,03/2028,-,,844.0,844.0,1.2,8.2,2025-06-01,2025-06-01,2028-03-01,,,0.0,32.98291721419185,,0.0,,0.0,0.0014218009478672985,2025,102.92682926829269,0,0.0014218009478672985,LOW
1772,619225,Installation of Compression facility at GAIL Usar,Gas Authority of India Limited [GAIL],Ministry of Petroleum & Natural Gas,Oil & Gas,Maharashtra,04/2025,04/2025,04/2027,-,,260.2,260.2,0.0,0.0,2025-04-01,2025-04-01,2027-04-01,,,0.0,23.98160315374507,,0.0,,0.0,0.0,2025,260.2,0,0.0,LOW
1773,619226,Provision of four bitumen tanks with capacity of 5 TMT each at Visakh Refinery,Hindustan Petroleum Corporation Limited,Ministry of Petroleum & Natural Gas,Oil & Gas,Andhra Pradesh,09/2025,09/2025,03/2028,-,,258.34,258.34,8.67,20.2,2025-09-01,2025-09-01,2028-03-01,,,0.0,29.96057818659658,,0.0,,0.0,0.03356042424711621,2025,12.789108910891088,0,0.03356042424711621,LOW
1774,619227,"Network Expansion Scheme in Maharashtra for removal of Transmission constraints in
Pune Region-I [765/400kV AIS Pune East]",Power Grid Corporation of India Limited [POWERGRID],Ministry of Power,Transmission & Distribution,Maharashtra,03/2026,03/2026,03/2028,-,,1420.0,1420.0,38.9,3.92,2026-03-01,2026-03-01,2028-03-01,,,0.0,24.014454664914584,,0.0,,0.0,0.027394366197183096,2026,362.2448979591837,1,0.027394366197183096,LOW
1775,619228,"Transmission System Strengthening for integration of additional RE Potential at
Davanagere [0.25 GW] and Bellary [2.75 GW]",Power Grid Corporation of India Limited [POWERGRID],Ministry of Power,Transmission & Distribution,Karnataka,02/2026,02/2026,02/2028,-,,1111.0,1111.0,22.22,1.0,2026-02-01,2026-02-01,2028-02-01,,,0.0,23.98160315374507,,0.0,,0.0,0.02,2026,1111.0,1,0.02,LOW
1776,619229,"Integrated development of Outer Container Terminal and berth No. 1 though 5 NSD at
KDS, SMPK on DBFOT basis through PPP mode",Syama Prasad Mookerjee Port Kolkata,"Ministry of Ports, Shipping and Waterways",Shipping,West Bengal,03/2025,02/2027,08/2028,-,,832.25,832.25,0.0,0.0,2025-03-01,2027-02-01,2028-08-01,,,0.0,17.969776609724047,,0.0,,0.0,0.0,2025,832.25,0,0.0,LOW
1777,619248,"lmprovement and Widening to 2-lane with Paved Shoulder of NH-13 & 15 Old
NH-52 from Existing Km 745.60 Design Km 0.000 to Existing km 770.600 Design
Km 24.819 Brahmakund T-junction to Kamlang T-Junction, Existing Length 25.00
Km, Design Length 24.819 Km in the state of Arunachal Pradesh on EPC mode
Pkg-1",NHIDCL,Ministry of Road Transport & Highways,Roads & Highways,Arunachal Pradesh,12/2023,06/2026,06/2028,06/2028,,441.41,441.41,25.88,14.69,2023-12-01,2026-06-01,2028-06-01,2028-06-01,,0.0,24.014454664914584,24.014454664914584,0.0,,0.0,0.058630298362067006,2023,30.04833219877468,0,0.058630298362067006,LOW
1778,619251,"Construction of two lane with paved shoulder of Ghatol Bypass from km 133.250 to
km 140.950 of NH-56 old NH No. 113 on EPC mode in the State of Rajasthan",MoRTH,Ministry of Road Transport & Highways,Roads & Highways,Rajasthan,03/2025,03/2026,09/2027,-,,170.49,170.49,0.0,17.0,2025-03-01,2026-03-01,2027-09-01,,,0.0,18.035479632063073,,0.0,,0.0,0.0,2025,10.028823529411765,0,0.0,LOW
1779,619253,"Construction of 4 lane Bypass to Nalgonda Town lrorn Km 000 Existing Ch. 181590 to
Km 14.00 Existing Ch. 28/685 ol Nakrekal to Nagarjunsagar Section of NH -565 in the
State of Telangara on EPC under Annual Plan 2024 -25",MoRTH,Ministry of Road Transport & Highways,Roads & Highways,Telangana,10/2024,10/2025,10/2027,10/2027,,516.17,516.17,0.0,55.62,2024-10-01,2025-10-01,2027-10-01,2027-10-01,,0.0,23.98160315374507,23.98160315374507,0.0,,0.0,0.0,2024,9.28029485796476,0,0.0,LOW
1780,619265,"Rehabilitation & Upgradation of Thorrur to Nehru Nagar section to Two Lane with
Paved shoulders from Km 109/420 to Km 178/500 of NH 930P in the state of
Telangana on EPC mode under Annual Plan 2022-2023",MoRTH,Ministry of Road Transport & Highways,Roads & Highways,Telangana,01/2025,07/2026,07/2028,07/2028,,675.45,675.45,0.0,0.0,2025-01-01,2026-07-01,2028-07-01,2028-07-01,,0.0,24.014454664914584,24.014454664914584,0.0,,0.0,0.0,2025,675.45,0,0.0,LOW
1781,619270,"Upgradation of 6 laned Jaipur- Kishangarh section of NH-48 from km 274100 to
363885 involving construction of flyovers and Service road in Rajasthan On
Engineering, Procurement & Construction EPC Mode",NHAI,Ministry of Road Transport & Highways,Roads & Highways,Rajasthan,03/2026,08/2026,01/2029,08/2028,,910.91,910.91,0.0,0.0,2026-03-01,2026-08-01,2029-01-01,2028-08-01,,0.0,29.040735873850196,24.014454664914584,-5.026281208935611,,-5.026281208935611,0.0,2026,910.91,0,0.0,LOW
1782,619271,"Construction of Elevated Corridor at Kherwara Town on Udaipur Ratanpur Shamlaji
Section of NH-48 in Udaipur District in the State of Rajasthan on EPC mode",NHAI,Ministry of Road Transport & Highways,Roads & Highways,Rajasthan,03/2026,07/2026,01/2029,01/2029,,363.89,363.89,0.38,0.0,2026-03-01,2026-07-01,2029-01-01,2029-01-01,,0.0,30.059132720105122,30.059132720105122,0.0,,0.0,0.0010442716205446702,2026,363.89,0,0.0010442716205446702,LOW
1783,619289,"4L of Munger Mirzachauki section from Munger to Kharia village junction from Km
69520 to Km 95580 Pkg-1",NHAI,Ministry of Road Transport & Highways,Roads & Highways,Bihar,01/2021,03/2022,03/2024,10/2026,,1659.81,1696.66,685.48,82.72,2021-01-01,2022-03-01,2024-03-01,2026-10-01,,0.022201336297528112,24.014454664914584,55.02628120893561,31.011826544021023,,31.011826544021023,0.40401730458665847,2021,20.065401353965182,1,0.4129870286358077,MEDIUM
1784,619291,4L Poanta SahebMednipur from Km. 435.65 to km. 458.65 of NH-07Pkg-1,NHAI,Ministry of Road Transport & Highways,Roads & Highways,"Multi-States
(Uttarakhand, Himachal
Pradesh)",03/2022,05/2023,05/2025,03/2026,03/2026,524.54,657.32,321.15,100.0,2022-03-01,2023-05-01,2025-05-01,2026-03-01,2026-03-01,0.253136081137759,24.014454664914584,34.00131406044678,9.986859395532196,34.00131406044678,9.986859395532196,0.488574818961845,2022,5.2454,0,0.6122507339764365,LOW
1785,619292,4L Medinipur to Ballupur from Km. 458.65 to Km. 487.65 of NH-07Pkg-2,NHAI,Ministry of Road Transport & Highways,Roads & Highways,Uttarakhand,03/2022,02/2023,02/2025,08/2026,,1092.9,1072.5,739.13,93.9,2022-03-01,2023-02-01,2025-02-01,2026-08-01,,-0.01866593466922874,24.014454664914584,41.95137976346912,17.936925098554536,,17.936925098554536,0.6891655011655011,2022,11.638977635782748,1,0.6763015829444596,LOW
1786,619293,"Construction of 4 Lane Access Controlled Bypass for Dehradun on NH307 from
Design Chainage km 0050 Jhajra on NH-07 to Design Chainage km 12220 Asharori
on EPC Mode in the State of Uttarakhand under NHO",NHAI,Ministry of Road Transport & Highways,Roads & Highways,Uttarakhand,12/2023,04/2025,04/2027,04/2027,,715.97,337.11,191.78,62.79,2023-12-01,2025-04-01,2027-04-01,2027-04-01,,-0.5291562495635292,23.98160315374507,23.98160315374507,0.0,,0.0,0.5688944261517012,2023,11.402611880872751,0,0.2678603852116709,LOW
1787,619294,"Road Safety Improvement of existing four lane section of Dehradun-Lal Tappar-Nepali
Farm Section of NH-7 and Nepali Farm-Motichur NH-34 on EPC Mode in Uttarakhand
under NHO",NHAI,Ministry of Road Transport & Highways,Roads & Highways,Uttarakhand,05/2025,02/2026,08/2028,08/2028,,720.67,388.19,10.86,5.13,2025-05-01,2026-02-01,2028-08-01,2028-08-01,,-0.46134846739839314,29.96057818659658,29.96057818659658,0.0,,0.0,0.02797599113836008,2025,140.48148148148147,0,0.01506931050272663,LOW
1788,619295,"Four/Six laning of Bhaniyawala-Jollygrant-Rishikesh spur section of NH-07 from Km.
0.000 to Km 19.780",NHAI,Ministry of Road Transport & Highways,Roads & Highways,Uttarakhand,02/2023,12/2025,11/2027,11/2027,,742.43,664.92,13.35,0.0,2023-02-01,2025-12-01,2027-11-01,2027-11-01,,-0.10440041485392562,22.996057818659658,22.996057818659658,0.0,,0.0,0.020077603320700237,2023,742.43,0,0.017981493204746575,LOW
1789,619297,"Upgradation of Existing Two Lane Carriageway to Two Lane Carriageway with Paved
Shoulder from Ch. 665686 Existing Km. 665.686 in Khanpur Village in Vansda Taluka
to Ch. 710470 Existing Km. 710.483 in Karvad Village in Vapi Taluka Length 44.784
Km Section of NH-56 in the State of Gujarat on EPC Mode",NHAI,Ministry of Road Transport & Highways,Roads & Highways,Gujarat,02/2026,07/2026,07/2028,01/2027,,647.2,647.2,9.24,0.0,2026-02-01,2026-07-01,2028-07-01,2027-01-01,,0.0,24.014454664914584,6.044678055190539,-17.969776609724047,,-17.969776609724047,0.014276885043263287,2026,647.2,0,0.014276885043263287,LOW
1790,619298,"Construction of 6 Lane Elevated corridor from KM 612582 to KM 617540 including
construction of Service Roads in Kolhapur City on NH -48 in the State of Maharashtra
on EPC mode under NHO",NHAI,Ministry of Road Transport & Highways,Roads & Highways,Maharashtra,02/2026,06/2026,06/2029,06/2029,,1039.0,1039.0,0.06,0.0,2026-02-01,2026-06-01,2029-06-01,2029-06-01,,0.0,36.00525624178712,36.00525624178712,0.0,,0.0,5.774783445620789e-05,2026,1039.0,1,5.774783445620789e-05,LOW
1791,619299,"Construction of a 6-Lane Elevated Corridor from Km 593766 to Km 596620 Including
Construction of Service Roads in Kagal City on NH-48 in the State of Maharashtra on
EPC Mode",NHAI,Ministry of Road Transport & Highways,Roads & Highways,Maharashtra,03/2026,06/2026,06/2028,06/2028,,357.99,357.99,0.08,0.0,2026-03-01,2026-06-01,2028-06-01,2028-06-01,,0.0,24.014454664914584,24.014454664914584,0.0,,0.0,0.00022346992932763485,2026,357.99,0,0.00022346992932763485,LOW
1792,619300,"Construction of Four Lane Nagpur-Katol section of NH-353J including Mitigation
Structures from Design Ch. 37000 to Ch. 45990 Tiger Corridor-I Mitigation Structures
from Design Ch. 37000 to Ch. 45990 Tiger Corridor-I in the State of Maharashtra on
EPC Mode",NHAI,Ministry of Road Transport & Highways,Roads & Highways,Maharashtra,01/2026,06/2026,12/2027,12/2027,,300.68,300.68,0.0,0.0,2026-01-01,2026-06-01,2027-12-01,2027-12-01,,0.0,18.00262812089356,18.00262812089356,0.0,,0.0,0.0,2026,300.68,0,0.0,LOW
1793,619301,"Construction of Approach Road to Rail-cum- Road Bridge across river Ganga at
Munger Ghat NH-333 B",NHAI,Ministry of Road Transport & Highways,Roads & Highways,Bihar,07/2013,12/2018,05/2021,08/2026,,537.88,633.91,573.97,99.99,2013-07-01,2018-12-01,2021-05-01,2026-08-01,,0.1785342455566297,28.97503285151117,91.98423127463863,63.00919842312746,,63.00919842312746,0.9054439904718337,2013,5.37933793379338,0,1.0670967502045066,MEDIUM
1794,619305,"4L of Munger Mirzachauki section from start of existing Bhagalpur bypass to Rasulpur
from Km 125000 to Km 157350 Pkg-3",NHAI,Ministry of Road Transport & Highways,Roads & Highways,Bihar,01/2021,04/2022,04/2024,12/2026,,1769.5,2024.59,675.5,77.3,2021-01-01,2022-04-01,2024-04-01,2026-12-01,,0.14415936705283974,24.014454664914584,56.01182654402102,31.997371879106435,,31.997371879106435,0.33364780029536845,2021,22.89133247089263,1,0.38174625600452106,MEDIUM
1795,619306,4L of Munger Mirzachauki section from Km 95580 to Km 125000 Pkg-2,NHAI,Ministry of Road Transport & Highways,Roads & Highways,Bihar,02/2021,03/2022,03/2024,08/2026,,1020.84,1235.65,643.0,95.9,2021-02-01,2022-03-01,2024-03-01,2026-08-01,,0.21042474824654211,24.014454664914584,53.022339027595265,29.00788436268068,,29.00788436268068,0.5203738922834136,2021,10.644838373305527,1,0.629873437561224,MEDIUM-HIGH
1796,619307,4L of Munger Mirzachauki section from Km 157350 to Km 193931 Pkg-4,NHAI,Ministry of Road Transport & Highways,Roads & Highways,"Multi-States
(Bihar, Jharkhand)",02/2021,08/2022,08/2024,08/2026,,1376.56,1481.58,893.34,92.74,2021-02-01,2022-08-01,2024-08-01,2026-08-01,,0.07629162550124949,24.014454664914584,47.99605781865966,23.981603153745073,,23.981603153745073,0.6029644028672094,2021,14.843217597584646,1,0.648965537281339,LOW
1797,619308,"6L access-controlled highway from Ganeshpur tonear Mohand of Ganeshpur
Dehradun section from Km.0 to Km.8.3 of NH-72A Package-1",NHAI,Ministry of Road Transport & Highways,Roads & Highways,Uttar Pradesh,11/2020,10/2021,10/2023,08/2026,,836.24,835.74,811.86,98.92,2020-11-01,2021-10-01,2023-10-01,2026-08-01,,-0.0005979144743135942,23.98160315374507,57.98291721419185,34.00131406044678,,34.00131406044678,0.9714265202096346,2020,8.453699959563284,0,0.9708456902324691,MEDIUM
1798,619311,Kalai-II Hydro Electric Project [1200 MW],THDC India Limited,Ministry of Power,Electricity Generation,Arunachal Pradesh,04/2026,04/2026,10/2032,-,,14105.83,14105.8,189.68,0.0,2026-04-01,2026-04-01,2032-10-01,,,-2.1267802036927167e-06,78.02233902759527,,0.0,,0.0,0.013446950899629941,2026,14105.83,1,0.013446922300920967,LOW
1799,619312,Bulk Loading Hub- Kanpur,Bharat Petroleum Corporation Limited [BPCL],Ministry of Petroleum & Natural Gas,Oil & Gas,Uttar Pradesh,09/2025,09/2025,09/2027,-,,186.0,186.0,104.24,62.5,2025-09-01,2025-09-01,2027-09-01,,,0.0,23.98160315374507,,0.0,,0.0,0.5604301075268817,2025,2.976,0,0.5604301075268817,LOW
1800,619313,"Setting up of 50 MW [plus/minus 5 percent] Wind Power Plant for Captive
Consumption at MR",Bharat Petroleum Corporation Limited [BPCL],Ministry of Petroleum & Natural Gas,Energy Storage,Maharashtra,05/2023,05/2023,04/2027,-,,483.14,483.14,380.62,77.9,2023-05-01,2023-05-01,2027-04-01,,,0.0,47.010512483574246,,0.0,,0.0,0.7878047770832471,2023,6.202053915275994,0,0.7878047770832471,LOW
1801,619314,Pipeline Replacement Project- PRP-IX,Oil and Natural Gas Corporation Limited [ONGC],Ministry of Petroleum & Natural Gas,Oil & Gas,Offshore,08/2025,08/2025,05/2027,-,,6684.0,6175.0,979.47,23.5,2025-08-01,2025-08-01,2027-05-01,,,-0.07615200478755237,20.9592641261498,,0.0,,0.0,0.15861862348178138,2025,284.4255319148936,1,0.1465394973070018,LOW
1802,619316,"Group Gathering Station, Lakwagaon",Oil India Limited,Ministry of Petroleum & Natural Gas,Oil & Gas,Assam,10/2025,10/2025,10/2027,-,,495.59,495.59,20.04,7.8,2025-10-01,2025-10-01,2027-10-01,,,0.0,23.98160315374507,,0.0,,0.0,0.0404366512641498,2025,63.537179487179486,0,0.0404366512641498,LOW
1803,619317,"4L of Hajipur-Muzaffarpur Section of the existing NH-77 from Km. 0000 Ramashish
Chowk to Km. 46300 and new bypass starting at Km. 46300 and connecting NH-28 of
E-W Corridor at Km. 515045",NHAI,Ministry of Road Transport & Highways,Roads & Highways,Bihar,08/2010,08/2010,02/2013,09/2026,,2723.39,2906.78,2160.8,99.45,2010-08-01,2010-08-01,2013-02-01,2026-09-01,,0.06733886810188784,30.059132720105122,193.00262812089355,120.0,,120.0,0.743365510977783,2010,27.384514831573654,1,0.7934229030730083,MEDIUM
1804,619318,"4/6L Greenfield Ludhiana Rupnagar highway from Jn. with NE-5 village near to
ManewalLudhiana to Jn. with NH-205 near Bheora Village Rupnagar from Km. 0.00 to
Km. 37.7 including spur to Kharar with Ludhiana bypass of NH-205K Pkg-1",NHAI,Ministry of Road Transport & Highways,Roads & Highways,Punjab,05/2021,12/2022,12/2024,12/2027,,1368.91,1382.48,533.33,15.31,2021-05-01,2022-12-01,2024-12-01,2027-12-01,,0.009912996471645277,24.014454664914584,59.98685939553219,35.97240473061761,,35.97240473061761,0.38577773277009436,2021,89.41280209013716,1,0.3896019460738836,MEDIUM
1805,619320,Muzaffarpur - Sonbarsa Section of NH-77 from km 2.800 to km 89.000,NHAI,Ministry of Road Transport & Highways,Roads & Highways,Bihar,05/2011,05/2011,03/2026,,11/2013,2290.72,2311.1,2308.19,100.0,2011-05-01,2011-05-01,2026-03-01,,2013-11-01,0.008896766082279855,177.98948751642575,,0.0,30.059132720105122,-120.0,0.9987408593310545,2011,22.9072,1,1.007626423133338,LOW
1806,619321,"Balance work of widening to two laning/re-alignment and geometric improvement
from Km. 11000 to Km. 114618 with rectification of damaged stretches and
provision of protection works in vulnerable location of NH-44 in the State of
Mizoram",MoRTH,Ministry of Road Transport & Highways,Roads & Highways,Mizoram,10/2025,05/2026,05/2028,-,,170.96,170.96,0.0,2.0,2025-10-01,2026-05-01,2028-05-01,,,0.0,24.014454664914584,,0.0,,0.0,0.0,2025,85.48,0,0.0,LOW
1807,619326,Nidadavolu-Duvvada 3rd & 4th Lines,South Central Railway [SCR] - II,Ministry of Railways,Railways,Andhra Pradesh,04/2026,04/2026,01/2032,-,,9889.24,9889.24,0.0,0.01,2026-04-01,2026-04-01,2032-01-01,,,0.0,69.02102496714849,,0.0,,0.0,0.0,2026,988924.0,1,0.0,LOW
1808,619328,ONGC-BP Redevelopment Phase-1 Scheme of Mumbai High Field,Oil and Natural Gas Corporation Limited [ONGC],Ministry of Petroleum & Natural Gas,Oil & Gas,Maharashtra,11/2025,11/2025,03/2027,-,,3713.4,3908.0,2304.68,56.3,2025-11-01,2025-11-01,2027-03-01,,,0.05240480422254535,15.932982917214192,,0.0,,0.0,0.5897338792221084,2025,65.95737122557728,1,0.6206387677061452,LOW
1809,619341,"Telangana Super Thermal Power Project , Stage-II [3 x 800 MW]",National Thermal Power Corporation [NTPC],Ministry of Power,Electricity Generation,Telangana,03/2026,03/2026,01/2032,-,,29344.85,29344.85,732.96,0.97,2026-03-01,2026-03-01,2032-01-01,,,0.0,70.03942181340341,,0.0,,0.0,0.024977466233427673,2026,30252.422680412372,1,0.024977466233427673,LOW
1810,619347,"Balance Work Estimate of Rehabilitation and Up-gradation of NH- 43 from Km.
468.600 to Km. 531.250 Pathalgaon to kunkuri Section to two-lane with paved
shoulder in the State of Chhattisgarh on SBD mode under NHO under Annual plan
2025-26",MoRTH,Ministry of Road Transport & Highways,Roads & Highways,Chhattisgarh,03/2026,06/2026,06/2028,-,,201.16,201.16,0.0,0.0,2026-03-01,2026-06-01,2028-06-01,,,0.0,24.014454664914584,,0.0,,0.0,0.0,2026,201.16,0,0.0,LOW
1811,635651,"New Product Testing Laboratory for NPM, SPP & NHSM at RSP
(Steel Authority of India Limited (SAIL))",Unknown,Ministry of Steel,Steel,Odisha,06/2025,07/2025,08/2027,-,,155.26,155.26,56.24,71.75,2025-06-01,2025-07-01,2027-08-01,,,0.0,25.0,,0.0,,0.0,0.362231096225686,2025,2.16390243902439,0,0.362231096225686,LOW
1812,660056,Amended BharatNet Program - KL,Department of Telecommunications,Department of Telecommunications,Telecommunication,PAN India,08/2023,06/2025,06/2028,-,,765.0,765.0,94.95,1.63,2023-08-01,2025-06-01,2028-06-01,,,0.0,36.00525624178712,,0.0,,0.0,0.12411764705882353,2023,469.32515337423314,0,0.12411764705882353,LOW
1813,665021,Amended BharatNet Program - UKD,Department of Telecommunications,Department of Telecommunications,Telecommunication,PAN India,08/2023,05/2025,05/2028,-,,1821.0,1821.0,209.87,20.54,2023-08-01,2025-05-01,2028-05-01,,,0.0,36.00525624178712,,0.0,,0.0,0.11524986271279516,2023,88.65628042843232,1,0.11524986271279516,LOW
1814,701091,Lucknow Airport-Terminal 3- Phase 1 & Other Associated Works,Adani Airport Holdings Limited,Ministry of Civil Aviation,Aviation & Aviation Infrastructure,Uttar Pradesh,06/2018,09/2018,03/2026,,03/2024,3100.0,3100.0,3112.57,100.0,2018-06-01,2018-09-01,2026-03-01,,2024-03-01,0.0,89.94743758212877,,0.0,65.9658344283837,-23.98160315374507,1.0040548387096775,2018,31.0,1,1.0040548387096775,LOW
1815,701101,"Construction of New Domestic Terminal Building [Phase-I and II] and other allied
structures at JPNI Airport, Patna",Airport Authority of India [AAI],Ministry of Civil Aviation,Aviation & Aviation Infrastructure,Bihar,10/2018,10/2018,05/2026,08/2026,,1216.9,1216.9,1203.48,99.26,2018-10-01,2018-10-01,2026-05-01,2026-08-01,,0.0,90.9658344283837,93.98817345597897,3.0223390275952653,,3.0223390275952653,0.9889719779768263,2018,12.259721942373565,1,0.9889719779768263,LOW
1816,701105,Goa Airport Terminal Building Extension Project,Airport Authority of India [AAI],Ministry of Civil Aviation,Aviation & Aviation Infrastructure,Goa,11/2017,12/2019,04/2026,,12/2021,255.69,255.69,161.06,100.0,2017-11-01,2019-12-01,2026-04-01,,2021-12-01,0.0,75.9855453350854,,0.0,24.014454664914584,-51.971090670170824,0.6299033986467989,2017,2.5569,0,0.6299033986467989,LOW
1817,701107,"Construction of New Integrated Terminal Building and associated works including
apron to park 3 code E type of aircraft or 6 code C type of aircraft at Vijayawada
Airport",Airport Authority of India [AAI],Ministry of Civil Aviation,Aviation & Aviation Infrastructure,Andhra Pradesh,06/2020,09/2020,09/2022,11/2026,,611.8,824.28,572.99,89.7,2020-06-01,2020-09-01,2022-09-01,2026-11-01,,0.34730304020921876,23.98160315374507,73.98160315374507,50.0,,50.0,0.6951400009705441,2020,6.820512820512819,0,0.9365642366786532,MEDIUM-HIGH
1818,701113,"Development of Lal Bahadur Shastri International airport, Varanasi including C/o New
Terminal Building, Apron Extension, Runway Extension, PTT and allied works",Airport Authority of India [AAI],Ministry of Civil Aviation,Aviation & Aviation Infrastructure,Uttar Pradesh,07/2024,07/2024,07/2027,07/2027,,2869.65,2869.65,746.93,33.0,2024-07-01,2024-07-01,2027-07-01,2027-07-01,,0.0,35.972404730617605,35.972404730617605,0.0,,0.0,0.26028609760772214,2024,86.95909090909092,1,0.26028609760772214,LOW
1819,701121,Construction of New Domestic Terminal Building at Rajahmundry Airport,Airport Authority of India [AAI],Ministry of Civil Aviation,Aviation & Aviation Infrastructure,Andhra Pradesh,12/2022,08/2023,08/2025,08/2026,,347.15,347.15,189.48,96.0,2022-12-01,2023-08-01,2025-08-01,2026-08-01,,0.0,24.014454664914584,36.00525624178712,11.990801576872538,,11.990801576872538,0.5458159297133804,2022,3.616145833333333,0,0.5458159297133804,LOW
1820,701122,Development of New Integrated Civil Enclave at Agra Airport,Airport Authority of India [AAI],Ministry of Civil Aviation,Aviation & Aviation Infrastructure,Uttar Pradesh,06/2024,07/2024,07/2026,11/2026,,579.0,579.0,224.58,44.94,2024-06-01,2024-07-01,2026-07-01,2026-11-01,,0.0,23.98160315374507,28.02233902759527,4.040735873850199,,4.040735873850199,0.38787564766839383,2024,12.883845126835782,0,0.38787564766839383,LOW
1821,701126,"Development of Dholera International Greenfield Airport , Gujarat",Airport Authority of India [AAI],Ministry of Civil Aviation,Aviation & Aviation Infrastructure,Gujarat,06/2022,07/2022,06/2026,09/2026,,1305.0,1551.0,966.36,88.0,2022-06-01,2022-07-01,2026-06-01,2026-09-01,,0.18850574712643678,47.010512483574246,50.03285151116951,3.0223390275952653,,3.0223390275952653,0.6230560928433269,2022,14.829545454545455,1,0.7405057471264368,LOW
1822,701127,"Construction of New Passenger Terminal Building for Domestic Operations at Jodhpur
Airport",Airport Authority of India [AAI],Ministry of Civil Aviation,Aviation & Aviation Infrastructure,Rajasthan,06/2022,05/2023,03/2026,06/2026,,480.0,480.0,348.2,100.0,2022-06-01,2023-05-01,2026-03-01,2026-06-01,,0.0,34.00131406044678,37.023653088042046,3.0223390275952653,,3.0223390275952653,0.7254166666666666,2022,4.8,0,0.7254166666666666,LOW
1823,701128,Construction of New Integrated Passenger Terminal Building at Udaipur Airport,Airport Authority of India [AAI],Ministry of Civil Aviation,Aviation & Aviation Infrastructure,Rajasthan,06/2023,11/2023,03/2026,09/2026,,887.0,887.0,587.22,78.71,2023-06-01,2023-11-01,2026-03-01,2026-09-01,,0.0,27.95663600525624,34.00131406044678,6.044678055190541,,6.044678055190541,0.6620293122886133,2023,11.269216109770042,0,0.6620293122886133,LOW
1824,701167,AIIMS Kashmir at Awantipora Jammu & Kashmir,PMSSY AND Institute of NATIONAL Importance,Ministry of Health & Family Welfare,Healthcare,"Jammu and
Kashmir",01/2019,03/2019,12/2025,12/2026,,1828.0,2570.19,1602.61,79.0,2019-01-01,2019-03-01,2025-12-01,2026-12-01,,0.40601203501094096,81.04467805519053,93.03547963206307,11.990801576872542,,11.990801576872542,0.6235375594800384,2019,23.139240506329113,1,0.8767013129102844,LOW
1825,701168,ALL India Institute of Medical Sciences-AIIMS Madurai,PMSSY AND Institute of NATIONAL Importance,Ministry of Health & Family Welfare,Healthcare,Tamil Nadu,12/2018,12/2018,08/2022,10/2026,,1264.0,2021.51,540.92,54.0,2018-12-01,2018-12-01,2022-08-01,2026-10-01,,0.5992958860759494,43.98817345597897,93.98817345597897,49.99999999999999,,49.99999999999999,0.26758215393443513,2018,23.40740740740741,1,0.4279430379746835,HIGH
1826,701170,AIIMS Rajkot,PMSSY AND Institute of NATIONAL Importance,Ministry of Health & Family Welfare,Healthcare,Gujarat,01/2019,01/2019,03/2026,12/2026,,1195.0,1195.0,805.48,94.0,2019-01-01,2019-01-01,2026-03-01,2026-12-01,,0.0,85.93955321944809,94.97371879106439,9.034165571616299,,9.034165571616299,0.6740418410041841,2019,12.712765957446809,1,0.6740418410041841,LOW
1827,701171,AIIMS Bibinagar,PMSSY AND Institute of NATIONAL Importance,Ministry of Health & Family Welfare,Healthcare,Telangana,12/2018,07/2022,06/2026,12/2026,,1028.0,1365.95,1028.94,87.58,2018-12-01,2022-07-01,2026-06-01,2026-12-01,,0.3287451361867705,47.010512483574246,53.022339027595265,6.0118265440210195,,6.0118265440210195,0.7532779384311286,2018,11.73783968942681,1,1.0009143968871597,LOW
1828,701172,AIIMS Darbhanga,PMSSY AND Institute of NATIONAL Importance,Ministry of Health & Family Welfare,Healthcare,Bihar,09/2020,09/2020,07/2029,-,,2006.07,2006.07,40.33,1.12,2020-09-01,2020-09-01,2029-07-01,,,0.0,105.946123521682,,0.0,,0.0,0.020103984407323774,2020,1791.1339285714284,1,0.020103984407323774,LOW
1829,701173,AIIMS Majra Rewari Haryana,Ministry of Health and Family Welfare,Ministry of Health & Family Welfare,Healthcare,Haryana,02/2019,02/2019,12/2026,12/2026,,1299.0,1646.43,747.62,67.45,2019-02-01,2019-02-01,2026-12-01,2026-12-01,,0.26745958429561206,93.95532194480946,93.95532194480946,0.0,,0.0,0.4540855062164805,2019,19.258710155670865,1,0.5755350269438029,LOW
1830,701228,Kochi - Koottanad - Bangalore - Mangalore Pipeline Phase-II,Gas Authority of India Limited [GAIL],Ministry of Petroleum & Natural Gas,Oil & Gas,Tamil Nadu,06/2009,06/2009,12/2012,09/2026,,2915.0,5909.0,4881.8,97.4,2009-06-01,2009-06-01,2012-12-01,2026-09-01,,1.0271012006861064,42.01708278580814,206.99737187910642,120.0,,120.0,0.8261634794381453,2009,29.92813141683778,1,1.6747169811320755,HIGH
1831,701263,Rajasthan Refinery Project,MinistryofPetroleumNaturalGas,Ministry of Petroleum & Natural Gas,Energy Storage,Rajasthan,10/2017,10/2017,06/2026,,10/2022,43129.0,79459.0,70293.57,100.0,2017-10-01,2017-10-01,2026-06-01,,2022-10-01,0.8423566509773006,103.97503285151116,,0.0,59.98685939553219,-43.988173455978966,0.884652084722939,2017,431.29,1,1.629844652090241,MEDIUM
1832,701269,"Construction of 80,000 MT LPG Cavern at Mangalore",Ministry of Petroleum & Natural Gas,Ministry of Petroleum & Natural Gas,Energy Storage,Karnataka,12/2018,,12/2022,08/2025,,854.0,854.0,712.3,99.0,2018-12-01,,2022-12-01,2025-08-01,,0.0,,,0.0,,0.0,0.8340749414519906,2018,8.626262626262626,0,0.8340749414519906,LOW
1833,701289,Capacity Expansion of Panipat Refinery from 15 to 25 MMTPA,Indian Oil Corporation Limited [IOCL],Ministry of Petroleum & Natural Gas,Oil & Gas,Haryana,02/2021,02/2021,09/2024,12/2026,,34627.0,36225.0,28007.35,94.3,2021-02-01,2021-02-01,2024-09-01,2026-12-01,,0.0461489589049008,42.96977660972404,69.94086727989487,26.97109067017083,,26.97109067017083,0.7731497584541063,2021,367.20042417815483,1,0.8088298148843388,MEDIUM
1834,701324,Barauni Refinery Capacity Expansion from 6.0 to 9.0 MMTPA,Indian Oil Corporation Limited [IOCL],Ministry of Petroleum & Natural Gas,Oil & Gas,Bihar,01/2020,01/2020,04/2023,12/2026,,14810.0,16724.0,13089.84,91.8,2020-01-01,2020-01-01,2023-04-01,2026-12-01,,0.12923700202565833,38.96189224704336,82.98291721419184,44.021024967148485,,44.021024967148485,0.7826979191580962,2020,161.32897603485839,1,0.8838514517218096,MEDIUM
1835,701329,Petrochemical and Lube Integration Project at Gujarat Refinery,Indian Oil Corporation Limited [IOCL],Ministry of Petroleum & Natural Gas,Oil & Gas,Gujarat,09/2020,09/2020,08/2024,11/2026,,18936.0,17825.0,13901.13,89.6,2020-09-01,2020-09-01,2024-08-01,2026-11-01,,-0.05867131389945078,46.97766097240473,73.98160315374507,27.003942181340342,,27.003942181340342,0.7798670406732118,2020,211.33928571428572,1,0.734111216730038,MEDIUM
1836,701330,Mehsana-Bhatinda & Bhatinda-Jammu Natural Gas Pipeline,Indian Oil Corporation Limited [IOCL],Ministry of Petroleum & Natural Gas,Oil & Gas,Rajasthan,07/2011,07/2011,06/2024,-,,7392.0,7392.0,6360.86,90.2,2011-07-01,2011-07-01,2024-06-01,,,0.0,155.02628120893561,,0.0,,0.0,0.8605059523809523,2011,81.95121951219512,1,0.8605059523809523,LOW
1837,701338,City Gas Distribution Maharashtra Natural Gas Limited,Gas Authority of India Limited [GAIL],Ministry of Petroleum & Natural Gas,Oil & Gas,Karnataka,01/2006,01/2006,06/2031,-,,5535.0,5535.0,4481.93,47.0,2006-01-01,2006-01-01,2031-06-01,,,0.0,304.92772667542704,,0.0,,0.0,0.809743450767841,2006,117.76595744680851,1,0.809743450767841,LOW
1838,701341,"Multi-product Pipeline from Krishnapatnam Coastal Installation to the proposed
Installation at Hyderabad [Malkapur]",Ministry of Petroleum & Natural Gas,Ministry of Petroleum & Natural Gas,Oil & Gas,"Multi-States
(Andhra Pradesh,
Telangana)",09/2019,,03/2025,08/2025,,1932.0,2208.0,1552.37,98.0,2019-09-01,,2025-03-01,2025-08-01,,0.14285714285714285,,,0.0,,0.0,0.7030661231884058,2019,19.714285714285715,1,0.8035041407867495,LOW
1839,701343,Srikakulam Angul Gas Pipeline Project,Gas Authority of India Limited [GAIL],Ministry of Petroleum & Natural Gas,Energy Storage,Odisha,09/2019,09/2019,07/2026,07/2026,07/2026,2658.34,2810.0,2315.2,100.0,2019-09-01,2019-09-01,2026-07-01,2026-07-01,2026-07-01,0.0570506406253526,81.96452036793693,81.96452036793693,0.0,81.96452036793693,0.0,0.8239145907473309,2019,26.5834,1,0.8709194459700413,LOW
1840,701344,Dhamra Haldia Pipeline Project,Gas Authority of India Limited [GAIL],Ministry of Petroleum & Natural Gas,Oil & Gas,West Bengal,03/2020,03/2020,11/2022,09/2026,,1030.65,1125.0,927.4,94.4,2020-03-01,2020-03-01,2022-11-01,2026-09-01,,0.09154417115412594,32.03022339027595,78.02233902759527,45.992115637319316,,45.992115637319316,0.8243555555555555,2020,10.917902542372882,1,0.8998205016251879,MEDIUM
1841,701346,North East Gas Grid,Indradhanush Gas Grid Limited,Ministry of Petroleum & Natural Gas,Oil & Gas,Tripura,04/2020,04/2020,03/2024,03/2028,,9265.0,9265.0,7008.0,88.2,2020-04-01,2020-04-01,2024-03-01,2028-03-01,,0.0,46.97766097240473,94.97371879106439,47.99605781865966,,47.99605781865966,0.7563950350782515,2020,105.04535147392289,1,0.7563950350782515,MEDIUM
1842,701349,"Paradip-Numaligarh Crude Oil Pipeline [PNCPL] & Crude Oil Import Terminal [COIT]
at Paradip",Numaligarh Refinery Limited,Ministry of Petroleum & Natural Gas,Energy Storage,West Bengal,01/2019,01/2019,07/2024,10/2026,,10228.0,12407.0,11168.49,93.2,2019-01-01,2019-01-01,2024-07-01,2026-10-01,,0.213042628079781,65.9658344283837,92.96977660972405,27.00394218134035,,27.00394218134035,0.9001765132586443,2019,109.74248927038626,1,1.0919524833789598,MEDIUM-HIGH
1843,701350,"Upgradation of Facilities of Numaligarh-Siliguri Product Pipeline [NSPL] for
transportation of additional products from existing 1.72 MMTPA to 5.5 MMTPA",Ministry of Petroleum & Natural Gas,Ministry of Petroleum & Natural Gas,Oil & Gas,"Multi-States (Assam,
West Bengal)",06/2021,06/2021,12/2024,03/2026,03/2026,860.0,750.0,639.43,100.0,2021-06-01,2021-06-01,2024-12-01,2026-03-01,2026-03-01,-0.12790697674418605,42.01708278580814,56.96452036793692,14.947437582128778,56.96452036793692,14.947437582128778,0.8525733333333333,2021,8.6,0,0.7435232558139534,LOW
1844,701354,Mumbai Nagpur Jharsuguda Pipeline Project,Ministry of Petroleum & Natural Gas,Ministry of Petroleum & Natural Gas,Oil & Gas,"Multi-States
(Chhattisgarh, Madhya
Pradesh, Maharashtra,
Odisha)",06/2020,06/2020,05/2023,06/2026,05/2026,7844.25,8255.0,7109.3,100.0,2020-06-01,2020-06-01,2023-05-01,2026-06-01,2026-05-01,0.05236319597157153,34.95400788436268,71.97766097240472,37.02365308804204,70.9592641261498,36.00525624178712,0.8612113870381587,2020,78.4425,1,0.9063071676705867,MEDIUM
1845,701370,Borolia Irrigation Project,"Department of Water Resources, River Development & GR","Department of Water Resources, River Development & GR",Water Resources,Assam,04/1996,12/1996,12/2022,03/2026,,256.16,256.16,44.7,55.44,1996-04-01,1996-12-01,2022-12-01,2026-03-01,,0.0,311.957950065703,350.91984231274637,38.96189224704335,,38.96189224704335,0.1745003123048095,1996,4.620490620490621,0,0.1745003123048095,MEDIUM
1846,701371,Durgawati Reservoir Project,Irrigation and CAD-TG,"Department of Water Resources, River Development & GR",Water Resources,Bihar,04/1996,04/1997,12/2019,03/2026,09/2025,691.15,971.96,978.51,100.0,1996-04-01,1997-04-01,2019-12-01,2026-03-01,2025-09-01,0.4062938580626493,271.9776609724047,346.9448094612352,74.9671484888305,340.9986859395532,69.02102496714849,1.0067389604510473,1996,6.9115,0,1.4157708167546843,MEDIUM-HIGH
1847,701372,Sardar Sarovar Project,"Narmada and Water Resources, Water Supply and Kalpsar Department-GJ","Department of Water Resources, River Development & GR",Water Resources,Gujarat,04/1996,04/1996,12/2019,03/2026,,20718.17,33412.5,31969.4,93.7,1996-04-01,1996-04-01,2019-12-01,2026-03-01,,0.612714829543343,283.96846254927726,358.93561103810777,74.9671484888305,,74.9671484888305,0.9568095772540217,1996,221.11173959445034,1,1.5430609942866578,HIGH
1848,701376,"Subernarekha Multipurpose Project, Jharkhand",Department of Water Resources-JH,"Department of Water Resources, River Development & GR",Water Resources,Jharkhand,04/2011,01/2012,12/2019,03/2026,,3807.77,9579.58,6040.27,70.0,2011-04-01,2012-01-01,2019-12-01,2026-03-01,,1.5157979604860587,94.97371879106439,169.94086727989486,74.96714848883047,,74.96714848883047,0.6305359942711476,2011,54.39671428571429,1,1.5863011684004025,HIGH
1849,701377,Upper Tunga Irrigation Project,Water Resources-KA,"Department of Water Resources, River Development & GR",Water Resources,Karnataka,04/2014,04/2014,12/2019,03/2026,,770.16,1606.07,1515.6,99.32,2014-04-01,2014-04-01,2019-12-01,2026-03-01,,1.0853718707800977,68.00262812089356,142.96977660972405,74.96714848883049,,74.96714848883049,0.943669952119148,2014,7.754329440193315,0,1.9679027734496728,HIGH
1850,701383,Waghur Project,Department of water resources-MH - II,"Department of Water Resources, River Development & GR",Water Resources,Maharashtra,04/1996,04/1996,12/2019,03/2026,,1058.99,1758.51,1642.5,89.57,1996-04-01,1996-04-01,2019-12-01,2026-03-01,,0.6605539240219455,283.96846254927726,358.93561103810777,74.9671484888305,,74.9671484888305,0.9340293771431496,1996,11.823043429719773,1,1.5510061473668306,HIGH
1851,701384,Tillari Irrigation Project,Department of water resources-MH - II,Department of Telecommunications,Telecommunication,Maharashtra,01/2006,,12/2019,01/2025,,368.34,649.6,724.36,99.0,2006-01-01,,2019-12-01,2025-01-01,,0.7635879893576588,,,0.0,,0.0,1.1150862068965517,2006,3.7206060606060603,0,1.966552641581148,MEDIUM
1852,701386,Gosikhurd Project,Department of water resources-MH - II,"Department of Water Resources, River Development & GR",Water Resources,Maharashtra,04/2008,04/2008,12/2019,06/2028,,7196.47,12770.1,14439.46,72.65,2008-04-01,2008-04-01,2019-12-01,2028-06-01,,0.7744949954630534,139.9802890932983,241.98423127463863,102.00394218134034,,102.00394218134034,1.1307241133585484,2008,99.05671025464555,1,2.0064642804041424,HIGH
1853,701388,Bembla Irrigation Project,Department of water resources-MH - II,Department of Telecommunications,Telecommunication,Maharashtra,04/2007,,12/2019,06/2025,,1352.53,2685.41,2689.7,98.0,2007-04-01,,2019-12-01,2025-06-01,,0.9854716716080234,,,0.0,,0.0,1.00159752142131,2007,13.801326530612245,1,1.9886435051348212,MEDIUM
1854,701390,Arjuna Medium Irrigation project,Department of water resources-MH - II,Department of Telecommunications,Telecommunication,Maharashtra,01/2008,,12/2019,12/2024,,333.87,611.0,803.89,100.0,2008-01-01,,2019-12-01,2024-12-01,,0.830053613681972,,,0.0,,0.0,1.31569558101473,2008,3.3387000000000002,0,2.407793452541408,MEDIUM-HIGH
1855,701391,Aruna Medium Irrigation Project,Department of water resources-MH - II,"Department of Water Resources, River Development & GR",Water Resources,Maharashtra,04/2009,01/2010,12/2019,06/2026,,210.45,1472.14,1734.71,100.0,2009-04-01,2010-01-01,2019-12-01,2026-06-01,,5.9952007602756,118.95532194480946,196.9448094612352,77.98948751642574,,77.98948751642574,1.1783593951662206,2009,2.1045,0,8.242860536944644,HIGH
1856,701392,Krishna Koyana Lift Irrigation Project,Department of water resources-MH - II,Department of Telecommunications,Telecommunication,Maharashtra,04/2009,,12/2019,12/2023,,973.62,2774.9,1069.82,90.0,2009-04-01,,2019-12-01,2023-12-01,,1.8500852488650605,,,0.0,,0.0,0.3855346138599589,2009,10.818,0,1.0988065158891558,MEDIUM
1857,701395,Morna [Gureghar] Irrigation Project,"Department of Water Resources, River Development & GR","Department of Water Resources, River Development & GR",Water Resources,Uttar Pradesh,04/2007,12/2007,12/2025,-,,219.9,219.9,115.2,31.5,2007-04-01,2007-12-01,2025-12-01,,,0.0,215.9986859395532,,0.0,,0.0,0.5238744884038199,2007,6.980952380952381,0,0.5238744884038199,LOW
1858,701396,Lower Pedhi Project,Department of water resources-MH - II,"Department of Water Resources, River Development & GR",Water Resources,Maharashtra,04/2008,04/2008,12/2019,06/2026,,255.97,1480.7,3066.05,65.0,2008-04-01,2008-04-01,2019-12-01,2026-06-01,,4.784662265109192,139.9802890932983,217.96977660972405,77.98948751642575,,77.98948751642575,2.0706760316066726,2008,3.938,0,11.97816150330117,HIGH
1859,701398,Nardave Medium Irrigation Project,Department of water resources-MH - II,"Department of Water Resources, River Development & GR",Water Resources,Maharashtra,04/2009,04/2009,12/2019,06/2026,,211.46,781.85,879.8,75.0,2009-04-01,2009-04-01,2019-12-01,2026-06-01,,2.6973895772250067,127.98948751642575,205.9789750328515,77.98948751642575,,77.98948751642575,1.1252797851250238,2009,2.8194666666666666,0,4.160597748983259,HIGH
1860,701399,Kudali Irrigation Project,"Department of Water Resources, River Development & GR","Department of Water Resources, River Development & GR",Water Resources,Chhattisgarh,04/2009,12/2009,12/2025,03/2026,,382.29,382.29,249.06,86.31,2009-04-01,2009-12-01,2025-12-01,2026-03-01,,0.0,191.98423127463863,194.94086727989486,2.956636005256229,,2.956636005256229,0.6514949383975516,2009,4.429266597149809,0,0.6514949383975516,LOW
1861,701400,Thoubal Multipurpose Project,Water Resources Department-MN,"Department of Water Resources, River Development & GR",Water Resources,Manipur,04/1997,04/1997,12/2019,12/2026,,1449.44,1822.24,1848.17,99.0,1997-04-01,1997-04-01,2019-12-01,2026-12-01,,0.2572027817639916,271.9776609724047,355.9789750328515,84.00131406044682,,84.00131406044682,1.0142297392220565,1997,14.640808080808082,1,1.2750924494977371,MEDIUM-HIGH
1862,701402,"Subernarekha Project, Odisha","Department of Water Resources, River Development & GR","Department of Water Resources, River Development & GR",Water Resources,Odisha,12/1995,01/1998,12/2019,03/2026,,3055.88,7023.19,8327.62,95.5,1995-12-01,1998-01-01,2019-12-01,2026-03-01,,1.2982545126117515,262.94349540078844,337.9106438896189,74.96714848883045,,74.96714848883045,1.185731839804989,1995,31.998743455497383,1,2.7251135515792506,HIGH
1863,701404,Kanupur Irrigation Project,Irrigation and CAD-TG,"Department of Water Resources, River Development & GR",Water Resources,Odisha,04/2003,01/2004,12/2019,06/2026,,989.43,2301.28,2804.16,79.5,2003-04-01,2004-01-01,2019-12-01,2026-06-01,,1.3258643865660031,190.9658344283837,268.95532194480944,77.98948751642575,,77.98948751642575,1.218521866091914,2003,12.44566037735849,0,2.8341166125951305,HIGH
1864,701405,J. Chokka Rao Devadula Lift Irrigation Scheme,Irrigation and CAD-TG,"Department of Water Resources, River Development & GR",Water Resources,Telangana,04/2006,04/2006,12/2019,12/2025,,8200.71,14730.0,4841.09,87.7,2006-04-01,2006-04-01,2019-12-01,2025-12-01,,0.7961859399978785,163.99474375821288,236.00525624178712,72.01051248357425,,72.01051248357425,0.3286551255940258,2006,93.50866590649942,1,0.5903257157002261,HIGH
1865,701406,Rajiv Bhima Lift Irrigation Scheme,Irrigation and CAD-TG,"Department of Water Resources, River Development & GR",Water Resources,Telangana,04/2007,01/2008,12/2019,03/2026,06/2026,1402.0,2509.66,1839.76,100.0,2007-04-01,2008-01-01,2019-12-01,2026-03-01,2026-06-01,0.7900570613409414,142.96977660972405,217.93692509855452,74.96714848883047,220.9592641261498,77.98948751642575,0.7330714120637856,2007,14.02,1,1.3122396576319544,HIGH
1866,701408,Madhya Ganga canal Phase-II,Irrigation & Water Resources-UP,"Department of Water Resources, River Development & GR",Water Resources,Uttar Pradesh,04/2008,04/2008,12/2019,12/2025,,1060.67,4417.21,4575.74,82.39,2008-04-01,2008-04-01,2019-12-01,2025-12-01,,3.1645469373132076,139.9802890932983,211.9908015768725,72.01051248357422,,72.01051248357422,1.0358891698606134,2008,12.87377108872436,1,4.314009069738938,HIGH
1867,701410,Relining of Rajasthan feeder and Sirhind Feeder canal,Department of Water Resources-PB,"Department of Water Resources, River Development & GR",Water Resources,Punjab,02/2016,04/2018,06/2021,06/2026,,1441.26,2462.16,2364.12,95.0,2016-02-01,2018-04-01,2021-06-01,2026-06-01,,0.708338537113359,38.009198423127465,97.99605781865965,59.986859395532186,,59.986859395532186,0.9601813042206843,2016,15.171157894736842,1,1.640314724615961,HIGH
1868,701411,Shahpur Kandi Dam Project,Department of Water Resources-PB,"Department of Water Resources, River Development & GR",Water Resources,Punjab,02/2010,04/2018,06/2022,06/2026,,2285.81,2715.7,2201.94,88.0,2010-02-01,2018-04-01,2022-06-01,2026-06-01,,0.18806899961064125,50.0,97.99605781865965,47.99605781865965,,47.99605781865965,0.8108185734801341,2010,25.975113636363634,1,0.9633084114602701,MEDIUM
1869,701412,North Koel Reservoir Project,"Department of Water Resources, River Development & GR","Department of Water Resources, River Development & GR",Water Resources,"Multi-States
(Bihar, Jharkhand)",08/2017,01/2021,03/2021,06/2027,,1622.27,2430.76,345.94,47.0,2017-08-01,2021-01-01,2021-03-01,2027-06-01,,0.49836956856750125,1.938239159001314,76.93823915900131,75.0,,75.0,0.14231762905428755,2017,34.516382978723406,1,0.21324440444562248,MEDIUM-HIGH
1870,701415,Polavaram Irrigation Project,Water Resources-AP,"Department of Water Resources, River Development & GR",Water Resources,Andhra Pradesh,01/2009,11/2009,04/2022,03/2026,,10151.04,55548.87,27961.55,86.15,2009-01-01,2009-11-01,2022-04-01,2026-03-01,,4.472234372044637,148.94875164257556,195.92641261498028,46.97766097240472,,46.97766097240472,0.5033684753623251,2009,117.82983168891468,1,2.7545502726814197,HIGH
1871,701530,Ken-Betwa Linking Development Project,"Department of Water Resources, River Development,","Department of Water Resources, River Development & GR",Water Resources,"Multi-States
(Madhya Pradesh,
Uttar Pradesh)",03/2022,,03/2029,-,,21030.0,21030.0,8530.86,0.0,2022-03-01,,2029-03-01,,,0.0,,,0.0,,0.0,0.40565192582025683,2022,21030.0,1,0.40565192582025683,LOW
1872,701564,"Construction of new dry dock at exisitng Cochin Shipyard Limited premises at
Perumanoor, Kochi 682 015",Cochin Shipyard,"Ministry of Ports, Shipping and Waterways",Shipping,Kerala,04/2018,05/2018,12/2022,03/2025,03/2025,1799.0,1799.0,1558.39,100.0,2018-04-01,2018-05-01,2022-12-01,2025-03-01,2025-03-01,0.0,55.02628120893561,81.99737187910644,26.97109067017083,81.99737187910644,26.97109067017083,0.8662534741523069,2018,17.99,1,0.8662534741523069,MEDIUM
1873,701565,Jal Marg Vikas Project,Inland Waterways Authority of India [IWAI],"Ministry of Ports, Shipping and Waterways",Inland Waterways,"Multi-States
(Bihar, Jharkhand,
Uttar Pradesh,
West Bengal)",01/2018,02/2018,12/2023,10/2026,,5369.18,5061.15,4187.19,85.1,2018-01-01,2018-02-01,2023-12-01,2026-10-01,,-0.05737002670798905,69.94086727989487,103.94218134034165,34.001314060446774,,34.001314060446774,0.8273198778933641,2018,63.09259694477087,1,0.7798565144025716,MEDIUM
1874,701568,Construction of oil jetty No.8 at old kandla through internal resources,Deendayal Port Trust [DPT],"Ministry of Ports, Shipping and Waterways",Shipping,Gujarat,02/2018,02/2021,02/2023,07/2024,03/2024,100.0,225.85,186.47,100.0,2018-02-01,2021-02-01,2023-02-01,2024-07-01,2024-03-01,1.2585,23.98160315374507,40.93298291721419,16.95137976346912,36.925098554533506,12.943495400788436,0.8256364843922958,2018,1.0,0,1.8647,MEDIUM-HIGH
1875,701570,"Replacement and revamping of pipeline projects in oil jetty area, Kandla",Deendayal Port Trust [DPT],"Ministry of Ports, Shipping and Waterways",Shipping,Gujarat,09/2021,09/2021,09/2023,03/2025,,171.0,211.61,149.5,92.0,2021-09-01,2021-09-01,2023-09-01,2025-03-01,,0.23748538011695913,23.98160315374507,41.95137976346912,17.96977660972405,,17.96977660972405,0.7064883512121355,2021,1.858695652173913,0,0.8742690058479532,MEDIUM
1876,701574,"Deepening and Optimization of Inner Harbour facilities including development of
Western Dock on BOT basis to handle Cape size vessels",Paradip Port Trust [PPT],"Ministry of Ports, Shipping and Waterways",Shipping,Odisha,05/2022,01/2023,12/2027,10/2028,,3004.63,3004.63,2261.12,76.0,2022-05-01,2023-01-01,2027-12-01,2028-10-01,,0.0,58.96846254927726,68.98817345597897,10.019710906701704,,10.019710906701704,0.7525452385152248,2022,39.53460526315789,1,0.7525452385152248,LOW
1877,701576,Berth No. 2 [previously Berth 3] of HDC Mechanization Project,"Haldia Dock Complex, Syama Prasad Mookerjee Port Authority","Ministry of Ports, Shipping and Waterways",Shipping,West Bengal,11/2022,03/2023,09/2025,01/2026,01/2026,298.26,298.26,480.0,100.0,2022-11-01,2023-03-01,2025-09-01,2026-01-01,2026-01-01,0.0,30.059132720105122,34.06701708278581,4.007884362680688,34.06701708278581,4.007884362680688,1.6093341380004025,2022,2.9825999999999997,0,1.6093341380004025,LOW
1878,701577,Shalukkhali Liquid Cargo Handling Facility Development Project,"Haldia Dock Complex, Syama Prasad Mookerjee Port Authority","Ministry of Ports, Shipping and Waterways",Shipping,West Bengal,01/2022,08/2022,08/2025,-,,253.65,253.65,9.28,0.3,2022-01-01,2022-08-01,2025-08-01,,,0.0,36.00525624178712,,0.0,,0.0,0.03658584663906958,2022,845.5,0,0.03658584663906958,LOW
1879,701586,Setting up of a Floating Storage and Regasification Unit [FSRU] - Mumbai,Mumbai Port Trust [MPT],"Ministry of Ports, Shipping and Waterways",Shipping,Maharashtra,11/2020,04/2021,11/2026,11/2026,,900.0,900.0,65.0,0.0,2020-11-01,2021-04-01,2026-11-01,2026-11-01,,0.0,67.01708278580814,67.01708278580814,0.0,,0.0,0.07222222222222222,2020,900.0,0,0.07222222222222222,LOW
1880,701593,4G Services by BSNL,Department of Telecommunications [DoT],Department of Telecommunications,Telecommunication,PAN India,11/2020,11/2020,03/2024,03/2026,,28466.0,19592.0,9165.04,98.56,2020-11-01,2020-11-01,2024-03-01,2026-03-01,,-0.31174032178739547,39.94743758212878,63.92904073587385,23.98160315374507,,23.98160315374507,0.46779501837484694,2020,288.8189935064935,1,0.32196444881613157,LOW
1881,701597,"Provision of 4G Mobile Services in Uncovered Villages of Arunachal Pradesh and
2 Districts of Assam",Department of Telecommunications,Department of Telecommunications,Telecommunication,"Multi-States (Arunachal
Pradesh, Assam)",12/2020,10/2021,04/2023,09/2026,,1255.49,276.62,237.98,99.84,2020-12-01,2021-10-01,2023-04-01,2026-09-01,,-0.7796716819727756,17.969776609724047,59.00131406044678,41.03153745072274,,41.03153745072274,0.8603137878678331,2020,12.575020032051281,1,0.18955148985655002,MEDIUM
1882,701598,"Provision of 4G based Mobile Services in Uncovered Villages and National
Highways of Meghalaya",Department of Telecommunications,Department of Telecommunications,Telecommunication,Meghalaya,09/2019,09/2020,03/2022,06/2026,,971.96,180.46,167.23,99.84,2019-09-01,2020-09-01,2022-03-01,2026-06-01,,-0.8143339232067163,17.936925098554532,68.95532194480946,51.01839684625492,,51.01839684625492,0.9266873545384018,2019,9.735176282051283,0,0.1720544055310918,MEDIUM
1883,701599,Mobile connectivity in Left Wing Extremism [LWE] affected areas-Phase2,Department of Telecommunications [DoT],Department of Telecommunications,Telecommunication,"Multi-States
(Andhra Pradesh,
Bihar,
Chhattisgarh,
Jharkhand,
Madhya Pradesh,
Maharashtra,
Odisha,
Telangana, Uttar
Pradesh, West
Bengal)",05/2018,09/2021,03/2023,11/2026,,1577.57,604.6,492.2,89.98,2018-05-01,2021-09-01,2023-03-01,2026-11-01,,-0.6167523469640016,17.936925098554532,61.990801576872535,44.053876478318,,44.053876478318,0.8140919616275223,2018,17.532451655923538,1,0.31199883364922,MEDIUM
1884,701600,354 Uncovered Villages Scheme,Department of Telecommunications [DoT],Department of Telecommunications,Telecommunication,"Multi-States (Bihar,
Gujarat, Himachal
Pradesh, Jammu and
Kashmir, Ladakh,
Rajasthan, Uttar
Pradesh)",12/2019,04/2020,08/2025,,10/2021,336.89,301.13,246.04,100.0,2019-12-01,2020-04-01,2025-08-01,,2021-10-01,-0.10614740716554362,63.99474375821288,,0.0,18.00262812089356,-45.992115637319316,0.8170557566499518,2019,3.3689,0,0.7303274065718781,LOW
1885,701602,"Provision of 4G based mobile services in 7,287 uncovered villages of 44 Aspirational
District across 5 states of Andhra Pradesh, Chhattisgarh, Jharkhand, Maharashtra &
Odisha",Department of Telecommunications [DoT],Department of Telecommunications,Telecommunication,"Multi-States
(Andhra Pradesh,
Chhattisgarh,
Jharkhand,
Maharashtra,
Odisha)",11/2021,05/2022,11/2023,01/2027,,3685.0,1448.61,1108.02,81.47,2021-11-01,2022-05-01,2023-11-01,2027-01-01,,-0.6068900949796473,18.035479632063073,56.04467805519054,38.009198423127465,,38.009198423127465,0.7648849586845321,2021,45.231373511722104,1,0.30068385345997284,MEDIUM
1886,701657,Tumakuru Node - Phase 1 - Roads and Services Development,NICDC,Department for Promotion of Industry & Internal Trade,Real Estate,Karnataka,12/2020,02/2023,09/2026,09/2027,,1701.81,1701.81,337.56,27.12,2020-12-01,2023-02-01,2026-09-01,2027-09-01,,0.0,42.96977660972404,54.96057818659658,11.990801576872535,,11.990801576872535,0.19835351772524548,2020,62.75110619469026,1,0.19835351772524548,LOW
1887,701658,Krishnapatnam Node - Phase 1 - Roads and Services Development,National Industrial Corridor Development Corporation,Department for Promotion of Industry & Internal Trade,Real Estate,Andhra Pradesh,12/2020,02/2024,02/2027,-,,2139.44,2139.44,984.13,47.77,2020-12-01,2024-02-01,2027-02-01,,,0.0,36.00525624178712,,0.0,,0.0,0.4599942040907901,2020,44.7862675319238,1,0.4599942040907901,LOW
1888,701661,Development of IMC Khurpia Farms under AKIC Project,National Industrial Corridor Development Corporation,Department for Promotion of Industry & Internal Trade,Real Estate,Uttarakhand,08/2024,03/2026,09/2028,-,,1265.37,1265.37,0.0,3.23,2024-08-01,2026-03-01,2028-09-01,,,0.0,30.059132720105122,,0.0,,0.0,0.0,2024,391.7554179566563,1,0.0,LOW
1889,701662,IMC Rajpura - Patiala Development Project,National Industrial Corridor Development Corporation,Department for Promotion of Industry & Internal Trade,Real Estate,Punjab,08/2024,03/2026,09/2028,-,,1367.72,1367.72,0.0,3.4,2024-08-01,2026-03-01,2028-09-01,,,0.0,30.059132720105122,,0.0,,0.0,0.0,2024,402.27058823529416,1,0.0,LOW
1890,701668,Development of Palakkad Node under extension of CBIC to Kochi,National Industrial Corridor Development Corporation,Department for Promotion of Industry & Internal Trade,Real Estate,Kerala,08/2024,10/2025,04/2029,-,,3805.0,3805.0,57.93,5.3,2024-08-01,2025-10-01,2029-04-01,,,0.0,41.98423127463863,,0.0,,0.0,0.015224704336399475,2024,717.9245283018868,1,0.015224704336399475,LOW
1891,701719,Rehablitation in Junavadaj Area Smart City Project,ministry of housing and urban affairs,Ministry of Housing & Urban Affairs,Real Estate,Gujarat,02/2016,06/2016,07/2022,07/2026,,539.0,539.0,623.44,98.5,2016-02-01,2016-06-01,2022-07-01,2026-07-01,,0.0,72.96320630749014,120.9592641261498,47.996057818659665,,47.996057818659665,1.1566604823747682,2016,5.472081218274112,0,1.1566604823747682,MEDIUM
1892,701745,New Suburba Station Development Project,ministry of housing and urban affairs,Ministry of Housing & Urban Affairs,Urban Public Transport,Maharashtra,04/2018,03/2019,07/2022,-,,262.76,262.76,163.21,48.0,2018-04-01,2019-03-01,2022-07-01,,,0.0,40.01314060446781,,0.0,,0.0,0.6211371593849901,2018,5.474166666666666,0,0.6211371593849901,LOW
1893,701766,Green Building Development Project,ministry of housing and urban affairs,Ministry of Housing & Urban Affairs,Real Estate,Uttarakhand,11/2019,08/2019,11/2023,12/2026,,150.97,206.0,59.51,40.3,2019-11-01,2019-08-01,2023-11-01,2026-12-01,,0.36450950519970854,51.01839684625492,88.00919842312746,36.990801576872535,,36.990801576872535,0.28888349514563105,2019,3.7461538461538466,0,0.3941842750215274,MEDIUM-HIGH
1894,701991,Kalyan Station Precinct Imporvement Project,ministry of housing and urban affairs,Ministry of Housing & Urban Affairs,Urban Public Transport,Maharashtra,04/2018,07/2020,07/2023,06/2026,,600.0,723.7,530.04,85.0,2018-04-01,2020-07-01,2023-07-01,2026-06-01,,0.20616666666666675,35.972404730617605,70.99211563731932,35.01971090670171,,35.01971090670171,0.7324029293906313,2018,7.0588235294117645,0,0.8834,MEDIUM-HIGH
1895,702355,Storm water drainag Development Project,ministry of housing and urban affairs,Ministry of Housing & Urban Affairs,Waste & Water,"Dadra & Nagar
Haveli and Daman
& Diu",08/2020,12/2021,03/2024,-,,210.0,210.0,0.0,20.0,2020-08-01,2021-12-01,2024-03-01,,,0.0,26.971090670170828,,0.0,,0.0,0.0,2020,10.5,0,0.0,LOW
1896,702522,In-Situ Slum Redevelopment Project in Bihar,"PMAY, Ministry of Housing and Urban Affairs",Ministry of Housing & Urban Affairs,Real Estate,Bihar,06/2015,,03/2024,-,,454.65,454.65,204.64,0.0,2015-06-01,,2024-03-01,,,0.0,,,0.0,,0.0,0.4501044759705268,2015,454.65,0,0.4501044759705268,LOW
1897,702524,Affordable Housing Construction Project in Chhattisgarh,"PMAY, Ministry of Housing and Urban Affairs",Ministry of Housing & Urban Affairs,Real Estate,Chhattisgarh,06/2015,,03/2024,-,,3797.69,3797.69,2694.0,0.0,2015-06-01,,2024-03-01,,,0.0,,,0.0,,0.0,0.7093785959359505,2015,3797.69,1,0.7093785959359505,MEDIUM
1898,702540,In-Situ Slum Redevelopment Project in Gujarat,"PMAY, Ministry of Housing and Urban Affairs",Ministry of Housing & Urban Affairs,Real Estate,Gujarat,06/2015,,03/2024,-,,5477.4,5477.4,3035.81,0.0,2015-06-01,,2024-03-01,,,0.0,,,0.0,,0.0,0.5542428889619163,2015,5477.4,1,0.5542428889619163,MEDIUM
1899,702544,In-Situ Slum Redevelopment Project in Haryana,"PMAY, Ministry of Housing and Urban Affairs",Ministry of Housing & Urban Affairs,Real Estate,Chandigarh,06/2015,,03/2024,-,,285.85,285.85,127.58,0.0,2015-06-01,,2024-03-01,,,0.0,,,0.0,,0.0,0.44631799895049845,2015,285.85,0,0.44631799895049845,LOW
1900,702555,In-Situ Slum Redevelopment Project in Jharkhand,"PMAY, Ministry of Housing and Urban Affairs",Ministry of Housing & Urban Affairs,Real Estate,Jharkhand,06/2015,,03/2024,-,,212.74,212.74,41.0,0.0,2015-06-01,,2024-03-01,,,0.0,,,0.0,,0.0,0.19272351226849674,2015,212.74,0,0.19272351226849674,LOW
1901,702612,In-Situ Slum Redevelopment Project in Uttar Pradesh,"PMAY, Ministry of Housing and Urban Affairs",Ministry of Housing & Urban Affairs,Real Estate,Uttar Pradesh,06/2015,,03/2024,-,,576.99,576.99,141.94,0.0,2015-06-01,,2024-03-01,,,0.0,,,0.0,,0.0,0.24600079724085339,2015,576.99,0,0.24600079724085339,LOW
1902,702625,Bhopal Metro Rail Project,Madhya Pradesh Metro Rail Co Limited [MPMRCL],Ministry of Housing & Urban Affairs,Urban Public Transport,Madhya Pradesh,11/2018,11/2018,11/2022,06/2028,,6941.4,6941.4,4498.76,62.7,2018-11-01,2018-11-01,2022-11-01,2028-06-01,,0.0,47.99605781865966,114.98028909329828,66.98423127463863,,66.98423127463863,0.6481055694816609,2018,110.70813397129186,1,0.6481055694816609,MEDIUM
1903,702626,Indore Metro Rail Project,Madhya Pradesh Metro Rail Co Limited [MPMRCL],Ministry of Housing & Urban Affairs,Urban Public Transport,Madhya Pradesh,11/2018,11/2018,11/2022,12/2028,,7500.8,7500.8,5093.95,65.48,2018-11-01,2018-11-01,2022-11-01,2028-12-01,,0.0,47.99605781865966,120.99211563731932,72.99605781865966,,72.99605781865966,0.679120893771331,2018,114.55100794135613,1,0.679120893771331,MEDIUM
1904,702627,Patna Metro Rail Project,Patna Metro Rail Corporation Ltd. [PMRCL],Ministry of Housing & Urban Affairs,Urban Public Transport,Bihar,02/2019,02/2019,02/2024,06/2027,,13365.77,13365.77,5198.09,50.05,2019-02-01,2019-02-01,2024-02-01,2027-06-01,,0.0,59.98685939553219,99.93429697766096,39.94743758212877,,39.94743758212877,0.3889106276705345,2019,267.0483516483517,1,0.3889106276705345,MEDIUM
1905,702628,Kanpur Metro Rail Project,Uttar Pradesh metro rail corporation [UPMRC],Ministry of Housing & Urban Affairs,Urban Public Transport,Uttar Pradesh,05/2019,11/2019,05/2024,03/2027,,11076.48,11076.48,9463.15,83.0,2019-05-01,2019-11-01,2024-05-01,2027-03-01,,0.0,53.975032851511166,87.94349540078844,33.96846254927727,,33.96846254927727,0.854346326630843,2019,133.45156626506022,1,0.854346326630843,MEDIUM
1906,702629,Agra Metro Rail Project,Uttar Pradesh metro rail corporation [UPMRC],Ministry of Housing & Urban Affairs,Urban Public Transport,Uttar Pradesh,05/2019,12/2020,05/2024,06/2027,,8379.62,8379.62,6368.28,73.0,2019-05-01,2020-12-01,2024-05-01,2027-06-01,,0.0,40.9658344283837,77.95663600525624,36.99080157687254,,36.99080157687254,0.7599724092500614,2019,114.78931506849317,1,0.7599724092500614,MEDIUM
1907,702630,Surat Metro Rail Project,Gujarat Metro Rail Corporation Limited [GMRCL],Ministry of Housing & Urban Affairs,Urban Public Transport,Gujarat,03/2019,03/2019,03/2024,03/2027,,12020.32,12020.32,9332.21,81.9,2019-03-01,2019-03-01,2024-03-01,2027-03-01,,0.0,60.019710906701704,95.99211563731932,35.97240473061761,,35.97240473061761,0.776369514289137,2019,146.76825396825396,1,0.776369514289137,MEDIUM
1908,702631,"Ahmedabad Metro Rail Project, Phase-II",Gujarat Metro Rail Corporation Limited [GMRCL],Ministry of Housing & Urban Affairs,Urban Public Transport,Gujarat,03/2019,03/2019,12/2025,,03/2024,5384.17,5384.17,5358.41,100.0,2019-03-01,2019-03-01,2025-12-01,,2024-03-01,0.0,81.04467805519053,,0.0,60.019710906701704,-21.024967148488827,0.995215604262124,2019,53.8417,1,0.995215604262124,LOW
1909,702632,DMRTS Phase - IV [3 Priority Corridors],Delhi Metro Rail Corporation Limited [DMRC],Ministry of Housing & Urban Affairs,Urban Public Transport,Delhi,07/2019,07/2019,03/2025,12/2026,,24948.65,24948.65,21420.76,83.46,2019-07-01,2019-07-01,2025-03-01,2026-12-01,,0.0,68.00262812089356,89.02759526938239,21.024967148488827,,21.024967148488827,0.8585939519773614,2019,298.9294272705488,1,0.8585939519773614,LOW
1910,702633,Delhi-Ghaziabad-Meerut Regional Rapid Transit System [RRTS] corridor,National Capital Region Transport Corporation [NCRTC],Ministry of Housing & Urban Affairs,Urban Public Transport,"Multi-States (Delhi, Uttar
Pradesh)",03/2019,03/2019,06/2025,02/2026,02/2026,30274.0,30274.0,27950.13,100.0,2019-03-01,2019-03-01,2025-06-01,2026-02-01,2026-02-01,0.0,75.03285151116951,83.08147174770039,8.04862023653088,83.08147174770039,8.04862023653088,0.9232387527251107,2019,302.74,1,0.9232387527251107,LOW
1911,702635,Construction of Bangalore Metro Rail Project Phase 2,Bengaluru Metro Rail,Ministry of Housing & Urban Affairs,Urban Public Transport,Karnataka,02/2014,02/2016,03/2021,09/2026,,26405.14,30695.12,29834.97,95.8,2014-02-01,2016-02-01,2021-03-01,2026-09-01,,0.16246761047280944,60.939553219448094,126.97109067017082,66.03153745072274,,66.03153745072274,0.9719776303203898,2014,275.6277661795407,1,1.1298925133515672,MEDIUM
1912,702637,Mumbai Metro Line 3,Mumbai Metro Rail Corporation Limited [MMRC],Ministry of Housing & Urban Affairs,Urban Public Transport,Maharashtra,07/2013,06/2016,03/2023,08/2025,,23136.0,37276.0,35959.97,99.21,2013-07-01,2016-06-01,2023-03-01,2025-08-01,,0.6111687413554634,80.946123521682,109.98685939553219,29.040735873850196,,29.040735873850196,0.9646949780019316,2013,233.20229815542788,1,1.5542863934993085,HIGH
1913,702639,Ahmedabad Metro Rail Project [Phase-I],Gujarat Metro Rail Corporation Limited [GMRCL],Ministry of Housing & Urban Affairs,Urban Public Transport,Gujarat,11/2014,02/2015,03/2018,05/2026,05/2026,10773.0,12924.5,12521.43,100.0,2014-11-01,2015-02-01,2018-03-01,2026-05-01,2026-05-01,0.19971224357189268,36.925098554533506,134.92115637319316,97.99605781865965,134.92115637319316,97.99605781865965,0.9688134937521761,2014,107.73,1,1.162297410192147,MEDIUM
1914,702658,Nagpur Metro Rail Phase II Development Project,Maharashtra Metro Rail Corporation Limited [MMRCL],Ministry of Housing & Urban Affairs,Urban Public Transport,Maharashtra,12/2022,12/2022,12/2027,-,,6708.0,6708.0,2161.73,42.11,2022-12-01,2022-12-01,2027-12-01,,,0.0,59.98685939553219,,0.0,,0.0,0.3222614788312463,2022,159.29707907860367,1,0.3222614788312463,LOW
1915,702664,Kochi Metro Rail Phase 2 Development Project,CSPCC Projects,Ministry of Housing & Urban Affairs,Urban Public Transport,Kerala,11/2022,11/2022,11/2026,11/2026,,1957.05,1957.05,816.8,41.2,2022-11-01,2022-11-01,2026-11-01,2026-11-01,,0.0,47.99605781865966,47.99605781865966,0.0,,0.0,0.4173628675813086,2022,47.50121359223301,1,0.4173628675813086,LOW
1916,702665,Construction Bangalore Metro Rail Project Phase-2A & 2B,Bengaluru Metro Rail,Ministry of Housing & Urban Affairs,Urban Public Transport,Karnataka,06/2021,01/2019,06/2026,06/2026,,14788.1,14788.1,10878.48,67.5,2021-06-01,2019-01-01,2026-06-01,2026-06-01,,0.0,88.96189224704337,88.96189224704337,0.0,,0.0,0.7356239138226005,2021,219.08296296296297,1,0.7356239138226005,LOW
1917,702668,Chennai Metro Rail Phase-II Development Project,Chennai Metro Rail Limited [CMRL],Ministry of Housing & Urban Affairs,Urban Public Transport,Tamil Nadu,10/2024,11/2020,08/2029,-,,63246.0,63246.0,34698.0,55.73,2024-10-01,2020-11-01,2029-08-01,,,0.0,104.96057818659658,,0.0,,0.0,0.5486196755526042,2024,1134.8645253902746,1,0.5486196755526042,LOW
1918,702674,"ESR - 8 nos., distribution system - 216 Km, new house service connections - 38760
nos. upgrading of feeder mains, pumping station etc. - Phase II",Ministry of Housing & Urban Affairs,Ministry of Housing & Urban Affairs,Waste & Water,Andhra Pradesh,02/2017,07/2018,03/2023,08/2026,,172.22,172.22,88.86,82.0,2017-02-01,2018-07-01,2023-03-01,2026-08-01,,0.0,55.97897503285151,97.01051248357425,41.03153745072274,,41.03153745072274,0.5159679479735222,2017,2.1002439024390243,0,0.5159679479735222,MEDIUM
1919,702682,Dibrugarh Water Supply Infrastructure Project,Ministry of Housing & Urban Affairs,Ministry of Housing & Urban Affairs,Waste & Water,Assam,02/2016,01/2020,03/2023,01/2026,12/2025,186.8,186.8,186.8,100.0,2016-02-01,2020-01-01,2023-03-01,2026-01-01,2025-12-01,0.0,37.943495400788436,72.01051248357425,34.06701708278581,70.99211563731932,33.04862023653088,1.0,2016,1.868,0,1.0,MEDIUM
1920,702699,Muzaffarpur Storm Water Drainage Phase-I Project,Ministry of Housing & Urban Affairs,Ministry of Housing & Urban Affairs,Waste & Water,Bihar,11/2016,02/2019,10/2023,06/2026,,158.78,158.78,135.72,85.0,2016-11-01,2019-02-01,2023-10-01,2026-06-01,,0.0,55.946123521682,87.94349540078844,31.99737187910644,,31.99737187910644,0.8547676029726665,2016,1.868,0,0.8547676029726665,MEDIUM
1921,702734,Sewerage Management Scheme Part-3 Implementation,Ministry of Housing & Urban Affairs,Ministry of Housing & Urban Affairs,Waste & Water,Haryana,03/2017,11/2017,09/2023,09/2026,,278.01,278.01,228.49,88.0,2017-03-01,2017-11-01,2023-09-01,2026-09-01,,0.0,69.97371879106439,105.97897503285151,36.00525624178712,,36.00525624178712,0.8218769109024856,2017,3.1592045454545454,0,0.8218769109024856,MEDIUM
1922,702735,Sewerage Management Scheme Part-3 Implementation,Ministry of Housing & Urban Affairs,Ministry of Housing & Urban Affairs,Waste & Water,Haryana,03/2017,10/2018,03/2023,04/2026,04/2026,213.19,213.19,180.32,100.0,2017-03-01,2018-10-01,2023-03-01,2026-04-01,2026-04-01,0.0,52.95663600525624,89.98028909329828,37.02365308804204,89.98028909329828,37.02365308804204,0.8458182841596698,2017,2.1319,0,0.8458182841596698,MEDIUM
1923,702741,Dhanbad Water Supply Infrastructure Project,Ministry of Housing & Urban Affairs,Ministry of Housing & Urban Affairs,Waste & Water,Jharkhand,02/2017,12/2018,03/2023,06/2026,,216.55,216.55,129.16,76.0,2017-02-01,2018-12-01,2023-03-01,2026-06-01,,0.0,50.9526938239159,89.98028909329828,39.02759526938238,,39.02759526938238,0.5964442392057261,2017,2.8493421052631582,0,0.5964442392057261,MEDIUM
1924,702742,SAAP-3 Water Supply Infrastructure SAAP-3 Project,Ministry of Housing & Urban Affairs,Ministry of Housing & Urban Affairs,Waste & Water,Jharkhand,02/2017,12/2018,10/2023,06/2026,,159.31,159.31,87.5,67.0,2017-02-01,2018-12-01,2023-10-01,2026-06-01,,0.0,57.98291721419185,89.98028909329828,31.99737187910643,,31.99737187910643,0.5492436130814136,2017,2.377761194029851,0,0.5492436130814136,MEDIUM
1925,702746,Augmentation and Strenghthning of Urban Water Supply Phase 1 - SAAP 3,Ministry of Housing & Urban Affairs,Ministry of Housing & Urban Affairs,Waste & Water,Jharkhand,02/2017,12/2018,03/2023,06/2026,,278.28,278.28,186.5,81.0,2017-02-01,2018-12-01,2023-03-01,2026-06-01,,0.0,50.9526938239159,89.98028909329828,39.02759526938238,,39.02759526938238,0.6701882995544057,2017,3.4355555555555553,0,0.6701882995544057,MEDIUM
1926,702760,Belgavi Improvement in Sewerage System Project,Ministry of Housing & Urban Affairs,Ministry of Housing & Urban Affairs,Waste & Water,Karnataka,12/2015,10/2016,07/2023,06/2026,,162.73,162.73,79.5,80.0,2015-12-01,2016-10-01,2023-07-01,2026-06-01,,0.0,80.946123521682,115.9658344283837,35.019710906701704,,35.019710906701704,0.4885392982240521,2015,2.034125,0,0.4885392982240521,MEDIUM
1927,702764,24/7 water supply under AMRUT for Davanagere,Ministry of Housing & Urban Affairs,Ministry of Housing & Urban Affairs,Waste & Water,Karnataka,11/2016,01/2018,03/2023,05/2026,05/2026,174.96,174.96,171.6,100.0,2016-11-01,2018-01-01,2023-03-01,2026-05-01,2026-05-01,0.0,61.925098554533506,99.93429697766096,38.00919842312746,99.93429697766096,38.00919842312746,0.98079561042524,2016,1.7496,0,0.98079561042524,MEDIUM
1928,702793,Indore Water Supply Infrastructure Project,Ministry of Housing & Urban Affairs,Ministry of Housing & Urban Affairs,Waste & Water,Madhya Pradesh,12/2016,11/2017,03/2023,06/2026,,287.17,287.17,252.5,99.0,2016-12-01,2017-11-01,2023-03-01,2026-06-01,,0.0,63.92904073587385,102.95663600525624,39.027595269382395,,39.027595269382395,0.8792701187449942,2016,2.900707070707071,0,0.8792701187449942,MEDIUM
1929,702798,Jabalpur Sewerage Management and Treatment Infrastructure Project,Ministry of Housing & Urban Affairs,Ministry of Housing & Urban Affairs,Waste & Water,Madhya Pradesh,10/2018,12/2017,03/2023,04/2026,04/2026,362.31,362.31,332.05,100.0,2018-10-01,2017-12-01,2023-03-01,2026-04-01,2026-04-01,0.0,62.943495400788436,99.96714848883049,37.02365308804205,99.96714848883049,37.02365308804205,0.9164803621208357,2018,3.6231,0,0.9164803621208357,MEDIUM
1930,702808,Satna Sewerage Management and Treatment Infrastructure Project,Ministry of Housing & Urban Affairs,Ministry of Housing & Urban Affairs,Waste & Water,Madhya Pradesh,11/2015,12/2016,03/2024,08/2026,,191.56,215.89,200.32,96.0,2015-11-01,2016-12-01,2024-03-01,2026-08-01,,0.12700981415744406,86.95795006570302,115.9658344283837,29.007884362680684,,29.007884362680684,0.9278799388577517,2015,1.9954166666666666,0,1.0457297974524953,MEDIUM
1931,702810,Singrauli Sewerage Management and Treatment Infrastructure Project,Ministry of Housing & Urban Affairs,Ministry of Housing & Urban Affairs,Waste & Water,Madhya Pradesh,05/2016,11/2017,03/2023,06/2026,,402.01,438.1,371.17,90.0,2016-05-01,2017-11-01,2023-03-01,2026-06-01,,0.08977388622173586,63.92904073587385,102.95663600525624,39.027595269382395,,39.027595269382395,0.8472266605797762,2016,4.466777777777778,0,0.9232854904106864,MEDIUM
1932,702833,Kalyan-Dombivali Water Supply Infrastructure Project,Ministry of Housing & Urban Affairs,Ministry of Housing & Urban Affairs,Waste & Water,Maharashtra,07/2016,09/2019,10/2023,08/2026,,194.2,194.2,136.56,75.0,2016-07-01,2019-09-01,2023-10-01,2026-08-01,,0.0,48.98160315374507,82.98291721419184,34.001314060446774,,34.001314060446774,0.7031925849639548,2016,2.5893333333333333,0,0.7031925849639548,MEDIUM
1933,702840,Mira-Bhayandar Water Supply Infrastructure Project,Ministry of Housing & Urban Affairs,Ministry of Housing & Urban Affairs,Waste & Water,Maharashtra,11/2016,08/2018,03/2023,06/2026,06/2026,204.55,204.55,193.2,100.0,2016-11-01,2018-08-01,2023-03-01,2026-06-01,2026-06-01,0.0,54.96057818659658,93.98817345597897,39.02759526938239,93.98817345597897,39.02759526938239,0.9445123441701294,2016,2.0455,0,0.9445123441701294,MEDIUM
1934,702842,Nagpur Water Supply Infrastructure Project,Ministry of Housing & Urban Affairs,Ministry of Housing & Urban Affairs,Waste & Water,Maharashtra,12/2015,08/2018,03/2023,01/2026,01/2026,273.78,271.86,267.57,100.0,2015-12-01,2018-08-01,2023-03-01,2026-01-01,2026-01-01,-0.007012930089853018,54.96057818659658,89.02759526938239,34.06701708278581,89.02759526938239,34.06701708278581,0.9842198190244978,2015,2.7377999999999996,0,0.9773175542406313,MEDIUM
1935,702851,Pune Water Supply Infrastructure Project,Ministry of Housing & Urban Affairs,Ministry of Housing & Urban Affairs,Waste & Water,Maharashtra,03/2017,07/2017,03/2023,08/2026,07/2026,235.95,235.95,220.77,100.0,2017-03-01,2017-07-01,2023-03-01,2026-08-01,2026-07-01,0.0,67.96977660972405,109.00131406044677,41.03153745072272,107.98291721419184,40.01314060446779,0.9356643356643357,2017,2.3594999999999997,0,0.9356643356643357,MEDIUM
1936,702854,Solapur Sewerage Management Infrastructure Project,Ministry of Housing & Urban Affairs,Ministry of Housing & Urban Affairs,Waste & Water,Maharashtra,03/2017,04/2018,03/2023,06/2026,06/2026,180.24,180.24,172.22,100.0,2017-03-01,2018-04-01,2023-03-01,2026-06-01,2026-06-01,0.0,58.96846254927726,97.99605781865965,39.02759526938239,97.99605781865965,39.02759526938239,0.9555037727474478,2017,1.8024,0,0.9555037727474478,MEDIUM
1937,702948,Jaunpur Sewerage Management Infrastructure Project,Ministry of Housing & Urban Affairs,Ministry of Housing & Urban Affairs,Waste & Water,Uttar Pradesh,03/2017,08/2019,06/2023,03/2026,03/2026,235.73,231.62,231.62,100.0,2017-03-01,2019-08-01,2023-06-01,2026-03-01,2026-03-01,-0.017435201289610933,45.992115637319316,78.97503285151117,32.98291721419186,78.97503285151117,32.98291721419186,1.0,2017,2.3573,0,0.982564798710389,MEDIUM
1938,702949,Jhansi Water Supply Infrastructure Phase-II Project,Ministry of Housing & Urban Affairs,Ministry of Housing & Urban Affairs,Waste & Water,Uttar Pradesh,03/2017,06/2019,07/2023,08/2026,,561.74,561.74,506.52,95.0,2017-03-01,2019-06-01,2023-07-01,2026-08-01,,0.0,48.98160315374507,86.00525624178712,37.02365308804205,,37.02365308804205,0.9016982945846833,2017,5.913052631578948,0,0.9016982945846833,MEDIUM
1939,702958,Lucknow Sewerage Management Infrastructure Project,Ministry of Housing & Urban Affairs,Ministry of Housing & Urban Affairs,Waste & Water,Uttar Pradesh,09/2016,05/2019,03/2023,08/2026,,142.46,173.21,152.65,95.0,2016-09-01,2019-05-01,2023-03-01,2026-08-01,,0.21585006317562824,45.992115637319316,87.02365308804205,41.03153745072274,,41.03153745072274,0.8813001558801454,2016,1.4995789473684211,0,1.0715288502035658,MEDIUM-HIGH
1940,703021,Jalandhar Water Supply Infrastructure Project,Ministry of Housing & Urban Affairs,Ministry of Housing & Urban Affairs,Waste & Water,Punjab,11/2016,08/2020,08/2023,08/2026,,258.53,266.64,161.02,90.0,2016-11-01,2020-08-01,2023-08-01,2026-08-01,,0.03136966696321516,35.972404730617605,71.97766097240472,36.005256241787116,,36.005256241787116,0.603885388538854,2016,2.872555555555555,0,0.6228290720612696,MEDIUM
1941,703057,Patiala Water Supply Infrastructure Part-2 Project,Ministry of Housing & Urban Affairs,Ministry of Housing & Urban Affairs,Waste & Water,Punjab,11/2016,08/2020,10/2023,08/2026,,287.0,287.0,213.64,99.0,2016-11-01,2020-08-01,2023-10-01,2026-08-01,,0.0,37.97634691195795,71.97766097240472,34.001314060446774,,34.001314060446774,0.744390243902439,2016,2.898989898989899,0,0.744390243902439,MEDIUM
1942,703585,Yeshvanthpur - Channasandra Doubling Project [21.70 Km],Karnataka Rail Infrastructure Development Company Limited [K-RIDE],Ministry of Railways,Railways,Karnataka,04/2019,10/2019,03/2024,03/2026,,314.1,683.57,173.5,56.8,2019-04-01,2019-10-01,2024-03-01,2026-03-01,,1.1762814390321554,52.989487516425754,76.97109067017082,23.98160315374507,,23.98160315374507,0.25381453252775865,2019,5.529929577464789,0,0.5523718560967844,MEDIUM-HIGH
1943,703586,Baiyyappanahalli-Hosur 48 km,M.D/KRIDE SWR mor,Ministry of Railways,Railways,"Multi-States
(Karnataka, Tamil
Nadu)",04/2019,07/2020,12/2024,01/2026,,498.7,1160.0,700.64,85.0,2019-04-01,2020-07-01,2024-12-01,2026-01-01,,1.3260477240826147,53.022339027595265,66.03153745072274,13.009198423127472,,13.009198423127472,0.604,2019,5.867058823529412,0,1.4049328253458992,MEDIUM-HIGH
1944,704495,"502 Aspirational District Scheme in Four states - Bihar, Madhya Pradesh, Rajastha
and Uttar Pradesh",Department of Telecommunications [DoT],Department of Telecommunications,Telecommunication,"Multi-States
(Bihar, Madhya
Pradesh,
Rajasthan, Uttar
Pradesh)",12/2019,03/2021,03/2022,06/2026,,421.65,228.94,152.96,99.59,2019-12-01,2021-03-01,2022-03-01,2026-06-01,,-0.45703782758211786,11.990801576872535,63.00919842312746,51.01839684625492,,51.01839684625492,0.66812265222329,2019,4.233858821166783,0,0.3627653266927547,MEDIUM
1945,705237,Western Dedicated Freight Corridor,DFCCIL,Ministry of Railways,Railways,"Multi-States
(Gujarat, Haryana,
Maharashtra,
Rajasthan, Uttar
Pradesh)",02/2008,01/2012,03/2022,12/2025,,51101.0,124005.0,124623.0,96.0,2008-02-01,2012-01-01,2022-03-01,2025-12-01,,1.426664840218391,121.94480946123521,166.98423127463863,45.03942181340342,,45.03942181340342,1.004983670013306,2008,532.3020833333334,1,2.438758537014931,HIGH
1946,705244,Coach Production Factory Upgradation Project,CPM/ICF,Ministry of Railways,Railways,Tamil Nadu,12/2017,07/2018,12/2021,-,,520.0,520.0,192.25,0.0,2017-12-01,2018-07-01,2021-12-01,,,0.0,41.03153745072273,,0.0,,0.0,0.3697115384615385,2017,520.0,0,0.3697115384615385,LOW
1947,705252,Kazipet Wagon Overhauling Project,RVNL,Ministry of Railways,Railways,Telangana,09/2017,07/2017,12/2023,-,,385.0,385.0,0.0,0.0,2017-09-01,2017-07-01,2023-12-01,,,0.0,77.00394218134034,,0.0,,0.0,0.0,2017,385.0,0,0.0,LOW
1948,705253,Kurnool Coach Midlife Rehabilitation Project,South Central Railway [SCR] - II,Ministry of Railways,Railways,Andhra Pradesh,05/2016,07/2014,12/2020,12/2026,,563.0,560.72,959.27,75.01,2016-05-01,2014-07-01,2020-12-01,2026-12-01,,-0.00404973357015981,77.03679369250985,149.01445466491458,71.97766097240473,,71.97766097240473,1.71078256527322,2016,7.505665911211838,0,1.703854351687389,MEDIUM-HIGH
1949,705298,North Region Video Surveillance Project,RCIL,Ministry of Railways,Railways,PAN India,06/2020,04/2023,03/2024,-,,274.39,274.39,0.0,48.0,2020-06-01,2023-04-01,2024-03-01,,,0.0,11.005256241787121,,0.0,,0.0,0.0,2020,5.716458333333333,0,0.0,LOW
1950,705300,Western Region Video Surveillance Project,RCIL,Ministry of Railways,Railways,PAN India,06/2020,04/2023,12/2023,07/2026,01/2026,227.59,227.59,0.0,100.0,2020-06-01,2023-04-01,2023-12-01,2026-07-01,2026-01-01,0.0,8.015768725361367,38.99474375821288,30.97897503285151,33.04862023653088,25.03285151116951,0.0,2020,2.2759,0,0.0,MEDIUM
1951,705356,"Ahmednagar - Beed - Parli - Vaijnath New Broad Gauge Line Railway Project [261.3
km]",CAOC/CR CR mor,Ministry of Railways,Railways,Maharashtra,02/1997,04/2013,12/2026,03/2026,,2538.67,5942.48,5054.69,93.0,1997-02-01,2013-04-01,2026-12-01,2026-03-01,,1.3407847416166732,163.99474375821288,154.96057818659656,-9.034165571616313,,-9.034165571616313,0.8506027786378751,1997,27.29752688172043,1,1.9910780054122825,MEDIUM
1952,705357,Baramati - Lonand 54 km,CAOC/CR CR mor,Ministry of Railways,Railways,Maharashtra,02/1999,12/2003,03/2027,03/2027,,138.48,1790.5,1132.25,60.0,1999-02-01,2003-12-01,2027-03-01,2027-03-01,,11.929664933564414,278.9421813403416,278.9421813403416,0.0,,0.0,0.6323652611002514,1999,2.308,0,8.176270941652225,MEDIUM
1953,705358,Khurda Road-Bolangir 301 km,CAO/C/ECOR ECoR mor,Ministry of Railways,Railways,Odisha,03/1994,03/2001,12/2026,12/2026,,3792.0,6221.98,4825.28,93.0,1994-03-01,2001-03-01,2026-12-01,2026-12-01,,0.6408175105485231,309.00131406044676,309.00131406044676,0.0,,0.0,0.7755216185201496,1994,40.774193548387096,1,1.2724894514767933,MEDIUM
1954,705359,Talcher-Bimlagarh 154 km,CAO/C/ECOR ECoR mor,Ministry of Railways,Railways,Odisha,03/2004,07/2008,03/2025,03/2029,,1928.0,4546.84,2164.01,56.0,2004-03-01,2008-07-01,2025-03-01,2029-03-01,,1.3583195020746888,199.96714848883047,247.96320630749014,47.996057818659665,,47.996057818659665,0.4759371343614467,2004,34.42857142857143,1,1.1224118257261413,HIGH
1955,705362,"Jaynagar-Bijalpura, incl. extn. Bet, Bijalpura-Bardibas [Nepal]",East Central Railway [ECR] - I,Ministry of Railways,Railways,Offshore,08/2015,03/2011,03/2022,03/2026,,819.0,819.0,580.51,75.0,2015-08-01,2011-03-01,2022-03-01,2026-03-01,,0.0,131.99737187910642,179.9934296977661,47.996057818659665,,47.996057818659665,0.7088034188034188,2015,10.92,0,0.7088034188034188,MEDIUM
1956,705363,Sakri-Hasanpur Road New Rail Line Project,East Central Railway [ECR] - I,Ministry of Petroleum & Natural Gas,Oil & Gas,Bihar,03/2011,,12/2024,03/2025,,735.0,735.0,605.0,78.0,2011-03-01,,2024-12-01,2025-03-01,,0.0,,,0.0,,0.0,0.8231292517006803,2011,9.423076923076923,0,0.8231292517006803,LOW
1957,705364,Khagaria-Kusheshwar Asthan [42Km] new line project,East Central Railway [ECR] - I,Ministry of Railways,Railways,Bihar,04/2019,12/1998,12/2024,03/2027,,614.0,1384.16,491.56,55.7,2019-04-01,1998-12-01,2024-12-01,2027-03-01,,1.2543322475570033,311.9908015768725,338.92904073587385,26.93823915900134,,26.93823915900134,0.35513235464108195,2019,11.023339317773788,0,0.8005863192182411,HIGH
1958,705366,Hajipur-Sagauli via Vaishali 148.3 km,CAO/Con/North/MHX ECR mor,Ministry of Railways,Railways,Bihar,10/2007,12/2008,03/2020,06/2027,,2067.0,3991.33,2843.39,74.0,2007-10-01,2008-12-01,2020-03-01,2027-06-01,,0.9309772617319787,134.95400788436268,221.9448094612352,86.99080157687251,,86.99080157687251,0.7123916088121002,2007,27.93243243243243,1,1.3756119980648283,HIGH
1959,705368,Araria-Supaul 92 km,CAO/Con/North/MHX ECR mor,Ministry of Railways,Railways,Bihar,08/2009,09/2020,03/2024,01/2027,,1605.0,2621.05,2140.8,40.0,2009-08-01,2020-09-01,2024-03-01,2027-01-01,,0.6330529595015577,41.95137976346912,75.9855453350854,34.034165571616285,,34.034165571616285,0.8167719043894622,2009,40.125,1,1.3338317757009346,HIGH
1960,705373,"Fatuah-Islampur incl. material modification for extension of new line from Neora to
Daniawan Daniawan to Biharsharif Biharsharif to Barbigha Barbigha to Sheikhpura",CAO/Con/South/MHX ECR mor,Ministry of Railways,Railways,Bihar,08/2002,02/2000,03/2023,08/2025,,1473.0,3259.35,3041.78,95.0,2002-08-01,2000-02-01,2023-03-01,2025-08-01,,1.2127291242362526,276.9053876478318,305.946123521682,29.040735873850224,,29.040735873850224,0.933247426634145,2002,15.505263157894737,1,2.0650237610319078,HIGH
1961,705375,Koderma-Tilaiya 68 km,CAO/Con/South/MHX ECR mor,Ministry of Railways,Railways,"Multi-States
(Bihar, Jharkhand)",11/2004,05/2017,02/2025,02/2026,,1626.0,2433.13,2269.03,90.0,2004-11-01,2017-05-01,2025-02-01,2026-02-01,,0.49638991389913906,93.06833114323258,105.05913272010513,11.990801576872542,,11.990801576872542,0.9325560081047869,2004,18.066666666666666,1,1.395467404674047,LOW
1962,705385,Pirpainti - Jasidih 97 km,CAOC/ER ER mor,Ministry of Railways,Railways,"Multi-States
(Bihar, Jharkhand)",03/2014,04/2026,03/2028,03/2028,,2555.0,2700.43,1775.66,40.0,2014-03-01,2026-04-01,2028-03-01,2028-03-01,,0.056919765166340446,22.996057818659658,22.996057818659658,0.0,,0.0,0.6575471313827799,2014,63.875,1,0.6949745596868885,LOW
1963,705391,Jiribam-Imphal 110 km,CAO/C-III/NFR NFR mor,Ministry of Railways,Railways,Manipur,10/2003,04/2009,12/2026,06/2029,,14323.0,21886.0,16931.5,78.0,2003-10-01,2009-04-01,2026-12-01,2029-06-01,,0.5280318369056762,211.9908015768725,241.98423127463863,29.993429697766118,,29.993429697766118,0.7736224070181852,2003,183.62820512820514,1,1.1821196676673882,HIGH
1964,705392,Dimapur-Kohima 88 km,CAO/C-1/NFR NFR mor,Ministry of Railways,Railways,"Multi-States (Assam,
Nagaland)",11/2006,12/2015,03/2025,12/2029,,6663.0,15310.2,6719.53,45.0,2006-11-01,2015-12-01,2025-03-01,2029-12-01,,1.2977937865826206,110.9724047306176,168.00262812089355,57.03022339027595,,57.03022339027595,0.4388923724053245,2006,148.06666666666666,1,1.0084841662914603,HIGH
1965,705394,Teteliya-Byrnihat 21.5 km,CAO/C-II/NFR NFR mor,Ministry of Railways,Railways,"Multi-States
(Meghalaya, Assam)",11/2006,04/2011,11/2011,06/2027,,1304.62,1432.14,1272.35,87.0,2006-11-01,2011-04-01,2011-11-01,2027-06-01,,0.09774493722309961,7.030223390275952,193.98817345597897,120.0,,120.0,0.88842571257,2006,14.995632183908045,1,0.9752648280725422,MEDIUM
1966,705396,Byrnihat-Shillong New Rail Line- 108 km,Northeast Frontier Railway [NFR],Ministry of Railways,Railways,Meghalaya,04/2011,03/2010,03/2021,03/2027,,8324.28,8342.28,266.12,2.04,2011-04-01,2010-03-01,2021-03-01,2027-03-01,,0.0021623491761449637,131.99737187910642,203.97503285151117,71.97766097240475,,71.97766097240475,0.031900151996816214,2011,4080.5294117647063,1,0.03196913126420543,MEDIUM
1967,705400,New B.G. Railway Line- Araria to Galgalia [Thakurgunj],Northeast Frontier Railway [NFR],Ministry of Petroleum & Natural Gas,Oil & Gas,Bihar,06/2007,,12/2024,07/2025,,2650.0,4412.0,4152.4,96.0,2007-06-01,,2024-12-01,2025-07-01,,0.6649056603773585,,,0.0,,0.0,0.941160471441523,2007,27.604166666666668,1,1.566943396226415,MEDIUM
1968,705401,Murkongselek-Pasighat 26.15 km,CAO/C-II/NFR NFR mor,Ministry of Railways,Railways,"Multi-States (Arunachal
Pradesh, Assam)",02/2011,05/2023,03/2025,12/2026,,435.0,1334.45,1057.21,67.0,2011-02-01,2023-05-01,2025-03-01,2026-12-01,,2.0677011494252873,22.010512483574242,43.03547963206307,21.02496714848883,,21.02496714848883,0.7922439956536401,2011,6.492537313432836,0,2.430367816091954,MEDIUM-HIGH
1969,705410,"Nangal Dam-Talwara 83.74 km - New broad gauge line & taking over siding Mukerian-
Talwara 29.16 km",CAOC/NR NR mor,Ministry of Railways,Railways,"Multi-States
(Himachal
Pradesh, Punjab)",03/1983,04/1983,12/2025,12/2027,,2018.0,4076.15,2934.27,84.0,1983-03-01,1983-04-01,2025-12-01,2027-12-01,,1.0198959365708622,511.9908015768725,535.9724047306175,23.981603153745027,,23.981603153745027,0.719863106117292,1983,24.023809523809526,1,1.4540485629335975,MEDIUM-HIGH
1970,705419,Gwalior-Sheorpurkalan with extension to Kota 284 km,CAO/C/NCR NCR mor,Ministry of Railways,Railways,Madhya Pradesh,02/2010,04/2018,03/2025,02/2026,,2913.0,3947.0,3068.75,91.0,2010-02-01,2018-04-01,2025-03-01,2026-02-01,,0.3549605217988328,82.98291721419184,94.053876478318,11.07095926412616,,11.07095926412616,0.7774892323283507,2010,32.010989010989015,1,1.053467215928596,LOW
1971,705424,Chandigarh-Baddi 33.23 km,CAOC/NR NR mor,Ministry of Railways,Railways,"Multi-States
(Haryana,
Himachal Pradesh)",02/2018,07/2022,12/2026,12/2026,,1540.0,1942.17,1101.73,47.0,2018-02-01,2022-07-01,2026-12-01,2026-12-01,,0.2611493506493507,53.022339027595265,53.022339027595265,0.0,,0.0,0.567267540946467,2018,32.765957446808514,1,0.7154090909090909,LOW
1972,705428,Bhanupalli-Bilaspur-Beri New Railway Line Project,RVNL - II,Ministry of Railways,Railways,"Multi-States
(Himachal
Pradesh, Punjab)",03/2009,04/2015,12/2026,12/2027,,13447.0,13447.0,7781.89,64.0,2009-03-01,2015-04-01,2026-12-01,2027-12-01,,0.0,140.0131406044678,152.00394218134034,11.990801576872542,,11.990801576872542,0.5787082620658883,2009,210.109375,1,0.5787082620658883,LOW
1973,705429,Rishikesh-Karnaprayag New Rail Line- 125 km,RVNL - II,Ministry of Railways,Railways,Uttarakhand,11/2016,08/2018,12/2025,12/2028,,38953.0,38953.0,28828.18,77.5,2016-11-01,2018-08-01,2025-12-01,2028-12-01,,0.0,88.00919842312746,124.01445466491458,36.00525624178712,,36.00525624178712,0.7400759890123996,2016,502.6193548387097,1,0.7400759890123996,MEDIUM
1974,705432,Sivok-Rangpo New Rail Line,Indian Railway Construction International Limited [IRCON],Ministry of Railways,Railways,Sikkim,10/2009,05/2010,05/2015,12/2027,,7877.0,11775.0,11090.47,80.0,2009-10-01,2010-05-01,2015-05-01,2027-12-01,,0.4948584486479624,59.98685939553219,211.00525624178712,120.0,,120.0,0.9418658174097664,2009,98.4625,1,1.4079560746477084,MEDIUM-HIGH
1975,705433,Dallirajhra- Rowghat New Railway Line - Phase I [95 km],Rail Vikas Nigam Limited,Ministry of Railways,Railways,Chhattisgarh,07/2009,12/2009,09/2025,12/2025,,1628.0,1628.0,1440.85,82.0,2009-07-01,2009-12-01,2025-09-01,2025-12-01,,0.0,188.99474375821288,191.98423127463863,2.989487516425754,,2.989487516425754,0.8850429975429975,2009,19.853658536585368,1,0.8850429975429975,LOW
1976,705434,New Railway Line between Ginigera and Raichur [165.57 km],South Western Railway [SWR] - II,Ministry of Railways,Railways,Karnataka,03/2008,05/2009,03/2019,03/2027,,2565.0,3034.98,2412.11,71.0,2008-03-01,2009-05-01,2019-03-01,2027-03-01,,0.1832280701754386,117.96977660972404,213.96189224704335,95.99211563731932,,95.99211563731932,0.7947696525183033,2008,36.12676056338028,1,0.9403937621832359,MEDIUM
1977,705436,Kotapalli - Narasapur New Line,South Central Railway [SCR] - II,Ministry of Railways,Railways,Andhra Pradesh,03/2009,09/2013,03/2028,03/2028,,2501.0,2501.0,1417.7,30.02,2009-03-01,2013-09-01,2028-03-01,2028-03-01,,0.0,173.94875164257556,173.94875164257556,0.0,,0.0,0.5668532586965214,2009,83.31112591605596,1,0.5668532586965214,LOW
1978,705437,Manoharabad-Kothapalli New Rail Line [151 km],South Central Railway [SCR] - II,Ministry of Railways,Railways,Telangana,07/2016,01/2017,03/2027,12/2027,,1160.0,2781.0,3073.41,72.02,2016-07-01,2017-01-01,2027-03-01,2027-12-01,,1.3974137931034483,121.9119579500657,130.94612352168198,9.034165571616285,,9.034165571616285,1.105145631067961,2016,16.106637045265206,1,2.6494913793103447,MEDIUM
1979,705444,Gevra Road-Pendra Road New Railway Line [135 km],Indian Railway Construction International Limited [IRCON],Ministry of Railways,Railways,Chhattisgarh,04/2014,04/2014,03/2022,12/2026,,4970.0,7448.52,5327.55,83.36,2014-04-01,2014-04-01,2022-03-01,2026-12-01,,0.49869617706237435,94.97371879106439,152.00394218134034,57.03022339027595,,57.03022339027595,0.7152494723784053,2014,59.62092130518234,1,1.0719416498993963,MEDIUM-HIGH
1980,705450,Jogbani-Biratnagar New Rail Line project,Indian Railway Construction International Limited [IRCON],Ministry of Railways,Railways,Bihar,06/2010,01/2011,03/2022,12/2026,,402.0,486.0,369.48,86.5,2010-06-01,2011-01-01,2022-03-01,2026-12-01,,0.208955223880597,133.93561103810774,190.9658344283837,57.03022339027595,,57.03022339027595,0.760246913580247,2010,4.6473988439306355,0,0.9191044776119404,MEDIUM-HIGH
1981,705453,"Dahod-Indore via Sardarpur, Jhabua & Dhar 200.97 km incl. material modification for
change in alignment via Amjhera 4.82 km",CAOCWR WR mor,Ministry of Railways,Railways,"Multi-States
(Gujarat, Madhya
Pradesh)",06/2012,12/2008,02/2027,02/2027,,456.07,9217.23,4509.3,57.0,2012-06-01,2008-12-01,2027-02-01,2027-02-01,,19.210121253316377,218.00262812089355,218.00262812089355,0.0,,0.0,0.48922507087270256,2012,8.001228070175438,0,9.887298002499616,MEDIUM
1982,705454,Chhota Udepur-Dhar 157 km,CAOCWR WR mor,Ministry of Railways,Railways,"Multi-States
(Gujarat, Madhya
Pradesh)",02/2007,08/2008,12/2025,12/2025,,1794.0,1993.65,1855.01,58.0,2007-02-01,2008-08-01,2025-12-01,2025-12-01,,0.11128762541806025,207.98291721419184,207.98291721419184,0.0,,0.0,0.9304592079853534,2007,30.93103448275862,1,1.0340078037904126,LOW
1983,705457,"Ratlam-Mhow-Khandwa-Akola 472.64 km including material modification for
Fatehabad-Chandrawati Ganj-Ujjain 22.96 km and Rau-DADN doubling 9.40 km",CAOCWR WR mor,Ministry of Railways,Railways,"Multi-States
(Madhya Pradesh,
Maharashtra)",01/2008,09/2011,03/2027,09/2028,,1656.25,13314.47,5045.54,75.0,2008-01-01,2011-09-01,2027-03-01,2028-09-01,,7.038925283018868,185.9395532194481,204.00788436268067,18.06833114323257,,18.06833114323257,0.3789516218069514,2008,22.083333333333332,1,3.046363773584906,MEDIUM-HIGH
1984,705458,Miyagam-Karjan-Dabhoi-Samlaya 96.46 km- Gauge conversion with electrification,CAOCWR WR mor,Ministry of Railways,Railways,Gujarat,01/2017,06/2026,12/2026,12/2026,,483.88,1015.07,816.25,34.0,2017-01-01,2026-06-01,2026-12-01,2026-12-01,,1.0977721749194016,6.011826544021025,6.011826544021025,0.0,,0.0,0.8041317347572088,2017,14.231764705882354,0,1.6868851781433414,MEDIUM
1985,705464,"Bangalore-Satyamanglam New Line Project [260 Km] - Part Hejjala - Chamarajanagar
[142 Km]",South Western Railway [SWR] - II,Ministry of Railways,Railways,Karnataka,02/1999,07/2026,12/2031,-,,1382.78,1382.78,0.0,0.0,1999-02-01,2026-07-01,2031-12-01,,,0.0,65.01314060446781,,0.0,,0.0,0.0,1999,1382.78,1,0.0,LOW
1986,705479,Wadsa-Gadchiroli 49.5 km,CAOC/SECR SECR mor,Ministry of Railways,Railways,Maharashtra,05/2017,11/2023,03/2027,03/2027,,1886.0,1880.61,1015.46,69.0,2017-05-01,2023-11-01,2027-03-01,2027-03-01,,-0.002857900318133669,39.94743758212878,39.94743758212878,0.0,,0.0,0.5399630970802027,2017,27.333333333333332,1,0.5384199363732768,LOW
1987,705480,"Lalitpur-Satna, Rewa-Singrauli & Mahoba-Khajuraho 541 km",CE/C-4/WCR WCR mor,Ministry of Railways,Railways,"Multi-States
(Madhya Pradesh,
Uttar Pradesh)",01/2007,02/1999,03/2027,12/2027,,8914.0,8913.94,6622.82,73.0,2007-01-01,1999-02-01,2027-03-01,2027-12-01,,-6.730984967409769e-06,336.89224704336397,345.9264126149803,9.034165571616313,,9.034165571616313,0.742973365313206,2007,122.10958904109589,1,0.7429683643706528,LOW
1988,705481,Ramganj Mandi-Bhopal 262 km,CPM/Kota WCR mor,Ministry of Railways,Railways,"Multi-States
(Madhya Pradesh,
Rajasthan)",02/2000,08/2001,12/2025,12/2027,,3032.0,5074.76,4498.51,86.0,2000-02-01,2001-08-01,2025-12-01,2027-12-01,,0.6737335092348286,291.9842312746386,315.9658344283837,23.981603153745084,,23.981603153745084,0.8864478320157012,2000,35.25581395348837,1,1.4836774406332454,MEDIUM-HIGH
1989,705482,Dholpur - Sirmuttra Gauge Conversion,North Central Railway,Ministry of Railways,Railways,Rajasthan,03/2022,04/2020,02/2019,02/2027,,747.0,747.0,509.8,49.7,2022-03-01,2020-04-01,2019-02-01,2027-02-01,,0.0,-13.961892247043364,82.03022339027595,95.99211563731932,,95.99211563731932,0.6824631860776439,2022,15.030181086519114,0,0.6824631860776439,MEDIUM
1990,705489,Madurai-Tuticorin via Aruppukkottai 143.5 km,CAOC/SR SR mor,Ministry of Railways,Railways,Tamil Nadu,04/2011,06/2016,07/2021,01/2031,,601.43,2053.39,351.21,14.0,2011-04-01,2016-06-01,2021-07-01,2031-01-01,,2.4141795387659415,60.972404730617605,175.0,114.0275952693824,,114.0275952693824,0.17103911093362684,2011,42.95928571428571,0,0.5839582328783067,HIGH
1991,705490,Gadag - Wadi 252 km,CAOC/SWR SWR mor,Ministry of Railways,Railways,Karnataka,04/2013,08/2017,03/2027,12/2027,,2842.0,3668.17,2252.04,35.0,2013-04-01,2017-08-01,2027-03-01,2027-12-01,,0.29070021111893035,114.94743758212877,123.98160315374507,9.034165571616299,,9.034165571616299,0.6139410114580295,2013,81.2,1,0.7924137931034483,LOW
1992,705491,Marikuppam-Kuppam 23.7 km,CAOC/SWR SWR mor,Ministry of Railways,Railways,"Multi-States
(Andhra Pradesh,
Karnataka)",10/2011,06/2015,06/2026,06/2026,,297.0,502.13,145.72,20.0,2011-10-01,2015-06-01,2026-06-01,2026-06-01,,0.6906734006734007,131.99737187910642,131.99737187910642,0.0,,0.0,0.29020373210124867,2011,14.85,0,0.49063973063973065,MEDIUM
1993,705492,Kadur-Chickmagalur-Sakleshpur 93 km,CAOC/SWR SWR mor,Ministry of Railways,Railways,Karnataka,01/2014,06/2023,06/2025,12/2025,,825.0,1043.15,790.72,83.0,2014-01-01,2023-06-01,2025-06-01,2025-12-01,,0.26442424242424256,24.014454664914584,30.02628120893561,6.011826544021027,,6.011826544021027,0.7580117912093179,2014,9.939759036144578,0,0.9584484848484849,LOW
1994,705493,Hubli-Ankola 167 km,CAOC/SWR SWR mor,Ministry of Railways,Railways,Karnataka,01/1999,08/2023,03/2005,03/2030,,5174.0,533.32,186.31,10.0,1999-01-01,2023-08-01,2005-03-01,2030-03-01,,-0.8969230769230769,-220.9921156373193,78.97503285151117,120.0,,120.0,0.34933998349958745,1999,517.4,1,0.036008890606880554,MEDIUM
1995,705494,Rayadurg-Tumkur via Kalyandurg 213 km,CAOC/SWR SWR mor,Ministry of Railways,Railways,"Multi-States
(Andhra Pradesh,
Karnataka)",02/2007,02/2011,09/2015,02/2028,,2496.0,4612.0,1906.63,65.0,2007-02-01,2011-02-01,2015-09-01,2028-02-01,,0.8477564102564102,54.96057818659658,203.97503285151117,120.0,,120.0,0.41340633130962706,2007,38.4,1,0.7638741987179488,HIGH
1996,705495,Bagalkot-Kudachi 142 km,CAOC/SWR SWR mor,Ministry of Railways,Railways,Karnataka,02/2010,02/2025,03/2027,01/2027,,1378.0,1710.44,797.37,35.0,2010-02-01,2025-02-01,2027-03-01,2027-01-01,,0.2412481857764877,24.901445466491456,22.963206307490143,-1.9382391590013128,,-1.9382391590013128,0.4661782933046467,2010,39.371428571428574,1,0.5786429608127721,LOW
1997,705496,Tumkur-Chitradurg-Davangere 199.7 km,CAOC/SWR SWR mor,Ministry of Railways,Railways,Karnataka,03/2011,11/2017,03/2019,12/2027,,1876.0,1801.01,676.71,22.0,2011-03-01,2017-11-01,2019-03-01,2027-12-01,,-0.039973347547974415,15.932982917214192,120.9592641261498,105.02628120893561,,105.02628120893561,0.37573916857763145,2011,85.27272727272727,1,0.36071961620469084,MEDIUM
1998,705497,Wardha - Yavatmal Nanded Railway Line Project,Central Railways,Ministry of Railways,Railways,Maharashtra,02/2008,04/2013,12/2026,-,,3445.34,4030.69,4053.03,47.0,2008-02-01,2013-04-01,2026-12-01,,,0.16989614958175386,163.99474375821288,,0.0,,0.0,1.0055424753578173,2008,73.30510638297872,1,1.1763802701620159,LOW
1999,705498,Kalyan-Kasara - 3rd line 67.62 km,CAOC/CR CR mor,Ministry of Railways,Railways,Maharashtra,09/2015,09/2015,12/2026,12/2026,,792.89,1395.5,1159.82,73.0,2015-09-01,2015-09-01,2026-12-01,2026-12-01,,0.7600171524423313,134.98685939553218,134.98685939553218,0.0,,0.0,0.831114295951272,2015,10.861506849315068,0,1.4627754165142706,MEDIUM
2000,705500,Wardha Sevagram-Nagpur - 3rd line 76.3 km,CAOC/CR CR mor,Ministry of Railways,Railways,Maharashtra,09/2015,10/2015,12/2025,10/2026,,540.02,899.52,836.27,88.0,2015-09-01,2015-10-01,2025-12-01,2026-10-01,,0.6657160845894596,122.01051248357425,131.99737187910642,9.986859395532178,,9.986859395532178,0.9296847207399502,2015,6.136590909090909,0,1.5485907929335951,MEDIUM
2001,705502,Wardha-Balharshah - 3rd line 132 km,CAOC/CR CR mor,Ministry of Railways,Railways,Maharashtra,03/2016,05/2016,12/2025,02/2026,,1384.72,2603.11,1894.7,86.0,2016-03-01,2016-05-01,2025-12-01,2026-02-01,,0.8798818533710787,115.01314060446781,117.04993429697765,2.036793692509846,,2.036793692509846,0.727860136528998,2016,16.101395348837208,1,1.368291062453059,MEDIUM
2002,705503,Pune - Miraj-Londa [467 Kilometres],Central Railway,Ministry of Railways,Railways,Maharashtra,06/2016,06/2016,08/2025,,02/2025,4027.53,4872.52,4924.05,100.0,2016-06-01,2016-06-01,2025-08-01,,2025-02-01,0.20980352722388168,109.98685939553219,,0.0,104.0407358738502,-5.946123521681997,1.0105756364263256,2016,40.2753,1,1.2225979694750877,LOW
2003,705504,Daund - Manmad 247.50 km,CAOC/CR CR mor,Ministry of Railways,Railways,Maharashtra,10/2017,11/2018,12/2025,03/2026,,2081.27,3554.74,3191.56,95.0,2017-10-01,2018-11-01,2025-12-01,2026-03-01,,0.7079667702892944,84.98685939553219,87.94349540078844,2.956636005256243,,2.956636005256243,0.8978321902586406,2017,21.908105263157896,1,1.5334675462578138,MEDIUM
2004,705505,Wardha-Nagpur - 4th line 78.70 km,CAOC/CR CR mor,Ministry of Railways,Railways,Maharashtra,04/2017,06/2017,12/2025,10/2026,,637.95,1194.59,1090.49,88.0,2017-04-01,2017-06-01,2025-12-01,2026-10-01,,0.8725448702876398,102.00394218134034,111.99080157687253,9.986859395532193,,9.986859395532193,0.9128571308984673,2017,7.249431818181819,0,1.7093659377694175,MEDIUM
2005,705506,3rd Line Manmad - Jalgaon [160 Kilometres],Central Railway [CR] - II,Ministry of Railways,Railways,Maharashtra,05/2017,04/2018,12/2024,11/2025,,1035.16,1870.0,1843.54,100.0,2017-05-01,2018-04-01,2024-12-01,2025-11-01,,0.8064840217937322,80.02628120893561,91.03153745072272,11.005256241787109,,11.005256241787109,0.9858502673796792,2017,10.351600000000001,1,1.780922755902469,MEDIUM
2006,705507,Itarsi-Nagpur bal. 280 km,CAOC/CR CR mor,Ministry of Railways,Railways,"Multi-States
(Madhya Pradesh,
Maharashtra)",09/2016,12/2016,03/2027,12/2027,,2449.91,2509.24,2290.12,55.0,2016-09-01,2016-12-01,2027-03-01,2027-12-01,,0.024217216142633783,122.93035479632063,131.96452036793693,9.034165571616299,,9.034165571616299,0.9126747541088138,2016,44.54381818181818,1,0.9347771958969922,LOW
2007,705510,Bhadrak-Nergundi - 3rd line 80 km,CAO/C/ECOR ECoR mor,Ministry of Railways,Railways,Odisha,03/2012,09/2016,11/2024,01/2026,,1284.0,1600.0,1395.78,87.0,2012-03-01,2016-09-01,2024-11-01,2026-01-01,,0.24610591900311526,97.99605781865965,111.99080157687253,13.994743758212877,,13.994743758212877,0.8723624999999999,2012,14.758620689655173,1,1.0870560747663551,MEDIUM
2008,705511,Jagdalpur-Koraput 110.22 km,CAO/C/ECOR ECoR mor,Ministry of Railways,Railways,"Multi-States
(Chhattisgarh,
Odisha)",12/2015,10/2021,03/2024,12/2026,,1547.0,1547.38,1382.17,90.0,2015-12-01,2021-10-01,2024-03-01,2026-12-01,,0.0002456367162250221,28.97503285151117,61.990801576872535,33.01576872536137,,33.01576872536137,0.8932324315940493,2015,17.18888888888889,1,0.8934518422753718,MEDIUM
2009,705512,Kottavalasa-Koraput 189.278 km,CAO/C/ECOR ECoR mor,Ministry of Railways,Railways,"Multi-States
(Andhra Pradesh,
Odisha)",12/2015,01/2016,03/2022,03/2028,,2500.0,3580.41,2300.04,74.0,2015-12-01,2016-01-01,2022-03-01,2028-03-01,,0.43216399999999994,73.94875164257556,145.9592641261498,72.01051248357425,,72.01051248357425,0.642395703285378,2015,33.78378378378378,1,0.920016,MEDIUM-HIGH
2010,705513,Koraput-Singapur Road 164.56 km,CAO/C/ECOR ECoR mor,Ministry of Railways,Railways,Odisha,12/2015,01/2016,12/2027,03/2028,,2362.0,2462.17,2093.47,56.0,2015-12-01,2016-01-01,2027-12-01,2028-03-01,,0.04240897544453856,142.96977660972405,145.9592641261498,2.989487516425754,,2.989487516425754,0.8502540441967856,2015,42.17857142857143,1,0.8863124470787468,LOW
2011,705514,Jarapaada-Budhapank with flyover at Talcher Road - 3rd & 4th line 47 44 km,CAO/C/ECOR ECoR mor,Ministry of Railways,Railways,Odisha,11/2015,05/2016,11/2018,03/2028,,1000.0,928.54,758.57,25.0,2015-11-01,2016-05-01,2018-11-01,2028-03-01,,-0.07146000000000004,30.02628120893561,141.98423127463863,111.95795006570302,,111.95795006570302,0.8169491890494756,2015,40.0,0,0.7585700000000001,MEDIUM-HIGH
2012,705515,Budhapank-Salegaon via Rajatgarh - 3rd & 4th line 85 85 km,CAO/C/ECOR ECoR mor,Ministry of Railways,Railways,Odisha,12/2015,04/2016,03/2026,03/2026,,1173.0,3034.8,2213.72,86.0,2015-12-01,2016-04-01,2026-03-01,2026-03-01,,1.587212276214834,118.95532194480946,118.95532194480946,0.0,,0.0,0.7294451034664556,2015,13.63953488372093,1,1.8872293265132138,MEDIUM
2013,705520,Vizianagaram-Sambhalpur 3rd Line Project,RVNL,Ministry of Railways,Railways,"Multi-States
(Andhra Pradesh,
Odisha)",06/2016,12/2016,03/2025,-,,4803.16,4803.16,2979.23,0.0,2016-06-01,2016-12-01,2025-03-01,,,0.0,98.94875164257556,,0.0,,0.0,0.6202645758209179,2016,4803.16,1,0.6202645758209179,MEDIUM
2014,705526,Samastipur-Darbhanga 38 km,CAO/Con/North/MHX ECR mor,Ministry of Railways,Railways,Bihar,11/2015,02/2017,03/2025,10/2025,,519.0,973.56,746.81,92.0,2015-11-01,2017-02-01,2025-03-01,2025-10-01,,0.8758381502890172,96.9119579500657,103.94218134034165,7.03022339027595,,7.03022339027595,0.7670919101031266,2015,5.641304347826087,0,1.4389402697495182,MEDIUM
2015,705527,Sagauli - Valmikinagar 109.7 km,CAO/Con/North/MHX ECR mor,Ministry of Railways,Railways,Bihar,03/2018,02/2018,12/2025,12/2025,,1216.0,1558.77,1460.42,91.0,2018-03-01,2018-02-01,2025-12-01,2025-12-01,,0.28188322368421054,93.95532194480946,93.95532194480946,0.0,,0.0,0.9369053805243879,2018,13.362637362637363,1,1.2010032894736842,LOW
2016,705528,Muzaffarpur - Sagauli 100.6 km,CAO/Con/North/MHX ECR mor,Ministry of Railways,Railways,Bihar,03/2018,03/2019,06/2024,06/2026,,1586.0,1744.84,1554.88,99.0,2018-03-01,2019-03-01,2024-06-01,2026-06-01,,0.10015132408575027,63.042049934296976,87.02365308804205,23.981603153745077,,23.981603153745077,0.8911304188349649,2018,16.02020202020202,1,0.9803783102143758,LOW
2017,705562,Chhapra-Ballia - Patch doubling 65 km,CAOC/NER NER mor,Ministry of Railways,Railways,"Multi-States
(Bihar, Uttar
Pradesh)",03/2013,12/2015,02/2025,05/2026,,963.0,1010.84,1000.05,95.0,2013-03-01,2015-12-01,2025-02-01,2026-05-01,,0.04967808930425756,110.05256241787121,124.96714848883047,14.91458607095926,,14.91458607095926,0.9893257093110679,2013,10.136842105263158,0,1.0384735202492212,LOW
2018,705566,Domingarh-Gorakhpur-Gorakhpur Cantt.-Kusumhi - 3rd Railway Line Project,North Eastern Railway [NER],Ministry of Railways,Railways,Uttar Pradesh,11/2016,06/2018,02/2025,09/2025,09/2025,351.0,521.47,499.64,100.0,2016-11-01,2018-06-01,2025-02-01,2025-09-01,2025-09-01,0.48566951566951577,80.05913272010513,87.02365308804205,6.964520367936927,87.02365308804205,6.964520367936927,0.9581375726312156,2016,3.51,0,1.4234757834757834,LOW
2019,705567,Burhwal - Gonda - 3rd line 61.72 km,CAOC/NER NER mor,Ministry of Railways,Railways,Uttar Pradesh,11/2017,04/2020,03/2025,05/2026,,1016.0,1307.62,777.21,100.0,2017-11-01,2020-04-01,2025-03-01,2026-05-01,,0.287027559055118,58.96846254927726,72.96320630749014,13.994743758212877,,13.994743758212877,0.5943699239840321,2017,10.16,1,0.764970472440945,MEDIUM
2020,705572,New Bongaigaon - Goalpara - Guwahati Kamakhya 176 km,CAO/C-III/NFR NFR mor,Ministry of Railways,Railways,Assam,09/2016,06/2017,03/2026,03/2026,,4060.0,4983.94,3821.96,91.0,2016-09-01,2017-06-01,2026-03-01,2026-03-01,,0.22757142857142848,104.96057818659658,104.96057818659658,0.0,,0.0,0.7668551387055222,2016,44.61538461538461,1,0.9413694581280788,LOW
2021,705583,Anand Vihar-Tilak Bridge - 3rd & 4th line 9.77 km,CAOC/NR NR mor,Ministry of Railways,Railways,Delhi,06/2012,04/2014,03/2023,12/2027,,667.0,701.88,393.68,23.0,2012-06-01,2014-04-01,2023-03-01,2027-12-01,,0.052293853073463265,106.96452036793693,163.99474375821288,57.03022339027595,,57.03022339027595,0.5608936000455919,2012,29.0,0,0.5902248875562219,MEDIUM-HIGH
2022,705588,Janghai - Pratapgarh - Amethi 87 km,CAO/C-II/NR NR mor,Ministry of Railways,Railways,Uttar Pradesh,11/2017,03/2019,03/2025,03/2026,,722.0,1528.83,1216.52,80.0,2017-11-01,2019-03-01,2025-03-01,2026-03-01,,1.1174930747922436,72.01051248357425,84.00131406044677,11.990801576872528,,11.990801576872528,0.7957196025719014,2017,9.025,0,1.6849307479224376,MEDIUM
2023,705598,Jhansi-Bina - 3rd line 152.57 km,CAO/C/NCR NCR mor,Ministry of Railways,Railways,"Multi-States
(Madhya Pradesh,
Uttar Pradesh)",09/2016,03/2020,03/2022,03/2026,,2002.0,2001.63,1943.61,98.0,2016-09-01,2020-03-01,2022-03-01,2026-03-01,,-0.0001848151848151303,23.98160315374507,71.97766097240472,47.99605781865965,,47.99605781865965,0.9710136238965242,2016,20.428571428571427,1,0.9708341658341658,MEDIUM
2024,705608,Jhansi-Khairar-Manikpur & Khirar-Bhimsen,North Central Railway,Ministry of Railways,Railways,"Multi-States
(Madhya Pradesh,
Uttar Pradesh)",03/2018,04/2019,03/2026,03/2026,,4330.0,4330.0,3102.72,73.0,2018-03-01,2019-04-01,2026-03-01,2026-03-01,,0.0,82.98291721419184,82.98291721419184,0.0,,0.0,0.7165635103926097,2018,59.31506849315068,1,0.7165635103926097,LOW
2025,705610,"Renigunta 9.60 km, Wadi 7.60 km & Gooty 3.8 km - Bypass",CAO/C/SCoR SCoR mor,Ministry of Railways,Railways,"Multi-States
(Andhra Pradesh,
Tamil Nadu)",04/2016,08/2016,12/2025,03/2026,,302.0,850.74,421.36,50.0,2016-04-01,2016-08-01,2025-12-01,2026-03-01,,1.817019867549669,111.99080157687253,114.94743758212877,2.956636005256243,,2.956636005256243,0.495286456496697,2016,6.04,0,1.3952317880794702,MEDIUM
2026,705612,Kazipet-Vijayawada 3rd line with electrification [220 km],South Central Railway [SCR] - II,Ministry of Railways,Railways,"Multi-States
(Andhra Pradesh,
Telangana)",03/2013,08/2014,02/2025,12/2025,,1953.0,3363.0,5192.51,95.02,2013-03-01,2014-08-01,2025-02-01,2025-12-01,,0.7219662058371735,126.05124835742444,136.00525624178712,9.954007884362682,,9.954007884362682,1.5440112994350284,2013,20.55356766996422,1,2.65873527905786,MEDIUM-HIGH
2027,705613,Third Line [new] between Kazipet - Balharshah with electrification [201.04 Km],South Central Railway [SCR] - II,Ministry of Railways,Railways,"Multi-States
(Maharashtra,
Telangana)",09/2016,10/2016,01/2025,11/2025,,2595.0,3071.0,4154.83,94.8,2016-09-01,2016-10-01,2025-01-01,2025-11-01,,0.1834296724470135,99.01445466491458,109.00131406044677,9.986859395532193,,9.986859395532193,1.3529241289482252,2016,27.373417721518987,1,1.6010905587668594,LOW
2028,705616,Jharsuguda - Bilaspur - 4th line 206 km,CAOC/SECR SECR mor,Ministry of Railways,Railways,"Multi-States
(Chhattisgarh,
Odisha)",09/2016,03/2016,10/2024,03/2026,,2140.0,2978.55,2540.98,88.0,2016-09-01,2016-03-01,2024-10-01,2026-03-01,,0.3918457943925234,103.02233902759527,119.97371879106439,16.95137976346912,,16.95137976346912,0.8530929479108962,2016,24.318181818181817,1,1.187373831775701,MEDIUM
2029,705617,Rajnandgaon-Nagpur - 3rd line 228 km,CAOC/SECR SECR mor,Ministry of Railways,Railways,"Multi-States
(Chhattisgarh,
Maharashtra)",09/2016,12/2016,12/2024,06/2026,,3545.0,3544.92,3143.54,95.0,2016-09-01,2016-12-01,2024-12-01,2026-06-01,,-2.256699576866777e-05,95.99211563731932,113.96189224704337,17.96977660972405,,17.96977660972405,0.8867731852905002,2016,37.31578947368421,1,0.8867531734837799,LOW
2030,705628,Bondamunda - Ranchi 158.50 km,CAO/C/SER SER mor,Ministry of Railways,Railways,"Multi-States
(Jharkhand,
Odisha)",03/2016,02/2017,06/2025,06/2026,,3029.0,3029.04,2696.32,95.0,2016-03-01,2017-02-01,2025-06-01,2026-06-01,,1.3205678441717934e-05,99.93429697766096,111.9250985545335,11.990801576872542,,11.990801576872542,0.8901566172780816,2016,31.88421052631579,1,0.8901683724001321,LOW
2031,705629,Narayangarh - Bhadrak - 3rd line 155 km,CAO/C/SER SER mor,Ministry of Railways,Railways,"Multi-States
(Odisha, West
Bengal)",03/2019,02/2020,12/2025,01/2027,,2400.0,3425.32,2886.02,84.0,2019-03-01,2020-02-01,2025-12-01,2027-01-01,,0.42721666666666674,69.97371879106439,82.98291721419184,13.009198423127458,,13.009198423127458,0.8425548561886188,2019,28.571428571428573,1,1.2025083333333333,MEDIUM
2032,705632,Vijayawada19.50 km & Kazipet10.65 km -Byepass line,CAO/C/SCoR SCoR mor,Ministry of Railways,Railways,"Multi-States
(Andhra Pradesh,
Telangana)",04/2016,01/2021,01/2025,12/2025,,647.0,827.46,705.66,90.0,2016-04-01,2021-01-01,2025-01-01,2025-12-01,,0.278918083462133,47.99605781865966,58.96846254927726,10.972404730617605,,10.972404730617605,0.8528025523892393,2016,7.188888888888889,0,1.0906646058732612,LOW
2033,705633,Guntur-Guntakal Doubling Project,South Central Railway [SCR] - II,Ministry of Railways,Railways,Andhra Pradesh,03/2017,11/2017,12/2025,12/2026,,3733.0,4295.0,5552.65,94.05,2017-03-01,2017-11-01,2025-12-01,2026-12-01,,0.15054915617465844,96.97766097240472,108.96846254927726,11.990801576872542,,11.990801576872542,1.2928172293364377,2017,39.6916533758639,1,1.4874497723010982,LOW
2034,705635,Trivandrum- Kanyakumari,CAO/CN/ERS SR mor,Ministry of Railways,Railways,"Multi-States
(Kerala, Tamil
Nadu)",08/2017,08/2019,03/2025,06/2028,,1432.0,3785.45,3258.97,59.0,2017-08-01,2019-08-01,2025-03-01,2028-06-01,,1.6434706703910613,66.98423127463863,106.01182654402102,39.02759526938239,,39.02759526938239,0.8609201019693827,2017,24.271186440677965,1,2.275817039106145,HIGH
2035,705638,Kumbalam-Turavur - Patch doubling 15.59 km,CAO/CN/ERS SR mor,Ministry of Railways,Railways,Kerala,04/2023,10/2024,03/2027,03/2027,,813.0,1171.46,395.03,30.0,2023-04-01,2024-10-01,2027-03-01,2027-03-01,,0.44091020910209106,28.942181340341655,28.942181340341655,0.0,,0.0,0.3372116845645604,2023,27.1,0,0.4858917589175891,LOW
2036,705639,Ernakulam-Kumbalam - Patch doubling 7.71 km,CAO/CN/ERS SR mor,Ministry of Railways,Railways,Kerala,04/2023,10/2024,03/2028,02/2027,,601.0,827.5,312.63,25.0,2023-04-01,2024-10-01,2028-03-01,2027-02-01,,0.3768718801996672,40.9658344283837,28.02233902759527,-12.943495400788432,,-12.943495400788432,0.37780060422960726,2023,24.04,0,0.5201830282861897,MEDIUM-HIGH
2037,705648,Vijaywada-Gudur 3rd Line,RVNL - II,Ministry of Railways,Railways,Andhra Pradesh,08/2016,04/2018,11/2024,03/2026,,6654.0,6654.0,6213.64,96.0,2016-08-01,2018-04-01,2024-11-01,2026-03-01,,0.0,79.0407358738502,94.97371879106439,15.93298291721419,,15.93298291721419,0.9338202584911331,2016,69.3125,1,0.9338202584911331,LOW
2038,705650,Hospet - Tinaighat - Vasco Rail Doubling Project,RVNL - II,Ministry of Railways,Railways,"Multi-States (Goa,
Karnataka)",03/2010,07/2012,03/2027,12/2027,,5060.0,5060.0,5511.03,86.14,2010-03-01,2012-07-01,2027-03-01,2027-12-01,,0.0,175.9526938239159,184.98685939553218,9.034165571616285,,9.034165571616285,1.0891363636363636,2010,58.741583468771765,1,1.0891363636363636,LOW
2039,705651,Katni - Bina Third Railway Line [279 km],West Central Railway WCR I,Ministry of Railways,Railways,Madhya Pradesh,06/2016,01/2017,03/2022,02/2026,03/2026,2478.23,4127.23,3368.11,100.0,2016-06-01,2017-01-01,2022-03-01,2026-02-01,2026-03-01,0.6653942531564865,61.925098554533506,109.00131406044677,47.07621550591327,109.92115637319316,47.99605781865965,0.8160703425784365,2016,24.7823,1,1.3590788587015734,HIGH
2040,705659,Satna - Rewa 50 km,CE/C-4/WCR WCR mor,Ministry of Railways,Railways,Madhya Pradesh,11/2015,08/2016,03/2026,03/2026,,500.0,646.1,618.19,88.0,2015-11-01,2016-08-01,2026-03-01,2026-03-01,,0.29220000000000007,114.94743758212877,114.94743758212877,0.0,,0.0,0.9568023525770005,2015,5.681818181818182,0,1.23638,LOW
2041,705660,Doubling of Katni - Singrauli Railway Line [261 km],Indian Railway Construction International Limited [IRCON],Ministry of Railways,Railways,Madhya Pradesh,03/2016,03/2017,12/2025,12/2025,,2445.0,4377.0,3368.46,81.25,2016-03-01,2017-03-01,2025-12-01,2025-12-01,,0.7901840490797546,105.0262812089356,105.0262812089356,0.0,,0.0,0.7695819054146676,2016,30.092307692307692,1,1.3776932515337423,MEDIUM
2042,705661,Katni - Grade separator / bypass 21.50 km,GM IRCON KATNI WCR mor,Ministry of Railways,Railways,Madhya Pradesh,08/2016,09/2017,09/2024,09/2026,,1248.0,2300.0,1839.46,84.0,2016-08-01,2017-09-01,2024-09-01,2026-09-01,,0.842948717948718,84.00131406044677,107.98291721419184,23.98160315374507,,23.98160315374507,0.7997652173913044,2016,14.857142857142858,1,1.4739262820512822,MEDIUM-HIGH
2043,705662,Hotgi-Kudgi-Gadag Doubling Project,South Western Railway [SWR] - II,Ministry of Railways,Railways,"Multi-States (Karnataka,
Maharashtra)",04/2014,01/2016,12/2024,03/2026,03/2026,1878.0,2459.0,2771.29,100.0,2014-04-01,2016-01-01,2024-12-01,2026-03-01,2026-03-01,0.3093716719914803,106.99737187910644,121.94480946123521,14.94743758212877,121.94480946123521,14.94743758212877,1.1269987799918666,2014,18.78,1,1.4756602768903089,MEDIUM
2044,705663,Bangalore-Whitefield-Bangalore City-Krishnarajapuram 23.08 km - Quadrupling,CPM/GS/SBC SWR mor,Ministry of Railways,Railways,Karnataka,03/2018,05/2022,02/2026,02/2026,,493.0,717.54,459.94,70.0,2018-03-01,2022-05-01,2026-02-01,2026-02-01,,0.4554563894523326,45.072273324572926,45.072273324572926,0.0,,0.0,0.6409956239373416,2018,7.042857142857143,0,0.9329411764705883,LOW
2045,705667,Mathura-Jhansi - 3rd line 273.80 km,CMD / RVNL RVNL mor,Ministry of Railways,Railways,"Multi-States
(Madhya Pradesh,
Rajasthan, Uttar
Pradesh)",09/2016,02/2017,12/2023,12/2026,,5961.0,5960.76,5725.22,94.0,2016-09-01,2017-02-01,2023-12-01,2026-12-01,,-4.0261701056833035e-05,81.9316688567674,117.93692509855452,36.00525624178712,,36.00525624178712,0.9604849046094793,2016,63.41489361702128,1,0.9604462338533803,MEDIUM
2046,705668,Kharagpur-Adityapur - 3rd line 132 km,CMD / RVNL RVNL mor,Ministry of Railways,Railways,"Multi-States
(Jharkhand, West
Bengal)",09/2016,11/2016,03/2025,06/2026,,3250.0,3450.0,3297.43,98.0,2016-09-01,2016-11-01,2025-03-01,2026-06-01,,0.06153846153846154,99.93429697766096,114.94743758212877,15.013140604467807,,15.013140604467807,0.9557768115942028,2016,33.16326530612245,1,1.0145938461538462,LOW
2047,705694,Provision of Work-site Tampers [WST] Railway Project,EDTK[MC]/RB,Ministry of Railways,Railways,Delhi,01/2016,01/2016,12/2023,01/2026,,187.72,187.72,141.91,100.0,2016-01-01,2016-01-01,2023-12-01,2026-01-01,,0.0,94.97371879106439,120.0065703022339,25.03285151116951,,25.03285151116951,0.7559663328361389,2016,1.8772,0,0.7559663328361389,MEDIUM
2048,705708,WST Machine Procurement Project,EDTK[MC]/RB,Ministry of Railways,Railways,Delhi,06/2018,06/2018,03/2024,12/2027,,176.0,176.0,0.0,0.0,2018-06-01,2018-06-01,2024-03-01,2027-12-01,,0.0,68.98817345597897,113.99474375821288,45.00657030223391,,45.00657030223391,0.0,2018,176.0,0,0.0,MEDIUM
2049,705710,PCT Machine Procurement Project,EDTK[MC]/RB,Ministry of Railways,Railways,Delhi,04/2019,04/2019,04/2024,06/2027,,336.0,336.0,74.32,85.0,2019-04-01,2019-04-01,2024-04-01,2027-06-01,,0.0,60.019710906701704,97.99605781865965,37.97634691195795,,37.97634691195795,0.22119047619047616,2019,3.9529411764705884,0,0.22119047619047616,MEDIUM
2050,705712,RBMV Machine Procurement Project,EDTK[MC]/RB,Ministry of Railways,Railways,Delhi,10/2019,10/2019,06/2024,12/2027,,480.0,480.0,20.65,27.0,2019-10-01,2019-10-01,2024-06-01,2027-12-01,,0.0,56.01182654402102,97.99605781865965,41.98423127463863,,41.98423127463863,0.04302083333333333,2019,17.77777777777778,0,0.04302083333333333,MEDIUM
2051,705717,SRGM Machine Procurement Project,EDTK[MC]/RB,Ministry of Railways,Railways,Delhi,10/2019,10/2019,12/2023,03/2026,,440.0,440.0,390.03,90.0,2019-10-01,2019-10-01,2023-12-01,2026-03-01,,0.0,50.0,76.97109067017082,26.971090670170824,,26.971090670170824,0.8864318181818182,2019,4.888888888888889,0,0.8864318181818182,MEDIUM
2052,705720,WST Machine Procurement Project,EDTK[MC]/RB,Ministry of Railways,Railways,Delhi,12/2019,12/2019,04/2024,12/2026,,384.0,384.0,0.0,0.0,2019-12-01,2019-12-01,2024-04-01,2026-12-01,,0.0,52.00394218134034,84.00131406044677,31.99737187910643,,31.99737187910643,0.0,2019,384.0,0,0.0,MEDIUM
2053,705721,DTS Machine Procurement Project,EDTK[MC]/RB,Ministry of Railways,Railways,Delhi,12/2019,12/2019,12/2024,12/2030,,447.6,447.6,0.0,0.0,2019-12-01,2019-12-01,2024-12-01,2030-12-01,,0.0,60.019710906701704,131.99737187910642,71.97766097240472,,71.97766097240472,0.0,2019,447.6,0,0.0,MEDIUM
2054,705722,BRM Machine Procurement Project,EDTK[MC]/RB,Ministry of Railways,Railways,Delhi,09/2019,09/2019,06/2024,12/2027,,210.0,210.0,0.02,0.0,2019-09-01,2019-09-01,2024-06-01,2027-12-01,,0.0,56.99737187910644,98.98160315374507,41.98423127463863,,41.98423127463863,9.523809523809524e-05,2019,210.0,0,9.523809523809524e-05,MEDIUM
2055,705726,Track Machine Procurement Project,EDTK[MC]/RB,Ministry of Railways,Railways,Delhi,04/2020,04/2020,03/2025,01/2028,,6339.0,6339.0,4201.26,62.0,2020-04-01,2020-04-01,2025-03-01,2028-01-01,,0.0,58.96846254927726,93.00262812089356,34.0341655716163,,34.0341655716163,0.6627638428774255,2020,102.24193548387096,1,0.6627638428774255,MEDIUM
2056,705728,Mumbai-Ahmedabad High Speed Rail Project- 508 km,National High Speed Rail Corporation [NHSRC],Ministry of Railways,Railways,"Multi-States
(Dadra & Nagar
Haveli and Daman
& Diu, Gujarat,
Maharashtra)",03/2015,09/2017,08/2027,12/2029,,108000.0,108000.0,90966.89,62.16,2015-03-01,2017-09-01,2027-08-01,2029-12-01,,0.0,118.95532194480946,146.97766097240472,28.022339027595265,,28.022339027595265,0.8422860185185185,2015,1737.4517374517375,1,0.8422860185185185,MEDIUM
2057,705730,Joka-BBD Bag new metro project,RVNL - II,Ministry of Railways,Railways,West Bengal,03/2010,04/2010,12/2026,12/2029,,4835.0,10362.0,5098.73,51.0,2010-03-01,2010-04-01,2026-12-01,2029-12-01,,1.1431230610134437,200.0,236.00525624178712,36.00525624178712,,36.00525624178712,0.49206041304767417,2010,94.80392156862744,1,1.0545460186142708,HIGH
2058,705735,"Solapur-Osmanabad - New line via Tuljapur 84.44 km umbrella work PB23/2018-
19/NR",CAOC/CR CR mor,Ministry of Railways,Railways,Maharashtra,01/2019,09/2024,03/2027,03/2028,,904.92,1647.87,1202.73,22.0,2019-01-01,2024-09-01,2027-03-01,2028-03-01,,0.8210118021482562,29.927726675427067,41.95137976346912,12.023653088042053,,12.023653088042053,0.7298694678585084,2019,41.13272727272727,0,1.3291009149980109,HIGH
2059,705741,Jeypore - Navarangpur 38 km,CAO/C/ECOR ECoR mor,Ministry of Railways,Railways,Odisha,07/2017,09/2022,07/2028,12/2029,,748.0,747.91,15.93,1.0,2017-07-01,2022-09-01,2028-07-01,2029-12-01,,-0.00012032085561501582,69.97371879106439,86.99080157687253,17.017082785808142,,17.017082785808142,0.0212993542003717,2017,748.0,0,0.021296791443850268,LOW
2060,705742,Jeypore - Malkangiri 130 km,CAO/C/ECOR ECoR mor,Ministry of Railways,Railways,Odisha,02/2018,04/2026,07/2033,07/2033,,2344.0,2343.64,736.58,6.0,2018-02-01,2026-04-01,2033-07-01,2033-07-01,,-0.0001535836177474946,86.99080157687253,86.99080157687253,0.0,,0.0,0.31428888395828714,2018,390.6666666666667,1,0.314240614334471,LOW
2061,705743,Talcher-Angul New Line with Y-Connection at Talcher,CAO/C/ECoR,Ministry of Railways,Railways,Odisha,07/2018,,05/2027,05/2028,,495.0,495.0,29.5,1.0,2018-07-01,,2027-05-01,2028-05-01,,0.0,,,0.0,,0.0,0.0595959595959596,2018,495.0,0,0.0595959595959596,LOW
2062,705747,Parasnath-Madhuban-Giridih new line,East Central Railway [ECR] - I,Ministry of Railways,Railways,Jharkhand,03/2019,03/2019,03/2024,03/2026,,902.86,902.86,0.0,0.1,2019-03-01,2019-03-01,2024-03-01,2026-03-01,,0.0,60.019710906701704,84.00131406044677,23.98160315374507,,23.98160315374507,0.0,2019,9028.6,0,0.0,LOW
2063,705752,"Gudha-Thathana Mithri - Construction of dedicated test track for testing and trial of
rolling stocks and infrastructure components umbrella work PB23/2018-19/NR",CAOC/NWR NWR mor,Ministry of Railways,Railways,Rajasthan,04/2019,11/2019,11/2026,11/2026,,819.48,540.0,326.2,95.0,2019-04-01,2019-11-01,2026-11-01,2026-11-01,,-0.34104554107482793,84.00131406044677,84.00131406044677,0.0,,0.0,0.6040740740740741,2019,8.626105263157894,0,0.3980573046322058,LOW
2064,705755,Morappur - Dharmpuri New Railway Line Project,Southern Railway [SR] - I,Ministry of Railways,Railways,Tamil Nadu,05/2019,12/2016,03/2028,03/2028,,359.0,359.0,40.0,1.0,2019-05-01,2016-12-01,2028-03-01,2028-03-01,,0.0,134.95400788436268,134.95400788436268,0.0,,0.0,0.11142061281337047,2019,359.0,0,0.11142061281337047,LOW
2065,705756,Chirimiri-Nagpur Halt New Railway Line Project,South East Central Railway [SECR] - II,Ministry of Railways,Railways,Chhattisgarh,10/2018,06/2020,06/2030,06/2030,,241.0,656.52,71.0,0.0,2018-10-01,2020-06-01,2030-06-01,2030-06-01,,1.724149377593361,119.97371879106439,119.97371879106439,0.0,,0.0,0.10814598184366052,2018,241.0,0,0.2946058091286307,MEDIUM
2066,705761,Shimoga-Shikaripura-Ranebennur 103 km umbrella work PB23/2018-19/NR,CAOC/SWR SWR mor,Ministry of Railways,Railways,Karnataka,09/2019,12/2023,12/2027,06/2028,,1454.0,455.86,106.18,14.0,2019-09-01,2023-12-01,2027-12-01,2028-06-01,,-0.6864786795048143,47.99605781865966,54.007884362680684,6.011826544021027,,6.011826544021027,0.2329223884525951,2019,103.85714285714286,1,0.07302613480055022,LOW
2067,705762,Construction of New BG line between Hassan [Alur] to Belur [ Km 27.34],CAOC/SWR SWR mor,Ministry of Railways,Railways,Karnataka,06/2019,09/2022,04/2027,12/2027,,748.86,748.86,3.64,0.0,2019-06-01,2022-09-01,2027-04-01,2027-12-01,,0.0,54.96057818659658,62.97634691195795,8.015768725361369,,8.015768725361369,0.004860721630211255,2019,748.86,0,0.004860721630211255,LOW
2068,705763,Indore - Budni New Railway Line [198 kms],RVNL - II,Ministry of Railways,Railways,Madhya Pradesh,08/2019,10/2020,09/2030,09/2030,,7474.0,7474.0,2879.62,41.0,2019-08-01,2020-10-01,2030-09-01,2030-09-01,,0.0,118.98817345597897,118.98817345597897,0.0,,0.0,0.3852849879582553,2019,182.29268292682926,1,0.3852849879582553,LOW
2069,705764,Nimach-Badi Sadri NL Project 48 km,CAOC/NWR NWR mor,Ministry of Railways,Railways,"Multi-States
(Madhya Pradesh,
Rajasthan)",10/2018,01/2022,03/2026,06/2026,,495.0,895.67,577.16,60.0,2018-10-01,2022-01-01,2026-03-01,2026-06-01,,0.8094343434343434,49.93429697766097,52.95663600525624,3.0223390275952724,,3.0223390275952724,0.6443891165272924,2018,8.25,0,1.165979797979798,MEDIUM
2070,705765,Gomoh - Flyover for down trains 20 km,CAO/Con/South/MHX ECR mor,Ministry of Railways,Railways,Jharkhand,01/2018,04/2022,03/2026,03/2026,,686.0,686.03,531.63,65.0,2018-01-01,2022-04-01,2026-03-01,2026-03-01,,4.37317784256162e-05,46.97766097240473,46.97766097240473,0.0,,0.0,0.7749369561097912,2018,10.553846153846154,0,0.7749708454810496,LOW
2071,705766,Lalitpur - Birari with flyover at Lalitpur 15.80 km,CAO/C/NCR NCR mor,Ministry of Railways,Railways,Uttar Pradesh,03/2017,03/2023,12/2024,01/2026,,304.44,356.1,287.11,85.0,2017-03-01,2023-03-01,2024-12-01,2026-01-01,,0.16968860859282625,21.057818659658345,34.06701708278581,13.009198423127465,,13.009198423127465,0.8062622858747542,2017,3.5816470588235294,0,0.9430758113257128,LOW
2072,705767,Baghuapal Flyover Construction Project,CAO/C/ECoR,Ministry of Railways,Railways,Odisha,08/2019,10/2022,03/2028,03/2028,,257.97,258.0,0.83,0.0,2019-08-01,2022-10-01,2028-03-01,2028-03-01,,0.0001162925921617735,64.98028909329828,64.98028909329828,0.0,,0.0,0.0032170542635658913,2019,257.97,0,0.0032174283831453263,LOW
2073,705771,Allahabad-Bamhrauli Flyover Construction & 4th Railway Line Project,North Central Railway,Ministry of Railways,Railways,Uttar Pradesh,04/2019,10/2020,03/2026,03/2026,,494.0,494.0,410.3,80.0,2019-04-01,2020-10-01,2026-03-01,2026-03-01,,0.0,64.94743758212877,64.94743758212877,0.0,,0.0,0.8305668016194332,2019,6.175,0,0.8305668016194332,LOW
2074,705772,Mughalsarai - Allahabad - 3rd line 150 km,CAO/C/NCR NCR mor,Ministry of Railways,Railways,Uttar Pradesh,08/2019,12/2020,12/2026,03/2027,,2649.0,2649.44,2027.64,77.0,2019-08-01,2020-12-01,2026-12-01,2027-03-01,,0.00016610041525105872,71.97766097240472,74.93429697766096,2.956636005256243,,2.956636005256243,0.765308895464702,2019,34.4025974025974,1,0.765436013590034,LOW
2075,705774,Aligarh-Daud Khan - 3rd line 6.9 km & construction of flyover at Daud Khan,CAO/C/NCR NCR mor,Ministry of Railways,Railways,Uttar Pradesh,04/2019,02/2021,01/2025,03/2027,,758.0,779.49,395.24,87.0,2019-04-01,2021-02-01,2025-01-01,2027-03-01,,0.028350923482849615,46.97766097240473,72.89750328515112,25.91984231274639,,25.91984231274639,0.5070494810709567,2019,8.71264367816092,0,0.521424802110818,MEDIUM
2076,705777,Bhandai - Flyover for Etawah bound down trains 10 km,CAO/C/NCR NCR mor,Ministry of Railways,Railways,Uttar Pradesh,04/2019,12/2025,02/2026,02/2027,,250.18,250.18,146.85,11.0,2019-04-01,2025-12-01,2026-02-01,2027-02-01,,0.0,2.0367936925098555,14.027595269382392,11.990801576872537,,11.990801576872537,0.5869773762890719,2019,22.743636363636366,0,0.5869773762890719,MEDIUM
2077,705779,"Phephna-Indara, Mau-Shahganj doubling excluding Indara-Mau",RVNL - I,Ministry of Railways,Railways,Uttar Pradesh,05/2017,10/2019,12/2024,12/2025,12/2025,1178.0,2215.0,2217.85,100.0,2017-05-01,2019-10-01,2024-12-01,2025-12-01,2025-12-01,0.8803056027164686,62.023653088042046,74.01445466491458,11.990801576872535,74.01445466491458,11.990801576872535,1.0012866817155757,2017,11.78,1,1.882724957555178,MEDIUM
2078,705780,Bhatni - Aunrihar with electrification 125 km excl Indara - Mau 116.95 km,CMD / RVNL RVNL mor,Ministry of Railways,Railways,Uttar Pradesh,03/2018,11/2019,03/2024,06/2026,,2529.0,2529.46,2295.3,94.0,2018-03-01,2019-11-01,2024-03-01,2026-06-01,,0.0001818900751285237,51.971090670170824,78.97503285151117,27.00394218134035,,27.00394218134035,0.9074268816269085,2018,26.904255319148938,1,0.9075919335705813,MEDIUM
2079,705782,Barabanki-Malhaur - 3rd & 4th Line 32.84 km,CAO/C-II/NR NR mor,Ministry of Railways,Railways,Uttar Pradesh,01/2019,08/2022,03/2025,08/2026,,407.0,480.13,444.11,77.0,2019-01-01,2022-08-01,2025-03-01,2026-08-01,,0.17968058968058967,30.97897503285151,47.99605781865966,17.01708278580815,,17.01708278580815,0.9249786516151876,2019,5.285714285714286,0,1.0911793611793612,LOW
2080,705783,Ludhiana-Kila Raipur 19 km with freight line at Gill station,CAOC/NR NR mor,Ministry of Railways,Railways,Punjab,03/2019,12/2022,03/2025,02/2027,,237.64,260.33,108.49,70.0,2019-03-01,2022-12-01,2025-03-01,2027-02-01,,0.09548055882848006,26.971090670170828,50.03285151116951,23.061760840998684,,23.061760840998684,0.416740291168901,2019,3.3948571428571426,0,0.45653088705605116,LOW
2081,705784,Janghai-Phaphamau Doubling Rail Line Project,RVNL,Ministry of Railways,Railways,Uttar Pradesh,11/2018,03/2020,03/2025,01/2025,01/2025,357.0,978.77,844.84,100.0,2018-11-01,2020-03-01,2025-03-01,2025-01-01,2025-01-01,1.7416526610644256,59.98685939553219,58.04862023653088,-1.9382391590013128,58.04862023653088,-1.9382391590013128,0.8631649927970821,2018,3.57,0,2.366498599439776,MEDIUM
2082,705785,Lodhma-Piska - Link line bypassing Hatia / Ranchi with Y connection 17.2 km,CAO/C/SER SER mor,Ministry of Railways,Railways,Jharkhand,08/2021,11/2025,06/2026,05/2027,,473.0,472.5,344.5,14.0,2021-08-01,2025-11-01,2026-06-01,2027-05-01,,-0.0010570824524312897,6.964520367936925,17.936925098554532,10.972404730617608,,10.972404730617608,0.7291005291005291,2021,33.785714285714285,0,0.7283298097251586,MEDIUM
2083,705789,Penukonda - Dharmavaram Doubling Project [41.5 Km],South Western Railway [SWR] - II,Ministry of Railways,Railways,Andhra Pradesh,06/2018,12/2018,03/2026,03/2026,02/2026,307.66,307.66,311.28,100.0,2018-06-01,2018-12-01,2026-03-01,2026-03-01,2026-02-01,0.0,86.95795006570302,86.95795006570302,0.0,86.03810775295663,-0.9198423127463826,1.0117662354547226,2018,3.0766000000000004,0,1.0117662354547226,LOW
2084,705793,"Raising of speed to 160 kmph/200 kmph on existing New Delhi-Mumbai route incl.
Vadodara-Ahmedabad",PCE/WR,Ministry of Railways,Railways,"Multi-States (Delhi,
Gujarat, Madhya
Pradesh,
Maharashtra,
Rajasthan)",09/2019,09/2019,03/2024,03/2026,,6806.44,8095.12,9480.86,66.32,2019-09-01,2019-09-01,2024-03-01,2026-03-01,,0.18933245573309987,53.975032851511166,77.95663600525624,23.981603153745077,,23.981603153745077,1.171182144304223,2019,102.63027744270205,1,1.392924935796099,LOW
2085,705794,New Delhi- Howrah Speed Booster[160Kmph] Project,PCE/NCR,Ministry of Railways,Railways,"Multi-States
(Bihar, Delhi,
Jharkhand, Uttar
Pradesh, West
Bengal)",09/2019,09/2019,03/2024,-,,6684.81,6684.81,127.03,0.0,2019-09-01,2019-09-01,2024-03-01,,,0.0,53.975032851511166,,0.0,,0.0,0.019002783923552053,2019,6684.81,1,0.019002783923552053,LOW
2086,705799,Nagpur- Nagbhir Railway Line Gauge Conversion Project,MRIDC,Ministry of Railways,Railways,Maharashtra,10/2019,04/2020,12/2025,12/2025,,1400.0,1400.0,1472.0,80.0,2019-10-01,2020-04-01,2025-12-01,2025-12-01,,0.0,68.00262812089356,68.00262812089356,0.0,,0.0,1.0514285714285714,2019,17.5,1,1.0514285714285714,LOW
2087,705863,Bahraich - Nanpara - Nepalganj Road Gauge Conversion,North Eastern Railway [NER],Ministry of Railways,Railways,Uttar Pradesh,07/2020,04/2021,07/2025,09/2025,09/2025,950.0,550.0,507.02,100.0,2020-07-01,2021-04-01,2025-07-01,2025-09-01,2025-09-01,-0.42105263157894735,50.98554533508541,53.022339027595265,2.0367936925098533,53.022339027595265,2.0367936925098533,0.9218545454545454,2020,9.5,0,0.5337052631578947,LOW
2088,705912,Sawai Madhopur-Jaipur Railway Line Project,North Western Railway [NWR],Ministry of Railways,Railways,Rajasthan,02/2024,04/2023,03/2027,-,,1203.89,1203.89,240.33,19.0,2024-02-01,2023-04-01,2027-03-01,,,0.0,46.97766097240473,,0.0,,0.0,0.19962787297842827,2024,63.36263157894737,1,0.19962787297842827,LOW
2089,705918,Allahabad division - Aligarh - Harduaganj Flyover,North Central Railway,Ministry of Railways,Railways,Uttar Pradesh,04/2020,02/2021,10/2026,03/2027,,1457.0,1457.0,400.19,36.0,2020-04-01,2021-02-01,2026-10-01,2027-03-01,,0.0,67.93692509855452,72.89750328515112,4.960578186596592,,4.960578186596592,0.2746671242278655,2020,40.47222222222222,1,0.2746671242278655,LOW
2090,705919,Agra Fort-Bandikui Doubling Line Project,CAO/C/NCR,Ministry of Railways,Railways,Rajasthan,06/2022,02/2021,06/2027,06/2027,,1390.0,1390.0,529.92,56.0,2022-06-01,2021-02-01,2027-06-01,2027-06-01,,0.0,75.91984231274638,75.91984231274638,0.0,,0.0,0.3812374100719424,2022,24.821428571428573,1,0.3812374100719424,LOW
2091,705933,Nimach-Ratlam 133 km,CAOCWR WR mor,Ministry of Railways,Railways,Madhya Pradesh,10/2021,08/2022,10/2027,10/2027,,1095.88,1770.58,1488.18,100.0,2021-10-01,2022-08-01,2027-10-01,2027-10-01,,0.615669598861189,61.990801576872535,61.990801576872535,0.0,,0.0,0.8405042415479674,2021,10.958800000000002,1,1.3579771507829324,MEDIUM
2092,705941,Bangalore Suburban Railway Project,Karnataka Rail Infrastructure Development Company Limited [K-RIDE],Ministry of Railways,Railways,Karnataka,10/2020,10/2020,12/2026,03/2030,,15767.0,15767.0,3277.99,20.02,2020-10-01,2020-10-01,2026-12-01,2030-03-01,,0.0,73.98160315374507,112.94349540078844,38.961892247043366,,38.961892247043366,0.20790194710471235,2020,787.5624375624376,1,0.20790194710471235,MEDIUM
2093,706718,C/o NITB Imphal Airport,Airport Authority of India [AAI],Ministry of Civil Aviation,Aviation & Aviation Infrastructure,Manipur,11/2021,07/2022,07/2024,12/2026,,499.0,499.0,212.17,53.14,2021-11-01,2022-07-01,2024-07-01,2026-12-01,,0.0,24.014454664914584,53.022339027595265,29.00788436268068,,29.00788436268068,0.42519038076152305,2021,9.39028980052691,0,0.42519038076152305,MEDIUM
2094,706724,Guwahati Airport New Integrated Terminal Building Construction Project,Adani Airport Holdings Limited,Ministry of Civil Aviation,Aviation & Aviation Infrastructure,Assam,12/2016,03/2018,03/2025,06/2026,,1712.0,2520.0,2670.23,99.5,2016-12-01,2018-03-01,2025-03-01,2026-06-01,,0.4719626168224299,84.00131406044677,99.01445466491458,15.013140604467807,,15.013140604467807,1.0596150793650794,2016,17.20603015075377,1,1.559713785046729,MEDIUM
2095,706757,Modasa-Shamlaji Road Railway Line Project,Western Railway WR - II,Ministry of Railways,Railways,Gujarat,09/2012,04/2008,03/2025,03/2026,,262.0,262.0,387.82,64.0,2012-09-01,2008-04-01,2025-03-01,2026-03-01,,0.0,202.95663600525623,214.94743758212877,11.990801576872542,,11.990801576872542,1.4802290076335878,2012,4.09375,0,1.4802290076335878,LOW
2096,706759,Rampur Dumra-Tal-Rajendrapul - Addl bridge and doubling 14 km,CGM/CIVIL ECR mor,Ministry of Railways,Railways,Bihar,03/2016,04/2017,12/2024,12/2025,,2373.64,2535.13,2028.18,95.0,2016-03-01,2017-04-01,2024-12-01,2025-12-01,,0.06803474831903752,92.01708278580814,104.00788436268068,11.990801576872542,,11.990801576872542,0.8000299787387629,2016,24.985684210526315,1,0.8544598169899396,LOW
2097,706763,Rajkot-Kanalus 111.20 km,CAOCWR WR mor,Ministry of Railways,Railways,Gujarat,10/2021,08/2022,10/2026,06/2026,,1080.58,1205.18,1107.75,90.0,2021-10-01,2022-08-01,2026-10-01,2026-06-01,,0.11530844546447291,50.0,45.992115637319316,-4.007884362680684,,-4.007884362680684,0.9191573043030916,2021,12.006444444444444,1,1.0251439041995967,LOW
2098,706775,BharatNet,Department of Telecommunications [DoT],Department of Telecommunications,Telecommunication,"Multi-States (Nagaland,
Mizoram, Tripura,
Sikkim, Manipur,
Meghalaya, Arunachal
Pradesh, Assam)",07/2017,10/2011,08/2023,03/2019,,61109.0,12709.0,48809.69,99.98,2017-07-01,2011-10-01,2023-08-01,2019-03-01,,-0.7920273609451963,141.98423127463863,88.96189224704337,-53.022339027595265,,-53.022339027595265,3.8405610197497837,2017,611.2122424484896,1,0.7987316107283706,LOW
2099,706776,Noapara-Barasat via Bimanbandar - Construction of Metro railway [18 km],"Metro Railway, Kolkata",Ministry of Railways,Railways,West Bengal,11/2010,03/2010,08/2026,03/2029,,4830.0,4830.0,3350.62,32.2,2010-11-01,2010-03-01,2026-08-01,2029-03-01,,0.0,197.01051248357425,227.98948751642575,30.97897503285151,,30.97897503285151,0.6937101449275362,2010,150.0,1,0.6937101449275362,MEDIUM
2100,706777,Baranagar-Barrackpore and Dakshineshwar- Construction of Metro Railway,RVNL - II,Ministry of Railways,Railways,West Bengal,03/2010,03/2010,12/2026,12/2030,,2298.0,2734.0,429.56,17.0,2010-03-01,2010-03-01,2026-12-01,2030-12-01,,0.18973020017406442,201.01839684625492,249.01445466491458,47.996057818659665,,47.996057818659665,0.15711777615215802,2010,135.1764705882353,1,0.18692776327241079,MEDIUM
2101,706779,Mumbai Urban Transport Project [MUTP] - PHASE II,Mumbai Rail Vikas Corporation Ltd.[MRVC],Ministry of Railways,Railways,Maharashtra,05/2008,04/2008,03/2014,12/2027,,8087.0,8087.0,7559.14,90.0,2008-05-01,2008-04-01,2014-03-01,2027-12-01,,0.0,70.9592641261498,235.9724047306176,120.0,,120.0,0.9347273401755904,2008,89.85555555555555,1,0.9347273401755904,MEDIUM
2102,706780,Mumbai Urban Transport Project [MUTP] Phase-IIIA,Mumbai Rail Vikas Corporation Ltd.[MRVC],Ministry of Railways,Railways,Maharashtra,04/2019,04/2019,12/2027,12/2027,,33690.0,33690.0,3854.46,25.0,2019-04-01,2019-04-01,2027-12-01,2027-12-01,,0.0,104.00788436268068,104.00788436268068,0.0,,0.0,0.11440961709706145,2019,1347.6,1,0.11440961709706145,LOW
2103,706781,Mumbai Urban Transport Project Phase-III,Mumbai Rail Vikas Corporation Ltd.[MRVC],Ministry of Railways,Railways,Maharashtra,11/2016,12/2016,03/2022,12/2026,,10947.0,10947.0,6880.48,75.0,2016-11-01,2016-12-01,2022-03-01,2026-12-01,,0.0,62.943495400788436,119.97371879106439,57.03022339027595,,57.03022339027595,0.6285265369507628,2016,145.96,1,0.6285265369507628,MEDIUM
2104,706811,NMDC Slurry Pipeline Project Phase-1,National Mineral Development Corporation Limited [NMDC],Ministry of Steel,Steel,Chhattisgarh,11/2015,09/2020,06/2023,08/2026,,2907.0,5427.0,3649.08,95.8,2015-11-01,2020-09-01,2023-06-01,2026-08-01,,0.8668730650154799,32.95006570302234,70.9592641261498,38.009198423127465,,38.009198423127465,0.6723935876174681,2015,30.34446764091858,1,1.2552734778121775,HIGH
2105,706835,Belgaum-Dharwad via Kittur [73.10Km],South Western Railway [SWR] - II,Ministry of Railways,Railways,Karnataka,09/2020,03/2025,12/2027,03/2029,,1591.0,1591.0,0.38,0.0,2020-09-01,2025-03-01,2027-12-01,2029-03-01,,0.0,33.01576872536137,47.99605781865966,14.980289093298289,,14.980289093298289,0.00023884349465744814,2020,1591.0,1,0.00023884349465744814,LOW
2106,706836,Dedicatedtest track for RDSO Phase-2 34 km Umbrella work PB22/2019-20/NR,CAOC/NWR NWR mor,Ministry of Railways,Railways,Rajasthan,11/2021,11/2021,11/2026,-,,466.42,619.19,586.33,98.0,2021-11-01,2021-11-01,2026-11-01,,,0.3275374126323915,59.98685939553219,,0.0,,0.0,0.94693066748494,2021,4.759387755102041,0,1.2570858882552207,LOW
2107,706837,Pradhan Kuntha Jn Line Doubling Project,East Central Railway [ECR] - I,Ministry of Railways,Railways,Jharkhand,11/2022,11/2022,11/2027,11/2027,,349.22,349.22,145.57,72.0,2022-11-01,2022-11-01,2027-11-01,2027-11-01,,0.0,59.98685939553219,59.98685939553219,0.0,,0.0,0.4168432506729282,2022,4.850277777777778,0,0.4168432506729282,LOW
2108,706844,Katihar - Kumedpur Doubling Line Project,GM/C/ NFR,Ministry of Railways,Railways,"Multi-States
(Bihar, West
Bengal)",08/2022,,08/2027,08/2027,,942.0,942.0,356.0,45.0,2022-08-01,,2027-08-01,2027-08-01,,0.0,,,0.0,,0.0,0.37791932059447986,2022,20.933333333333334,0,0.37791932059447986,LOW
2109,706854,Boridand-Ambikapur 118.81 km Umbrella work PB57/2019-20/NR,CAOC/SECR SECR mor,Ministry of Railways,Railways,Chhattisgarh,06/2022,03/2024,06/2030,06/2030,,1376.0,1576.72,499.37,38.0,2022-06-01,2024-03-01,2030-06-01,2030-06-01,,0.14587209302325582,75.0,75.0,0.0,,0.0,0.31671444517733016,2022,36.21052631578947,1,0.3629142441860465,LOW
2110,706856,Rourkela - Bondamunda 5th Line Doubling Project,South Eastern Railway [SER] - I,Ministry of Petroleum & Natural Gas,Oil & Gas,Odisha,03/2022,,09/2026,09/2026,,245.0,245.0,82.0,35.0,2022-03-01,,2026-09-01,2026-09-01,,0.0,,,0.0,,0.0,0.3346938775510204,2022,7.0,0,0.3346938775510204,LOW
2111,706860,"Barauni-Bachwara 16 km - 3rd & 4th line incl Barauni yard remodelling 32 km
Umbrella work PB57/2019-20/NR",CAO/Con/North/MHX ECR mor,Ministry of Railways,Railways,Bihar,10/2022,02/2025,08/2025,10/2026,,645.0,485.58,228.43,38.0,2022-10-01,2025-02-01,2025-08-01,2026-10-01,,-0.24716279069767444,5.946123521681997,19.940867279894874,13.994743758212877,,13.994743758212877,0.4704271180855884,2022,16.973684210526315,0,0.35415503875968996,LOW
2112,706865,Chandorgaon-Cansaulim rail flyover 16 km Umbrella work PB57/2019-20/NR,CAOC/SWR SWR mor,Ministry of Railways,Railways,Goa,01/2022,,03/2031,-,,1892.0,1892.0,0.0,0.0,2022-01-01,,2031-03-01,,,0.0,,,0.0,,0.0,0.0,2022,1892.0,1,0.0,LOW
2113,706866,Sawaimadhopur - Bypass line 6.98 km Umbrella work PB57/2019-20/NR,CAOC/NWR NWR mor,Ministry of Railways,Railways,Rajasthan,12/2022,04/2024,03/2026,05/2027,,304.0,239.0,188.07,72.0,2022-12-01,2024-04-01,2026-03-01,2027-05-01,,-0.2138157894736842,22.963206307490143,36.957950065703024,13.99474375821288,,13.99474375821288,0.7869037656903766,2022,4.222222222222222,0,0.6186513157894736,LOW
2114,706898,Khurda Road - Balangir Electrification of Railway Track Project,Ministry of Railways,Ministry of Railways,Railways,Odisha,09/2018,09/2019,03/2021,-,,267.61,267.61,0.0,0.0,2018-09-01,2019-09-01,2021-03-01,,,0.0,17.969776609724047,,0.0,,0.0,0.0,2018,267.61,0,0.0,LOW
2115,706922,Guwahati-Dibrugarh via Tinsukia & Simaluguri-Dibrugarh,Central Organisation for Railway Electrification [CORE],Ministry of Railways,Railways,Assam,09/2020,09/2018,09/2020,06/2024,,890.36,889.36,391.73,89.0,2020-09-01,2018-09-01,2020-09-01,2024-06-01,,-0.001123141201311829,24.014454664914584,68.98817345597897,44.973718791064385,,44.973718791064385,0.44046280471350185,2020,10.004044943820224,0,0.43996810278988274,MEDIUM
2116,706940,"Mariani-Jorhat, Tinsukia-Dangri and Makum -TirapTrack Electrification Project",GM/C/ NFR,Ministry of Railways,Railways,Assam,09/2018,01/2022,05/2024,-,,183.99,183.99,0.0,0.0,2018-09-01,2022-01-01,2024-05-01,,,0.0,27.95663600525624,,0.0,,0.0,0.0,2018,183.99,0,0.0,LOW
2117,706942,Harmuty-Murkongselek Branch Line Electrification Project,GM/C/ NFR,Ministry of Railways,Railways,Assam,09/2018,01/2022,05/2024,-,,237.52,237.52,0.0,0.0,2018-09-01,2022-01-01,2024-05-01,,,0.0,27.95663600525624,,0.0,,0.0,0.0,2018,237.52,0,0.0,LOW
2118,706950,Hospet-Hubli-Vasco da Gama Line Electrification Project,RVNL,Ministry of Railways,Railways,"Multi-States (Goa,
Karnataka)",07/2015,05/2018,03/2023,06/2026,,744.49,1122.62,1163.32,99.7,2015-07-01,2018-05-01,2023-03-01,2026-06-01,,0.5079047401576917,57.98291721419185,97.01051248357425,39.027595269382395,,39.027595269382395,1.0362544761361814,2015,7.467301905717151,0,1.5625730365753736,HIGH
2119,706965,Establishment of new GMC Saran [Chhapara],"Medical Education, Ministry of Health and Family Welfare",Ministry of Health & Family Welfare,Healthcare,Bihar,01/1900,,01/1900,-,,189.0,189.0,113.4,0.0,1900-01-01,,1900-01-01,,,0.0,,,0.0,,0.0,0.6,1900,189.0,0,0.6,MEDIUM
2120,706966,Establishment of new GMC Samastipur,"Medical Education, Ministry of Health and Family Welfare",Ministry of Health & Family Welfare,Healthcare,Bihar,01/1900,,01/1900,-,,189.0,189.0,113.4,0.0,1900-01-01,,1900-01-01,,,0.0,,,0.0,,0.0,0.6,1900,189.0,0,0.6,MEDIUM
2121,706988,Establishment of new GMC Gondia,"Medical Education, Ministry of Health and Family Welfare",Ministry of Health & Family Welfare,Healthcare,Maharashtra,07/2021,01/1900,01/1900,-,,189.0,189.0,113.4,40.14,2021-07-01,1900-01-01,1900-01-01,,,0.0,0.0,,0.0,,0.0,0.6,2021,4.708520179372197,0,0.6,LOW
2122,706989,Establishment of new GMC West Garo Hills [Tura],"Medical Education, Ministry of Health and Family Welfare",Ministry of Health & Family Welfare,Healthcare,Meghalaya,01/1900,,01/1900,-,,189.0,189.0,170.1,0.0,1900-01-01,,1900-01-01,,,0.0,,,0.0,,0.0,0.9,1900,189.0,0,0.9,MEDIUM
2123,707016,Establishment of new GMC Sitamarhi,"Medical Education, Ministry of Health and Family Welfare",Ministry of Health & Family Welfare,Healthcare,Bihar,01/1900,,01/1900,-,,250.0,250.0,150.0,0.0,1900-01-01,,1900-01-01,,,0.0,,,0.0,,0.0,0.6,1900,250.0,0,0.6,MEDIUM
2124,707017,Establishment of new GMC Jhanjharpur,"Medical Education, Ministry of Health and Family Welfare",Ministry of Health & Family Welfare,Healthcare,Bihar,01/1900,,01/1900,-,,250.0,250.0,150.0,0.0,1900-01-01,,1900-01-01,,,0.0,,,0.0,,0.0,0.6,1900,250.0,0,0.6,MEDIUM
2125,707018,Establishment of new GMC Siwan,"Medical Education, Ministry of Health and Family Welfare",Ministry of Health & Family Welfare,Healthcare,Bihar,01/1900,,01/1900,-,,250.0,250.0,150.0,0.0,1900-01-01,,1900-01-01,,,0.0,,,0.0,,0.0,0.6,1900,250.0,0,0.6,MEDIUM
2126,707019,Establishment of new GMC Buxar,"Medical Education, Ministry of Health and Family Welfare",Ministry of Health & Family Welfare,Healthcare,Bihar,01/1900,,01/1900,-,,250.0,250.0,150.0,0.0,1900-01-01,,1900-01-01,,,0.0,,,0.0,,0.0,0.6,1900,250.0,0,0.6,MEDIUM
2127,707020,Establishment of new GMC Jamui,"Medical Education, Ministry of Health and Family Welfare",Ministry of Health & Family Welfare,Healthcare,Bihar,03/2019,10/2022,10/2025,-,,250.0,500.0,103.21,50.0,2019-03-01,2022-10-01,2025-10-01,,,1.0,36.00525624178712,,0.0,,0.0,0.20642,2019,5.0,0,0.41284,MEDIUM
2128,707021,Establishment of new GMC Koderma,"Medical Education, Ministry of Health and Family Welfare",Ministry of Health & Family Welfare,Healthcare,Jharkhand,09/2023,02/2024,08/2026,-,,250.0,504.8,271.0,40.0,2023-09-01,2024-02-01,2026-08-01,,,1.0192,29.96057818659658,,0.0,,0.0,0.5368462757527733,2023,6.25,0,1.084,MEDIUM
2129,707022,Establishment of new GMC Chaibasa [Singhbhum],"Medical Education, Ministry of Health and Family Welfare",Ministry of Health & Family Welfare,Healthcare,Jharkhand,06/2018,03/2023,09/2025,-,,250.0,454.1,65.0,57.0,2018-06-01,2023-03-01,2025-09-01,,,0.8164000000000001,30.059132720105122,,0.0,,0.0,0.14314027747192248,2018,4.385964912280702,0,0.26,MEDIUM
2130,707039,Establishment of new GMC Gangtok,"Medical Education, Ministry of Health and Family Welfare",Ministry of Health & Family Welfare,Healthcare,Sikkim,10/2018,12/2018,12/2026,07/2026,,250.0,635.21,667.21,92.0,2018-10-01,2018-12-01,2026-12-01,2026-07-01,,1.5408400000000002,95.99211563731932,90.9658344283837,-5.026281208935615,,-5.026281208935615,1.0503770406637174,2018,2.717391304347826,0,2.6688400000000003,MEDIUM
2131,707044,Establishment of new GMC Korba,"Medical Education, Ministry of Health and Family Welfare",Ministry of Health & Family Welfare,Healthcare,Chhattisgarh,02/2023,10/2023,12/2026,-,,325.0,322.85,179.49,55.0,2023-02-01,2023-10-01,2026-12-01,,,-0.006615384615384546,38.009198423127465,,0.0,,0.0,0.5559547777605699,2023,5.909090909090909,0,0.5522769230769231,LOW
2132,707045,Establishment of new GMC Mahasamund,"Medical Education, Ministry of Health and Family Welfare",Ministry of Health & Family Welfare,Healthcare,Chhattisgarh,10/2023,10/2023,05/2026,-,,325.0,325.0,321.7,84.0,2023-10-01,2023-10-01,2026-05-01,,,0.0,30.97897503285151,,0.0,,0.0,0.9898461538461538,2023,3.869047619047619,0,0.9898461538461538,LOW
2133,707046,Establishment of new GMC Kanker,"Medical Education, Ministry of Health and Family Welfare",Ministry of Health & Family Welfare,Healthcare,Chhattisgarh,02/2020,09/2024,03/2027,-,,325.0,325.0,37.0,45.0,2020-02-01,2024-09-01,2027-03-01,,,0.0,29.927726675427067,,0.0,,0.0,0.11384615384615385,2020,7.222222222222222,0,0.11384615384615385,LOW
2134,707049,Establishment of new GMC Panchmahal,"Medical Education, Ministry of Health and Family Welfare",Ministry of Health & Family Welfare,Healthcare,Gujarat,09/2022,09/2022,03/2026,-,,325.0,663.5,467.34,88.0,2022-09-01,2022-09-01,2026-03-01,,,1.0415384615384615,41.95137976346912,,0.0,,0.0,0.7043556895252449,2022,3.6931818181818183,0,1.4379692307692307,MEDIUM
2135,707050,Establishment of new GMC Porbandar,"Medical Education, Ministry of Health and Family Welfare",Ministry of Health & Family Welfare,Healthcare,Gujarat,04/2022,10/2022,09/2024,-,,325.0,618.98,936.64,81.0,2022-04-01,2022-10-01,2024-09-01,,,0.9045538461538463,23.028909329829172,,0.0,,0.0,1.5131991340592588,2022,4.012345679012346,0,2.8819692307692306,MEDIUM-HIGH
2136,707051,Establishment of new GMc Udhampur,"Medical Education, Ministry of Health and Family Welfare",Ministry of Health & Family Welfare,Healthcare,"Jammu and
Kashmir",09/2019,01/2022,03/2027,-,,325.0,325.0,222.0,75.0,2019-09-01,2022-01-01,2027-03-01,,,0.0,61.925098554533506,,0.0,,0.0,0.683076923076923,2019,4.333333333333333,0,0.683076923076923,LOW
2137,707052,Establishment of new GMC Handwara [Distt. Kupwara],"Medical Education, Ministry of Health and Family Welfare",Ministry of Health & Family Welfare,Healthcare,"Jammu and
Kashmir",01/1900,,01/1900,-,,325.0,325.0,173.0,0.0,1900-01-01,,1900-01-01,,,0.0,,,0.0,,0.0,0.5323076923076923,1900,325.0,0,0.5323076923076923,MEDIUM
2138,707057,Establishment of new GMC Leh,"Medical Education, Ministry of Health and Family Welfare",Ministry of Health & Family Welfare,Healthcare,Ladakh,10/2019,01/1900,01/1900,-,,325.0,325.0,127.0,0.0,2019-10-01,1900-01-01,1900-01-01,,,0.0,0.0,,0.0,,0.0,0.39076923076923076,2019,325.0,0,0.39076923076923076,LOW
2139,707058,Establishment of new GMC Rajgarh,"Medical Education, Ministry of Health and Family Welfare",Ministry of Health & Family Welfare,Healthcare,Madhya Pradesh,12/2021,11/2022,04/2024,-,,325.0,325.0,179.5,86.0,2021-12-01,2022-11-01,2024-04-01,,,0.0,16.98423127463863,,0.0,,0.0,0.5523076923076923,2021,3.7790697674418605,0,0.5523076923076923,LOW
2140,707059,Establishment of new GMC Mandla,"Medical Education, Ministry of Health and Family Welfare",Ministry of Health & Family Welfare,Healthcare,Madhya Pradesh,08/2023,10/2023,04/2026,-,,325.0,325.0,89.41,45.0,2023-08-01,2023-10-01,2026-04-01,,,0.0,29.993429697766096,,0.0,,0.0,0.2751076923076923,2023,7.222222222222222,0,0.2751076923076923,LOW
2141,707067,Establishment of new GMC Mon,"Medical Education, Ministry of Health and Family Welfare",Ministry of Health & Family Welfare,Healthcare,Nagaland,01/1900,,01/1900,-,,325.0,325.0,155.0,0.0,1900-01-01,,1900-01-01,,,0.0,,,0.0,,0.0,0.47692307692307695,1900,325.0,0,0.47692307692307695,LOW
2142,707069,Establishment of new GMC Kapurthala,"Medical Education, Ministry of Health and Family Welfare",Ministry of Health & Family Welfare,Healthcare,Punjab,11/2019,07/2027,12/2028,-,,325.0,550.0,50.0,0.0,2019-11-01,2027-07-01,2028-12-01,,,0.6923076923076923,17.04993429697766,,0.0,,0.0,0.09090909090909091,2019,325.0,0,0.15384615384615385,MEDIUM
2143,707070,Establishment of new GMC Hoshiarpur,"Medical Education, Ministry of Health and Family Welfare",Ministry of Health & Family Welfare,Healthcare,Punjab,01/2020,03/2026,12/2028,-,,325.0,374.75,2.04,5.0,2020-01-01,2026-03-01,2028-12-01,,,0.15307692307692308,33.04862023653088,,0.0,,0.0,0.0054436290860573715,2020,65.0,0,0.006276923076923077,LOW
2144,707086,Establishment of new GMC Rudrapur,"Medical Education, Ministry of Health and Family Welfare",Ministry of Health & Family Welfare,Healthcare,Uttarakhand,10/2022,02/2024,12/2026,-,,325.0,325.0,353.01,95.0,2022-10-01,2024-02-01,2026-12-01,,,0.0,33.96846254927726,,0.0,,0.0,1.0861846153846153,2022,3.4210526315789473,0,1.0861846153846153,LOW
2145,707087,Establishment of new GMC Pithoragarh,"Medical Education, Ministry of Health and Family Welfare",Ministry of Health & Family Welfare,Healthcare,Uttarakhand,08/2021,04/2023,12/2026,-,,325.0,768.89,470.08,78.0,2021-08-01,2023-04-01,2026-12-01,,,1.3658153846153847,44.021024967148485,,0.0,,0.0,0.6113748390537008,2021,4.166666666666667,0,1.4464,MEDIUM
2146,707215,National Maritime Heritage Complex [NMHC] Phase-I,Indian Port Rail & Ropeway Corporation Ltd. [IPRCL],"Ministry of Ports, Shipping and Waterways","Tourism, Hospitality & Wellness",Gujarat,02/2019,01/2022,11/2026,03/2026,,573.0,1238.05,656.38,79.87,2019-02-01,2022-01-01,2026-11-01,2026-03-01,,1.1606457242582897,57.98291721419185,49.93429697766097,-8.04862023653088,,-8.04862023653088,0.5301724486086992,2019,7.174158006760986,0,1.1455148342059336,MEDIUM
2147,707229,"Integrated Command control Center [ICCC] - Construction and Development of
Integrated Command Control Center with Security, Surveillance, ITMS, Connecting
Port, Ship Service, Smart Solid Waste Management, Smart Public Transport System",ministry of housing and urban affairs,Ministry of Housing & Urban Affairs,Real Estate,"Andaman &
Nicobar",07/2021,11/2021,05/2023,10/2025,,209.88,230.0,37.35,97.0,2021-07-01,2021-11-01,2023-05-01,2025-10-01,,0.09586430341147324,17.936925098554532,46.97766097240473,29.040735873850196,,29.040735873850196,0.1623913043478261,2021,2.1637113402061856,0,0.177958833619211,MEDIUM
2148,707267,Upgradation of Sewerage system in Gandhinagar City,ministry of housing and urban affairs,Ministry of Housing & Urban Affairs,Waste & Water,Gujarat,07/2020,03/2021,06/2023,,03/2026,200.0,200.0,100.0,100.0,2020-07-01,2021-03-01,2023-06-01,,2026-03-01,0.0,27.003942181340342,,0.0,59.98685939553219,32.98291721419185,0.5,2020,2.0,0,0.5,MEDIUM
2149,707410,"Integrated Multi Modal Logistics Hub at Nangal Chaudhary in Haryana - Other Trunk
Infrastructure Development Phase 1",NICDC,Department for Promotion of Industry & Internal Trade,Logistics Infrastructure,Haryana,05/2018,12/2021,12/2023,05/2028,,763.0,763.0,430.0,60.0,2018-05-01,2021-12-01,2023-12-01,2028-05-01,,0.0,23.98160315374507,76.97109067017082,52.989487516425754,,52.989487516425754,0.563564875491481,2018,12.716666666666667,0,0.563564875491481,MEDIUM
2150,707414,"Multi Modal Transport Hub [MMTH] Project at Boraki in Greater Noida - Infrastructure
Development - Phase 1",National Industrial Corridor Development Corporation,Department for Promotion of Industry & Internal Trade,Logistics Infrastructure,Uttar Pradesh,12/2020,11/2026,03/2030,-,,1480.0,1480.0,0.0,0.0,2020-12-01,2026-11-01,2030-03-01,,,0.0,39.94743758212878,,0.0,,0.0,0.0,2020,1480.0,1,0.0,LOW
2151,707419,IMC at Prayagraj,National Industrial Corridor Development Corporation,Department for Promotion of Industry & Internal Trade,Real Estate,Uttar Pradesh,08/2024,04/2026,06/2027,-,,658.0,658.0,75.63,27.79,2024-08-01,2026-04-01,2027-06-01,,,0.0,13.994743758212877,,0.0,,0.0,0.11493920972644377,2024,23.67758186397985,0,0.11493920972644377,LOW
2152,707420,Gaya Integrated Manufacturing Cluster IMC in Bihar,National Industrial Corridor Development Corporation,Department for Promotion of Industry & Internal Trade,Real Estate,Bihar,08/2024,04/2026,04/2029,-,,1339.02,1339.02,0.0,5.0,2024-08-01,2026-04-01,2029-04-01,,,0.0,36.00525624178712,,0.0,,0.0,0.0,2024,267.804,1,0.0,LOW
2153,708655,Operationalization of Coastal Berth & Shallow Water Berth through PPP,Jawaharlal Nehru Port Authority [JNPA],"Ministry of Ports, Shipping and Waterways",Shipping,Maharashtra,07/2021,,,,01/2026,366.8,366.8,376.86,100.0,2021-07-01,,,,2026-01-01,0.0,,,0.0,,0.0,1.0274263904034897,2021,3.668,0,1.0274263904034897,LOW
2154,708662,"Establishment of 600 bed super specialty hospital with optional development of
Medical college and further expansion on PPP basis",Mumbai Port Trust [MPT],"Ministry of Ports, Shipping and Waterways",Healthcare,Maharashtra,08/2019,01/2022,06/2026,12/2027,,693.0,693.0,58.0,11.0,2019-08-01,2022-01-01,2026-06-01,2027-12-01,,0.0,52.95663600525624,70.9592641261498,18.00262812089356,,18.00262812089356,0.0836940836940837,2019,63.0,0,0.0836940836940837,LOW
2155,708687,Amended BharatNet Program - UP (West),Department of Telecommunications,Department of Telecommunications,Telecommunication,Uttar Pradesh,08/2023,02/2025,02/2028,-,,1917.0,1917.0,0.0,7.2,2023-08-01,2025-02-01,2028-02-01,,,0.0,35.972404730617605,,0.0,,0.0,0.0,2023,266.25,1,0.0,LOW
2156,709747,Bagodara Solar Power Project,Satluj Jal Vidyut Nigam [SJVN] Thermal Limited,Ministry of Power,Electricity Generation,Gujarat,03/2021,05/2021,12/2025,12/2025,,339.35,339.35,370.0,51.86,2021-03-01,2021-05-01,2025-12-01,2025-12-01,,0.0,55.02628120893561,55.02628120893561,0.0,,0.0,1.0903197288934727,2021,6.543578866178173,0,1.0903197288934727,LOW
2157,709748,BIKANER SOLAR POWER PROJECT,Satluj Jal Vidyut Nigam [SJVN] Thermal Limited,Ministry of Power,Electricity Generation,Rajasthan,10/2021,05/2022,04/2024,12/2025,12/2025,5491.89,5491.89,5523.11,100.0,2021-10-01,2022-05-01,2024-04-01,2025-12-01,2025-12-01,0.0,23.028909329829172,43.03547963206307,20.0065703022339,43.03547963206307,20.0065703022339,1.005684746052816,2021,54.9189,1,1.005684746052816,LOW
2158,709749,"PHASE-I OF CONSOLIDATION OF EXISTING CDR DATA CENTERS AND NIB-P3
DATA CENTERS WITH STATE OF THE ART",BSNL,Department of Telecommunications,Telecommunication,"Multi-States
(Maharashtra,
Telangana)",03/2020,03/2020,06/2021,12/2025,,461.42,461.42,166.02,81.0,2020-03-01,2020-03-01,2021-06-01,2025-12-01,,0.0,15.013140604467806,69.02102496714849,54.007884362680684,,54.007884362680684,0.3598023492696459,2020,5.696543209876544,0,0.3598023492696459,MEDIUM
2159,709750,"Laying of new 28 inch Desal Water Pipeline and 10 inch Reject Water Pipeline
between CPCL Manali Refinery and CPCL Desalination plant at Ennore",Chennai Petroleum Corporation Limited [CPCL],Ministry of Petroleum & Natural Gas,Oil & Gas,Tamil Nadu,01/2024,01/2024,09/2025,12/2026,,205.0,205.0,117.88,76.9,2024-01-01,2024-01-01,2025-09-01,2026-12-01,,0.0,20.006570302233904,34.98685939553219,14.980289093298289,,14.980289093298289,0.5750243902439024,2024,2.6657997399219764,0,0.5750243902439024,LOW
2160,709752,HP-COAT [Crude to Olefins and Aromatics Technology] demo unit at Visakh Refinery,Hindustan Petroleum Corporation Limited,Ministry of Petroleum & Natural Gas,Oil & Gas,Andhra Pradesh,09/2021,09/2021,06/2024,02/2027,,160.0,220.0,158.94,94.0,2021-09-01,2021-09-01,2024-06-01,2027-02-01,,0.375,32.98291721419185,65.01314060446781,32.03022339027596,,32.03022339027596,0.7224545454545455,2021,1.702127659574468,0,0.993375,MEDIUM-HIGH
2161,709753,Haldia Panagarh Pipeline Project,Hindustan Petroleum Corporation Limited,Ministry of Petroleum & Natural Gas,Oil & Gas,West Bengal,11/2022,11/2022,11/2025,08/2026,,1010.0,1107.0,884.2,98.3,2022-11-01,2022-11-01,2025-11-01,2026-08-01,,0.09603960396039604,36.00525624178712,44.973718791064385,8.968462549277262,,8.968462549277262,0.7987353206865402,2022,10.274669379450662,1,0.8754455445544554,LOW
2162,709754,"Construction of LPG Facilities at Kamardanga, Assam",Hindustan Petroleum Corporation Limited,Ministry of Petroleum & Natural Gas,Energy Storage,Assam,03/2023,03/2023,07/2027,-,,156.36,156.36,114.1,83.8,2023-03-01,2023-03-01,2027-07-01,,,0.0,52.00394218134034,,0.0,,0.0,0.7297262727040162,2023,1.8658711217183772,0,0.7297262727040162,LOW
2163,709755,"Setting up of new rail fed POL facility at Kamardanga, Assam",Hindustan Petroleum Corporation Limited,Ministry of Petroleum & Natural Gas,Energy Storage,Assam,03/2023,03/2023,07/2027,-,,384.04,384.04,250.07,87.5,2023-03-01,2023-03-01,2027-07-01,,,0.0,52.00394218134034,,0.0,,0.0,0.6511561295698364,2023,4.389028571428572,0,0.6511561295698364,LOW
2164,709757,"CGD Project in Banka, Dumka, Godda, Jamtara, Pakur, Sahibganj GA ID 11A.02",Hindustan Petroleum Corporation Limited,Ministry of Petroleum & Natural Gas,Oil & Gas,"Multi-States (Bihar,
Jharkhand)",06/2022,06/2022,06/2030,05/2026,05/2026,1377.0,1377.0,377.51,100.0,2022-06-01,2022-06-01,2030-06-01,2026-05-01,2026-05-01,0.0,95.99211563731932,46.97766097240473,-49.01445466491459,46.97766097240473,-49.01445466491459,0.2741539578794481,2022,13.77,1,0.2741539578794481,LOW
2165,709758,"CGD Project in Malda, Birbhum, Murshidabad, Dakshin Dinajpur GA ID 11A.03",Hindustan Petroleum Corporation Limited,Ministry of Petroleum & Natural Gas,Oil & Gas,West Bengal,06/2022,06/2022,06/2030,05/2026,05/2026,2628.0,2628.0,390.91,100.0,2022-06-01,2022-06-01,2030-06-01,2026-05-01,2026-05-01,0.0,95.99211563731932,46.97766097240473,-49.01445466491459,46.97766097240473,-49.01445466491459,0.148748097412481,2022,26.28,1,0.148748097412481,LOW
2166,709759,"Petrochemical evacuation marketing terminal at Barmer, Rajasthan",Hindustan Petroleum Corporation Limited,Ministry of Petroleum & Natural Gas,Energy Storage,Rajasthan,12/2023,12/2023,12/2026,-,,461.05,461.05,252.18,97.5,2023-12-01,2023-12-01,2026-12-01,,,0.0,36.00525624178712,,0.0,,0.0,0.5469688753931244,2023,4.728717948717949,0,0.5469688753931244,LOW
2167,709760,HP TDAE Unit in Mumbai Refinery,Hindustan Petroleum Corporation Limited,Ministry of Petroleum & Natural Gas,Oil & Gas,Maharashtra,06/2024,06/2024,06/2026,,04/2026,240.0,240.0,160.8,100.0,2024-06-01,2024-06-01,2026-06-01,,2026-04-01,0.0,23.98160315374507,,0.0,21.97766097240473,-2.0039421813403386,0.67,2024,2.4,0,0.67,LOW
2168,709761,HP Trijet Unit in Visakh Refinery,Hindustan Petroleum Corporation Limited,Ministry of Petroleum & Natural Gas,Oil & Gas,Andhra Pradesh,07/2024,07/2024,07/2027,11/2025,11/2025,193.0,193.0,0.43,100.0,2024-07-01,2024-07-01,2027-07-01,2025-11-01,2025-11-01,0.0,35.972404730617605,16.031537450722734,-19.94086727989487,16.031537450722734,-19.94086727989487,0.002227979274611399,2024,1.93,0,0.002227979274611399,LOW
2169,709766,"City Gas Distribution Project at Kurnool, Guntur & Prakasam Districts",MinistryofPetroleumNaturalGas,Ministry of Petroleum & Natural Gas,Oil & Gas,Andhra Pradesh,03/2022,03/2022,03/2030,03/2026,03/2026,1420.0,1420.0,171.55,100.0,2022-03-01,2022-03-01,2030-03-01,2026-03-01,2026-03-01,0.0,95.99211563731932,47.99605781865966,-47.99605781865966,47.99605781865966,-47.99605781865966,0.12080985915492959,2022,14.2,1,0.12080985915492959,LOW
2170,709770,City Gas Distribution Project at Pathankot District,Indian Oil Corporation Limited [IOCL],Ministry of Petroleum & Natural Gas,Oil & Gas,Punjab,03/2022,03/2022,09/2033,-,,151.0,151.0,9.02,2.0,2022-03-01,2022-03-01,2033-09-01,,,0.0,138.04204993429698,,0.0,,0.0,0.05973509933774834,2022,75.5,0,0.05973509933774834,LOW
2171,709771,"City Gas Distribution Project at Beed, Jalgaon and Jalna Districts",Indian Oil Corporation Limited [IOCL],Ministry of Petroleum & Natural Gas,Oil & Gas,Maharashtra,03/2022,03/2022,09/2031,-,,865.0,865.0,89.23,3.4,2022-03-01,2022-03-01,2031-09-01,,,0.0,114.02759526938239,,0.0,,0.0,0.10315606936416186,2022,254.41176470588235,0,0.10315606936416186,LOW
2172,709772,"City Gas Distribution Project at East Mednipore, West Mednipore & Jhargram Districts",Indian Oil Corporation Limited [IOCL],Ministry of Petroleum & Natural Gas,Oil & Gas,West Bengal,03/2022,03/2022,06/2031,-,,609.0,609.0,64.44,3.0,2022-03-01,2022-03-01,2031-06-01,,,0.0,111.00525624178712,,0.0,,0.0,0.1058128078817734,2022,203.0,0,0.1058128078817734,LOW
2173,709773,"City Gas Distribution Project at Jammu, Udhampur, Reasi, Samba and Kathua
Districts",Indian Oil Corporation Limited [IOCL],Ministry of Petroleum & Natural Gas,Oil & Gas,"Jammu and
Kashmir",03/2022,03/2022,09/2034,-,,538.0,538.0,4.45,0.6,2022-03-01,2022-03-01,2034-09-01,,,0.0,150.0328515111695,,0.0,,0.0,0.008271375464684014,2022,896.6666666666667,0,0.008271375464684014,LOW
2174,709774,Revamping/ Augmentation of facilities at existing port terminal at Mangalore,Indian Oil Corporation Limited [IOCL],Ministry of Petroleum & Natural Gas,Oil & Gas,Karnataka,01/2022,01/2022,12/2025,06/2027,,463.0,500.62,327.65,85.6,2022-01-01,2022-01-01,2025-12-01,2027-06-01,,0.0812526997840173,46.97766097240473,64.94743758212877,17.969776609724043,,17.969776609724043,0.6544884343414166,2022,5.408878504672898,0,0.7076673866090712,LOW
2175,709776,Augmentation/Revamping of Facilities at existing Guwahati Terminal at Betkuchi,Indian Oil Corporation Limited [IOCL],Ministry of Petroleum & Natural Gas,Oil & Gas,Assam,04/2022,04/2022,09/2026,-,,277.0,323.09,236.16,84.3,2022-04-01,2022-04-01,2026-09-01,,,0.1663898916967508,53.022339027595265,,0.0,,0.0,0.7309418428301712,2022,3.2858837485172008,0,0.8525631768953068,LOW
2176,709777,"Installation of Bitumen Manufacturing Unit along with allied facilities at Barauni
Refinery",Indian Oil Corporation Limited [IOCL],Ministry of Petroleum & Natural Gas,Oil & Gas,Bihar,01/2022,01/2022,04/2025,06/2027,,389.35,410.3,124.57,66.3,2022-01-01,2022-01-01,2025-04-01,2027-06-01,,0.05380762809811221,38.96189224704336,64.94743758212877,25.985545335085412,,25.985545335085412,0.30360711674384594,2022,5.872549019607844,0,0.31994349556953894,MEDIUM
2177,709778,Installation of new Biturox Unit along with allied facilities at Gujarat Refinery,Indian Oil Corporation Limited [IOCL],Ministry of Petroleum & Natural Gas,Oil & Gas,Gujarat,01/2022,01/2022,08/2025,12/2026,,328.29,344.36,218.17,87.7,2022-01-01,2022-01-01,2025-08-01,2026-12-01,,0.048950622924853006,42.96977660972404,58.96846254927726,15.99868593955322,,15.99868593955322,0.6335520966430479,2022,3.7433295324971496,0,0.6645648664290718,LOW
2178,709779,Capacity Expansion of Digboi Refinery from 0.65 to 1.0 MMTPA,Indian Oil Corporation Limited [IOCL],Ministry of Petroleum & Natural Gas,Oil & Gas,Assam,06/2022,06/2022,03/2026,07/2027,,768.0,740.0,250.84,60.1,2022-06-01,2022-06-01,2026-03-01,2027-07-01,,-0.036458333333333336,44.973718791064385,60.972404730617605,15.99868593955322,,15.99868593955322,0.33897297297297296,2022,12.778702163061563,0,0.3266145833333333,LOW
2179,709780,Construction of Additional Tankages and Allied Facilities at JNPT Terminal,Indian Oil Corporation Limited [IOCL],Ministry of Petroleum & Natural Gas,Oil & Gas,Maharashtra,04/2022,04/2022,08/2026,-,,341.43,436.14,305.01,72.9,2022-04-01,2022-04-01,2026-08-01,,,0.2773921448027413,52.00394218134034,,0.0,,0.0,0.699339661576558,2022,4.683539094650206,0,0.8933309902469027,LOW
2180,709781,Revamping / Augmentation of Facilities at Mathura Bitumen Plant,Indian Oil Corporation Limited [IOCL],Ministry of Petroleum & Natural Gas,Oil & Gas,Uttar Pradesh,04/2022,04/2022,06/2027,12/2026,,260.12,260.12,23.58,57.3,2022-04-01,2022-04-01,2027-06-01,2026-12-01,,0.0,61.990801576872535,56.01182654402102,-5.978975032851515,,-5.978975032851515,0.09065046901430109,2022,4.539616055846422,0,0.09065046901430109,LOW
2181,709782,"ATF Pipeline from Jawaharlal Nehru Port Trust to Navi Mumbai International
Airport",Indian Oil Corporation Limited [IOCL],Ministry of Petroleum & Natural Gas,Oil & Gas,Maharashtra,08/2022,08/2022,06/2026,,08/2025,165.0,165.0,103.36,100.0,2022-08-01,2022-08-01,2026-06-01,,2025-08-01,0.0,45.992115637319316,,0.0,36.00525624178712,-9.986859395532193,0.6264242424242424,2022,1.65,0,0.6264242424242424,LOW
2182,709783,"Installation of Multiple Effect Evaporator [MEE] for ETP-1, 2 & 4 of Panipat Refinery
and Petrochemical Complex",Indian Oil Corporation Limited [IOCL],Ministry of Petroleum & Natural Gas,Oil & Gas,Haryana,12/2020,12/2020,06/2023,10/2026,,165.13,247.69,193.38,92.5,2020-12-01,2020-12-01,2023-06-01,2026-10-01,,0.4999697208260159,29.96057818659658,69.97371879106439,40.01314060446781,,40.01314060446781,0.7807339819936211,2020,1.7851891891891891,0,1.1710773330103554,MEDIUM-HIGH
2183,709785,Laying of Natural Gas Pipeline from Hazaribagh to Ranchi [HRPL],Indian Oil Corporation Limited [IOCL],Ministry of Petroleum & Natural Gas,Oil & Gas,Jharkhand,02/2023,02/2023,02/2026,03/2027,,202.07,202.07,65.98,58.4,2023-02-01,2023-02-01,2026-02-01,2027-03-01,,0.0,36.00525624178712,48.91590013140604,12.910643889618918,,12.910643889618918,0.32652051269362103,2023,3.4601027397260276,0,0.32652051269362103,LOW
2184,709786,"Augmentation/ Revamping of Dimapur Depot, Dimapur",Indian Oil Corporation Limited [IOCL],Ministry of Petroleum & Natural Gas,Oil & Gas,Nagaland,08/2023,08/2023,11/2027,-,,227.62,227.62,28.03,43.0,2023-08-01,2023-08-01,2027-11-01,,,0.0,51.01839684625492,,0.0,,0.0,0.1231438362182585,2023,5.293488372093023,0,0.1231438362182585,LOW
2185,709789,"Installation of Independent De- Aromatized Solvents [DAS] production facilities at
MR",Bharat Petroleum Corporation Limited [BPCL],Ministry of Petroleum & Natural Gas,Oil & Gas,Maharashtra,03/2023,03/2023,07/2025,02/2026,02/2026,405.0,343.0,254.56,100.0,2023-03-01,2023-03-01,2025-07-01,2026-02-01,2026-02-01,-0.15308641975308643,28.02233902759527,35.08541392904073,7.063074901445464,35.08541392904073,7.063074901445464,0.7421574344023324,2023,4.05,0,0.6285432098765432,LOW
2186,709790,Replacement and Extension of Jetty Pipelines [REJP] at KR,Bharat Petroleum Corporation Limited [BPCL],Ministry of Petroleum & Natural Gas,Oil & Gas,Kerala,03/2023,03/2023,03/2026,02/2026,02/2026,621.87,372.0,220.0,100.0,2023-03-01,2023-03-01,2026-03-01,2026-02-01,2026-02-01,-0.4018042356119446,36.00525624178712,35.08541392904073,-0.9198423127463897,35.08541392904073,-0.9198423127463897,0.5913978494623656,2023,6.2187,0,0.3537716886165919,LOW
2187,709791,City Gas Distribution Projects at Alipurduar and Cooch Behar,Bharat Petroleum Corporation Limited [BPCL],Ministry of Petroleum & Natural Gas,Oil & Gas,West Bengal,12/2022,12/2022,03/2030,-,,1017.0,1017.0,238.41,43.8,2022-12-01,2022-12-01,2030-03-01,,,0.0,86.95795006570302,,0.0,,0.0,0.23442477876106194,2022,23.21917808219178,1,0.23442477876106194,LOW
2188,709792,"City Gas Distribution Projects at Darbhanga, Madhubani, Supaul, Sitamarhi and
Sheohar districts",Bharat Petroleum Corporation Limited [BPCL],Ministry of Petroleum & Natural Gas,Oil & Gas,Bihar,12/2022,12/2022,03/2030,-,,3638.0,3638.0,493.91,33.6,2022-12-01,2022-12-01,2030-03-01,,,0.0,86.95795006570302,,0.0,,0.0,0.13576415612974163,2022,108.27380952380952,1,0.13576415612974163,LOW
2189,709793,"City Gas Distribution Projects at Gopalganj, Siwan, West Champaran, East
Champaran and Deoria districts",Bharat Petroleum Corporation Limited [BPCL],Ministry of Petroleum & Natural Gas,Oil & Gas,Bihar,12/2022,12/2022,06/2030,-,,3919.0,3919.0,527.15,30.3,2022-12-01,2022-12-01,2030-06-01,,,0.0,89.98028909329828,,0.0,,0.0,0.13451135493748403,2022,129.33993399339934,1,0.13451135493748403,LOW
2190,709794,"City Gas Distribution Projects at Fazilka [except area already authorized], Ganganagar
and Hanumangarh districts",Bharat Petroleum Corporation Limited [BPCL],Ministry of Petroleum & Natural Gas,Oil & Gas,Rajasthan,12/2022,12/2022,06/2030,-,,3207.0,3207.0,429.3,31.1,2022-12-01,2022-12-01,2030-06-01,,,0.0,89.98028909329828,,0.0,,0.0,0.13386342376052385,2022,103.11897106109325,1,0.13386342376052385,LOW
2191,709795,"City Gas Distribution Projects at Lakhimpur Kheri , Sitapur, Bahraich,
Shravasti,Balrampur, Siddharth Nagar & Maharajganj districts",Bharat Petroleum Corporation Limited [BPCL],Ministry of Petroleum & Natural Gas,Oil & Gas,Uttar Pradesh,12/2022,12/2022,06/2030,-,,16654.0,16654.0,754.7,19.8,2022-12-01,2022-12-01,2030-06-01,,,0.0,89.98028909329828,,0.0,,0.0,0.04531644049477603,2022,841.1111111111111,1,0.04531644049477603,LOW
2192,709796,City Gas Distribution Projects at the Nilgiris and Erode districts,Bharat Petroleum Corporation Limited [BPCL],Ministry of Petroleum & Natural Gas,Oil & Gas,Tamil Nadu,12/2022,12/2022,03/2030,-,,3685.0,3685.0,303.1,25.5,2022-12-01,2022-12-01,2030-03-01,,,0.0,86.95795006570302,,0.0,,0.0,0.08225237449118047,2022,144.50980392156862,1,0.08225237449118047,LOW
2193,709797,POL & LOBS Installations with Receipt Pipelines at Rasayani,Bharat Petroleum Corporation Limited [BPCL],Ministry of Petroleum & Natural Gas,Oil & Gas,Maharashtra,05/2023,05/2023,05/2026,-,,2585.0,2585.0,1507.62,87.3,2023-05-01,2023-05-01,2026-05-01,,,0.0,36.00525624178712,,0.0,,0.0,0.5832185686653771,2023,29.610538373424973,1,0.5832185686653771,LOW
2194,709798,"Ethylene Cracker Project at Bina Refinery including downstream Petrochemical Plants
and expansion of Refinery",Bharat Petroleum Corporation Limited [BPCL],Ministry of Petroleum & Natural Gas,Oil & Gas,Madhya Pradesh,05/2023,05/2023,05/2028,-,,43367.0,43367.0,6104.0,33.5,2023-05-01,2023-05-01,2028-05-01,,,0.0,60.019710906701704,,0.0,,0.0,0.14075218484100813,2023,1294.5373134328358,1,0.14075218484100813,LOW
2195,709799,Setting up Polypropylene Unit at Kochi Refinery,Bharat Petroleum Corporation Limited [BPCL],Ministry of Petroleum & Natural Gas,Oil & Gas,Kerala,12/2023,12/2023,10/2027,-,,4460.0,4850.0,1026.0,45.2,2023-12-01,2023-12-01,2027-10-01,,,0.08744394618834081,45.992115637319316,,0.0,,0.0,0.2115463917525773,2023,98.67256637168141,1,0.23004484304932735,LOW
2196,709800,"CUF POL Depot at Sadashibpur [Meramundali], Odisha",Bharat Petroleum Corporation Limited [BPCL],Ministry of Petroleum & Natural Gas,Oil & Gas,Odisha,04/2021,04/2021,03/2026,09/2026,,393.54,393.54,233.3,86.0,2021-04-01,2021-04-01,2026-03-01,2026-09-01,,0.0,58.96846254927726,65.01314060446781,6.044678055190545,,6.044678055190545,0.5928241093662652,2021,4.576046511627907,0,0.5928241093662652,LOW
2197,709808,PACHORA-JAMNER WITH EXTENSION UPTO MALKAPUR NG TO BG,CR,Ministry of Railways,Railways,Maharashtra,08/2022,01/2022,08/2027,03/2028,,955.39,2093.82,130.42,11.0,2022-08-01,2022-01-01,2027-08-01,2028-03-01,,1.191586681878605,66.95137976346912,73.94875164257556,6.9973718791064385,,6.9973718791064385,0.06228806678702084,2022,86.85363636363637,0,0.13650969761039994,MEDIUM
2198,709809,KALYAN-MURBAD VIA ULHASNAGAR [UMBRELLA WORK],Central Railway [CR] - II,Ministry of Railways,Railways,Maharashtra,04/2023,,03/2027,03/2027,,726.46,836.12,9.29,0.0,2023-04-01,,2027-03-01,2027-03-01,,0.1509511879525369,,,0.0,,0.0,0.01111084533320576,2023,726.46,0,0.012788040635410069,LOW
2199,709810,KODINGAMALI BAUXITE MINES TO SINGARAM RAILWAY STATION,Indian Railway,Ministry of Railways,Railways,Odisha,08/2022,01/2026,08/2027,08/2027,,190.9,190.9,0.0,0.0,2022-08-01,2026-01-01,2027-08-01,2027-08-01,,0.0,18.95532194480946,18.95532194480946,0.0,,0.0,0.0,2022,190.9,0,0.0,LOW
2200,709811,GANDHAMARDAN IRON ORE MINES TO GOALDIH STATION/12.76kms,East Coast Railway [ECoR] - II,Ministry of Railways,Railways,Odisha,09/2022,05/2025,09/2027,09/2027,,190.0,189.93,3.4,5.0,2022-09-01,2025-05-01,2027-09-01,2027-09-01,,-0.000368421052631543,28.02233902759527,28.02233902759527,0.0,,0.0,0.017901332069709893,2022,38.0,0,0.017894736842105262,LOW
2201,709812,Nadiad-Petlad 37.26 km,CAOCWR WR mor,Ministry of Railways,Railways,Gujarat,05/2022,05/2024,06/2030,06/2030,,461.91,461.91,142.21,30.0,2022-05-01,2024-05-01,2030-06-01,2030-06-01,,0.0,72.99605781865965,72.99605781865965,0.0,,0.0,0.30787382823493753,2022,15.397,0,0.30787382823493753,LOW
2202,709813,"New BG line intersection 5 nos between Geratpur-Sanand & Botad-Ahmedabad 16.51
km PB29/NR/2022-23",CAOCWR WR mor,Ministry of Railways,Railways,Gujarat,10/2022,03/2025,10/2027,10/2027,,437.21,463.95,463.96,22.0,2022-10-01,2025-03-01,2027-10-01,2027-10-01,,0.061160540701264865,31.011826544021023,31.011826544021023,0.0,,0.0,1.0000215540467723,2022,19.873181818181816,0,1.061183413005192,MEDIUM
2203,709814,NIPANIA-BHATAPRA [14.4 KM] 4TH LINE [PB-72/NR/2022-23],SECR,Ministry of Railways,Railways,Chhattisgarh,12/2022,05/2024,12/2026,12/2026,,170.0,184.0,0.0,2.0,2022-12-01,2024-05-01,2026-12-01,2026-12-01,,0.08235294117647059,31.011826544021023,31.011826544021023,0.0,,0.0,0.0,2022,85.0,0,0.0,LOW
2204,709815,4th line - Bhatapara-Hathband 8.8 km PB72/NR/2022-23,CAOC/SECR SECR mor,Ministry of Railways,Railways,"Multi-States
(Chhattisgarh,
Maharashtra)",09/2022,03/2023,01/2027,12/2027,,177.03,177.03,21.08,3.0,2022-09-01,2023-03-01,2027-01-01,2027-12-01,,0.0,46.057818659658345,57.03022339027595,10.972404730617605,,10.972404730617605,0.11907586284810483,2022,59.01,0,0.11907586284810483,LOW
2205,709816,4th line - Bhilai-Bhilai nagar 8.8 km PB72/NR/2022-23,CAOC/SECR SECR mor,Ministry of Railways,Railways,"Multi-States
(Chhattisgarh,
Maharashtra)",09/2022,03/2023,02/2027,02/2027,,177.34,177.34,35.21,3.0,2022-09-01,2023-03-01,2027-02-01,2027-02-01,,0.0,47.07621550591327,47.07621550591327,0.0,,0.0,0.19854516747490697,2022,59.11333333333334,0,0.19854516747490697,LOW
2206,709817,4th line - Dadhapara-Belha 9.2 km PB72/NR/2022-23,CAOC/SECR SECR mor,Ministry of Railways,Railways,"Multi-States
(Chhattisgarh,
Maharashtra)",09/2022,03/2023,11/2026,11/2026,,169.06,169.06,65.43,10.0,2022-09-01,2023-03-01,2026-11-01,2026-11-01,,0.0,44.053876478318,44.053876478318,0.0,,0.0,0.3870223589258252,2022,16.906,0,0.3870223589258252,LOW
2207,709818,4th line - Rajnandgaon-Dongarhgarh 31.2 km PB72/NR/2022-23,CAOC/SECR SECR mor,Ministry of Railways,Railways,Chhattisgarh,09/2022,10/2024,01/2027,01/2027,,328.34,328.34,98.21,5.0,2022-09-01,2024-10-01,2027-01-01,2027-01-01,,0.0,27.003942181340342,27.003942181340342,0.0,,0.0,0.29911067795577756,2022,65.66799999999999,0,0.29911067795577756,LOW
2208,709819,3rd & 4th line - Saragbundia & Madwarani 12.2 km PB72/NR/2022-23,CAOC/SECR SECR mor,Ministry of Railways,Railways,Chhattisgarh,09/2022,03/2023,12/2026,12/2026,,167.64,167.64,28.44,10.0,2022-09-01,2023-03-01,2026-12-01,2026-12-01,,0.0,45.039421813403415,45.039421813403415,0.0,,0.0,0.1696492483894059,2022,16.764,0,0.1696492483894059,LOW
2209,709820,OMKARESHWAR FLOATING SOLAR POWER PROJECT [90 MW],Satluj Jal Vidyut Nigam [SJVN] Thermal Limited,Ministry of Power,Electricity Generation,Madhya Pradesh,11/2022,,08/2024,-,,646.17,646.17,0.0,0.0,2022-11-01,,2024-08-01,,,0.0,,,0.0,,0.0,0.0,2022,646.17,0,0.0,LOW
2210,709826,SCREENING PLANT-III AT KIRANDUL,National Mineral Development Corporation Limited [NMDC],Ministry of Steel,Steel,Chhattisgarh,01/2009,10/2021,01/2026,07/2027,,2718.84,3062.39,1754.7,83.42,2009-01-01,2021-10-01,2026-01-01,2027-07-01,,0.1263590354710096,51.01839684625492,68.95532194480946,17.936925098554532,,17.936925098554532,0.5729838459503852,2009,32.592184128506354,1,0.6453855320651454,LOW
2211,709827,CONSTRUCTION OF RESIDENTIAL TOWERS AT BIOM KIRANDUL COMPLEX,National Mineral Development Corporation Limited [NMDC],Ministry of Steel,Steel,Chhattisgarh,07/2021,10/2022,12/2025,03/2026,03/2026,349.75,349.75,326.85,100.0,2021-07-01,2022-10-01,2025-12-01,2026-03-01,2026-03-01,0.0,38.009198423127465,40.9658344283837,2.956636005256236,40.9658344283837,2.956636005256236,0.9345246604717656,2021,3.4975,0,0.9345246604717656,LOW
2212,709829,UTKAL D AND E COAL BLOCK,National Aluminium Company Limited [NALCO],Ministry of Mines,Metals & Mining,Odisha,02/2016,,03/2025,-,,1021.97,1021.97,0.0,0.0,2016-02-01,,2025-03-01,,,0.0,,,0.0,,0.0,0.0,2016,1021.97,1,0.0,LOW
2213,709830,"CONVERSION OF FLAT BOTTOM SETTLERS AND WASHERS WITH A SINGLE
TRAIN OF HRDS AND DCWS IN STREAMS 1 AND",Ministry of Mines,Ministry of Mines,Metals & Mining,Odisha,04/2017,,11/2026,-,,355.0,581.0,163.55,12.0,2017-04-01,,2026-11-01,,,0.6366197183098592,,,0.0,,0.0,0.2814974182444062,2017,29.583333333333332,0,0.4607042253521127,MEDIUM
2214,709831,"SOURCING OF BAUXITE ARRANGEMENT FOR 5TH STREAM ALUMINA
REFINERY FROM SOUTH BLOCK MINING LEASE OF PANCHPATMAILI MINES",National Aluminium Company Limited [NALCO],Ministry of Mines,Metals & Mining,Odisha,11/2017,11/2019,05/2025,06/2026,,483.0,483.0,453.89,93.18,2017-11-01,2019-11-01,2025-05-01,2026-06-01,,0.0,65.9658344283837,78.97503285151117,13.009198423127472,,13.009198423127472,0.9397308488612837,2017,5.183515775917578,0,0.9397308488612837,LOW
2215,709832,25.5 MW WIND POWER PROJECT AT KAYATHAR IN TAMILNADU,National Aluminium Company Limited [NALCO],Ministry of Mines,Metals & Mining,Tamil Nadu,09/2017,12/2017,03/2025,03/2026,,166.0,166.0,135.0,70.0,2017-09-01,2017-12-01,2025-03-01,2026-03-01,,0.0,86.95795006570302,98.94875164257556,11.990801576872542,,11.990801576872542,0.8132530120481928,2017,2.3714285714285714,0,0.8132530120481928,LOW
2216,709837,"Creation of Gas Dehydration Facilities, Tripura Asset",Oil and Natural Gas Corporation Limited [ONGC],Ministry of Petroleum & Natural Gas,Oil & Gas,Tripura,03/2022,03/2022,05/2024,10/2026,,209.33,131.51,81.31,71.3,2022-03-01,2022-03-01,2024-05-01,2026-10-01,,-0.37175751206229407,26.018396846254927,55.02628120893561,29.00788436268068,,29.00788436268068,0.6182799787088435,2022,2.935904628330996,0,0.3884297520661157,MEDIUM
2217,709838,Commercial Polymer Flooding Project in Bechraji field,Oil and Natural Gas Corporation Limited [ONGC],Ministry of Petroleum & Natural Gas,Oil & Gas,Gujarat,01/2022,01/2022,11/2024,05/2027,,621.4,739.02,280.45,50.0,2022-01-01,2022-01-01,2024-11-01,2027-05-01,,0.18928226585130353,34.00131406044678,63.92904073587385,29.927726675427067,,29.927726675427067,0.37948905307028225,2022,12.427999999999999,0,0.45131960090119083,MEDIUM
2218,709839,Daman Upside Development Project,Oil and Natural Gas Corporation Limited [ONGC],Ministry of Petroleum & Natural Gas,Oil & Gas,Offshore,06/2022,06/2022,10/2025,12/2026,,4144.41,6406.9,6302.5,92.9,2022-06-01,2022-06-01,2025-10-01,2026-12-01,,0.5459136523654754,40.01314060446781,54.007884362680684,13.994743758212877,,13.994743758212877,0.983705067973591,2022,44.61151776103336,1,1.5207230944814822,MEDIUM-HIGH
2219,709840,"Restoration of Gas Terminal, Phase-I [Part-A], Hazira",Oil and Natural Gas Corporation Limited [ONGC],Ministry of Petroleum & Natural Gas,Oil & Gas,Gujarat,05/2022,05/2022,02/2025,-,,249.43,249.43,219.56,97.6,2022-05-01,2022-05-01,2025-02-01,,,0.0,33.08147174770039,,0.0,,0.0,0.8802469630758128,2022,2.5556352459016396,0,0.8802469630758128,LOW
2220,709841,Old Pipe Line Replacement [OPRP] Group-A,Oil and Natural Gas Corporation Limited [ONGC],Ministry of Petroleum & Natural Gas,Oil & Gas,Gujarat,07/2021,07/2021,07/2025,11/2026,,173.03,169.84,168.22,94.6,2021-07-01,2021-07-01,2025-07-01,2026-11-01,,-0.018436109345200243,47.99605781865966,64.02759526938239,16.03153745072273,,16.03153745072273,0.9904616109279322,2021,1.8290697674418606,0,0.9722013523666416,LOW
2221,709842,"Kalol Redevelopment Project, Ahmedabad Asset",Oil and Natural Gas Corporation Limited [ONGC],Ministry of Petroleum & Natural Gas,Oil & Gas,Gujarat,08/2022,08/2022,03/2027,-,,1487.41,1487.41,946.45,66.0,2022-08-01,2022-08-01,2027-03-01,,,0.0,54.96057818659658,,0.0,,0.0,0.6363074068346992,2022,22.536515151515154,1,0.6363074068346992,LOW
2222,709845,"Revamping of SV Stations, Gas Terminal & Kribhco Terminal",Oil and Natural Gas Corporation Limited [ONGC],Ministry of Petroleum & Natural Gas,Oil & Gas,Gujarat,11/2022,11/2022,08/2026,-,,837.34,1119.86,469.99,70.9,2022-11-01,2022-11-01,2026-08-01,,,0.33740177227888296,44.973718791064385,,0.0,,0.0,0.4196863893700999,2022,11.810155148095909,0,0.5612893209448969,LOW
2223,709846,Part Replacement Pipeline Project [PRPP],Oil and Natural Gas Corporation Limited [ONGC],Ministry of Petroleum & Natural Gas,Oil & Gas,Maharashtra,11/2022,11/2022,05/2024,03/2026,03/2026,1219.48,1145.1,833.21,100.0,2022-11-01,2022-11-01,2024-05-01,2026-03-01,2026-03-01,-0.06099321022074992,17.969776609724047,39.94743758212878,21.97766097240473,39.94743758212878,21.97766097240473,0.727630774604838,2022,12.1948,1,0.6832502378062781,LOW
2224,709847,Pipeline Network Project Rudrasagar,Oil and Natural Gas Corporation Limited [ONGC],Ministry of Petroleum & Natural Gas,Oil & Gas,Assam,01/2023,01/2023,04/2026,04/2027,,481.03,481.03,238.83,55.4,2023-01-01,2023-01-01,2026-04-01,2027-04-01,,0.0,38.96189224704336,50.9526938239159,11.990801576872542,,11.990801576872542,0.4964970999729747,2023,8.682851985559566,0,0.4964970999729747,LOW
2225,709848,MHN TCPP PGC BGC Project [MTPBP],Oil and Natural Gas Corporation Limited [ONGC],Ministry of Petroleum & Natural Gas,Oil & Gas,Offshore,06/2022,06/2022,05/2026,12/2026,,2329.45,2354.23,1930.25,95.6,2022-06-01,2022-06-01,2026-05-01,2026-12-01,,0.010637704179098158,46.97766097240473,54.007884362680684,7.030223390275957,,7.030223390275957,0.8199071458608547,2022,24.36663179916318,1,0.8286290755328511,LOW
2226,709849,PRP-VIII Group B [NH & BS Asset],Oil and Natural Gas Corporation Limited [ONGC],Ministry of Petroleum & Natural Gas,Oil & Gas,Offshore,06/2024,06/2024,02/2026,12/2026,,2546.9,3348.6,3003.9,98.7,2024-06-01,2024-06-01,2026-02-01,2026-12-01,,0.3147748242962031,20.039421813403415,29.993429697766096,9.954007884362682,,9.954007884362682,0.8970614585199785,2024,25.804457953394124,1,1.1794338215085005,LOW
2227,709850,Borholla GGS Life Extension Project [BLEP],Oil and Natural Gas Corporation Limited [ONGC],Ministry of Petroleum & Natural Gas,Oil & Gas,Assam,09/2023,09/2023,05/2026,03/2027,,198.7,198.7,110.99,63.5,2023-09-01,2023-09-01,2026-05-01,2027-03-01,,0.0,31.964520367936924,41.95137976346912,9.986859395532196,,9.986859395532196,0.5585807750377454,2023,3.1291338582677164,0,0.5585807750377454,LOW
2228,709851,Integrated Development of 4 Contract Areas under DSF-II,Oil and Natural Gas Corporation Limited [ONGC],Ministry of Petroleum & Natural Gas,Oil & Gas,Offshore,05/2023,05/2023,04/2027,-,,6183.79,6183.79,2053.0,47.4,2023-05-01,2023-05-01,2027-04-01,,,0.0,47.010512483574246,,0.0,,0.0,0.3319970438840905,2023,130.4597046413502,1,0.3319970438840905,LOW
2229,709856,"MPLS-IP BASED ACCESS AND AGGREGATION NETWORK [MAAN] IN BSNL
ALONG WITH TEST AND MEASURING EQUIPMENT",BSNL,Department of Telecommunications,Telecommunication,"Multi-States
(Meghalaya, Manipur,
Assam, Mizoram,
Nagaland, Sikkim,
Arunachal Pradesh,
Tripura)",05/2023,05/2023,08/2024,08/2026,,645.13,645.13,407.9,92.1,2023-05-01,2023-05-01,2024-08-01,2026-08-01,,0.0,15.045992115637318,39.02759526938239,23.98160315374507,,23.98160315374507,0.6322756653697704,2023,7.004668838219327,0,0.6322756653697704,LOW
2230,709857,"Planning, Engineering, Supply, Installation, Testing, Commissioning, Integration &
Annual Maintenance of 4G mobile network at 1 Lakh sites on PAN India basis
including Mumbai & Delhi LSA on turnkey basis under Phase IX.2 Project",BSNL,Department of Telecommunications,Telecommunication,PAN India,05/2023,06/2023,06/2025,09/2026,,24544.55,24544.55,9165.89,98.56,2023-05-01,2023-06-01,2025-06-01,2026-09-01,,0.0,24.014454664914584,39.02759526938239,15.013140604467804,,15.013140604467804,0.3734389100635375,2023,249.03155438311688,1,0.3734389100635375,LOW
2231,709858,OPTICAL TRANSPORT NETWORK [OTN] PH-4 IN BSNL,BSNL,Department of Telecommunications,Telecommunication,PAN India,02/2024,02/2024,08/2025,10/2025,10/2025,810.99,810.99,786.86,100.0,2024-02-01,2024-02-01,2025-08-01,2025-10-01,2025-10-01,0.0,17.969776609724047,19.97371879106439,2.003942181340342,19.97371879106439,2.003942181340342,0.9702462422471301,2024,8.1099,0,0.9702462422471301,LOW
2232,709859,"SETTING UP OF PHYSICAL INFRASTRUCTURE FOR THE NATIONAL INSTITUTE
OF COMMUNICATION FINANCE [NICF] AT GHITORNI",National Communication Academy - Finance [Erstwhile NICF],Department of Telecommunications,Telecommunication,Delhi,10/2014,04/2018,02/2020,09/2026,,248.2,248.2,237.43,98.0,2014-10-01,2018-04-01,2020-02-01,2026-09-01,,0.0,22.043363994743757,101.01839684625493,78.97503285151117,,78.97503285151117,0.956607574536664,2014,2.5326530612244897,0,0.956607574536664,MEDIUM
2233,709864,DCU Revamp Project,Numaligarh Refinery Limited,Ministry of Petroleum & Natural Gas,Oil & Gas,Assam,08/2021,08/2021,07/2024,03/2027,,370.0,370.0,310.38,80.5,2021-08-01,2021-08-01,2024-07-01,2027-03-01,,0.0,34.98685939553219,66.95137976346912,31.964520367936927,,31.964520367936927,0.8388648648648649,2021,4.596273291925466,0,0.8388648648648649,MEDIUM
2234,709865,"Power Recovery Turbine [PRT] in PFCCU unit as an Energy Conservation
Scheme",Numaligarh Refinery Limited,Ministry of Petroleum & Natural Gas,Oil & Gas,Assam,04/2023,04/2023,12/2024,12/2026,,293.5,293.5,81.84,99.0,2023-04-01,2023-04-01,2024-12-01,2026-12-01,,0.0,20.039421813403415,44.021024967148485,23.98160315374507,,23.98160315374507,0.27884156729131176,2023,2.9646464646464645,0,0.27884156729131176,LOW
2235,738679,"Stamp Charge Battery No.7 Battery Proper at RSP
(Steel Authority of India Limited (SAIL))",Unknown,Ministry of Steel,Steel,Odisha,09/2024,10/2024,03/2028,-,,2584.41,2584.41,1182.92,54.16,2024-09-01,2024-10-01,2028-03-01,,,0.0,40.9658344283837,,0.0,,0.0,0.4577137528488127,2024,47.7180576070901,1,0.4577137528488127,LOW
2236,781282,Delhi-Vadodara Greenfield Alignment NH-148N Pkg-28 Ch.756052 to Ch,Unknown,Ministry of Road Transport & Highways,Roads & Highways,Gujarat,09/2020,11/2021,11/2023,04/2026,04/2026,1263.38,1266.98,935.5,100.0,2020-09-01,2021-11-01,2023-11-01,2026-04-01,2026-04-01,0.0028494989630989164,23.98160315374507,52.95663600525624,28.975032851511173,52.95663600525624,28.975032851511173,0.7383699821623072,2020,12.6338,1,0.7404739666608621,MEDIUM
2237,824920,Delhi-Vadodara Greenfield Alignment NH-148N Pkg-30 Ch 803420 to Ch,Unknown,Ministry of Road Transport & Highways,Roads & Highways,Gujarat,11/2019,09/2021,01/2026,,09/2023,1800.73,1800.73,1090.06,100.0,2019-11-01,2021-09-01,2026-01-01,,2023-09-01,0.0,52.00394218134034,,0.0,23.98160315374507,-28.022339027595272,0.6053433885146579,2019,18.0073,1,0.6053433885146579,LOW
2238,834015,"Stamp Charge Battery No.12 By-product Plant at RSP
(Steel Authority of India Limited (SAIL))",Unknown,Ministry of Steel,Steel,Odisha,09/2024,10/2024,03/2028,-,,1140.07,1140.07,207.56,22.59,2024-09-01,2024-10-01,2028-03-01,,,0.0,40.9658344283837,,0.0,,0.0,0.18205899637741543,2024,50.46790615316512,1,0.18205899637741543,LOW
2239,900808,"Transmission System for Kurnool Wind Energy Zone/ Solar Energy Zone Part-A
and Part-B",Power Grid Corporation of India Limited [POWERGRID],Ministry of Power,Transmission & Distribution,"Multi-States (Telangana,
Andhra Pradesh)",11/2022,03/2023,05/2026,,11/2024,3546.94,3546.94,3546.94,100.0,2022-11-01,2023-03-01,2026-05-01,,2024-11-01,0.0,38.009198423127465,,0.0,20.07227332457293,-17.936925098554536,1.0,2022,35.4694,1,1.0,LOW
2240,900872,DOUBLING BETWEEN JAUNPUR JN-ZAFFARABAD [6.28 KM],Northen Railway [NR],Ministry of Railways,Railways,Uttar Pradesh,01/2023,,01/2027,12/2028,,177.0,177.0,41.0,10.0,2023-01-01,,2027-01-01,2028-12-01,,0.0,,,0.0,,0.0,0.23163841807909605,2023,17.7,0,0.23163841807909605,LOW
2241,900874,Jhajha - Batia 20 km Umbrella work PB23/2018-19/NR,CAO/Con/South/MHX ECR mor,Ministry of Railways,Railways,Bihar,02/2019,04/2026,03/2028,01/2030,,588.18,588.18,26.52,0.0,2019-02-01,2026-04-01,2028-03-01,2030-01-01,,0.0,22.996057818659658,45.039421813403415,22.043363994743757,,22.043363994743757,0.045088238294399674,2019,588.18,0,0.045088238294399674,LOW
2242,914467,Amended BharatNet Program - BR,Department of Telecommunications,Department of Telecommunications,Telecommunication,PAN India,08/2023,03/2025,03/2028,-,,1550.0,1550.0,222.77,17.76,2023-08-01,2025-03-01,2028-03-01,,,0.0,36.00525624178712,,0.0,,0.0,0.1437225806451613,2023,87.27477477477477,1,0.1437225806451613,LOW
2243,938832,Amended BharatNet Program - RJ,Department of Telecommunications,Department of Telecommunications,Telecommunication,PAN India,08/2023,03/2026,03/2029,-,,2839.0,2839.0,283.93,0.0,2023-08-01,2026-03-01,2029-03-01,,,0.0,36.00525624178712,,0.0,,0.0,0.10001056710109194,2023,2839.0,1,0.10001056710109194,LOW
2244,944288,"Super accelerated cooling system (Uniform Cooling) for high strength plates in Plate
Mill at BSP
(Steel Authority of India Limited (SAIL))",Unknown,Ministry of Steel,Steel,Chhattisgarh,06/2025,06/2025,12/2026,-,,192.21,192.21,63.8,48.01,2025-06-01,2025-06-01,2026-12-01,,,0.0,18.00262812089356,,0.0,,0.0,0.3319286197388273,2025,4.0035409289731305,0,0.3319286197388273,LOW
2245,946208,Amended BharatNet Program - SKM,Department of Telecommunications,Department of Telecommunications,Telecommunication,Sikkim,08/2023,06/2026,06/2029,-,,160.0,160.0,0.0,0.0,2023-08-01,2026-06-01,2029-06-01,,,0.0,36.00525624178712,,0.0,,0.0,0.0,2023,160.0,0,0.0,LOW
2246,976009,"Amended BharatNet Program - ARP, NGL, MNP",Department of Telecommunications,Department of Telecommunications,Telecommunication,"Multi-States (Arunachal
Pradesh, Manipur,
Nagaland)",08/2023,06/2025,06/2028,-,,1168.0,1168.0,123.28,0.61,2023-08-01,2025-06-01,2028-06-01,,,0.0,36.00525624178712,,0.0,,0.0,0.10554794520547946,2023,1914.7540983606557,1,0.10554794520547946,LOW
